run_id,point_index,lambda,branch_row,from_bus_ext,to_bus_ext,PF,QF,PT,QT,RATE_A,MVA_F,MVA_T,loading_pct,status
beerten_vsc,1,0,1,1,2,98.476695250072,71.3363319225366,-95.7570770465356,-69.5482773119277,250,121.599883879623,118.348555891286,48.6399535518493,1
beerten_vsc,1,0,2,1,3,35.29647673549,12.9485487079917,-34.232652163597,-15.0660749923127,250,37.5966246301742,37.4013514438691,15.0386498520697,1
beerten_vsc,1,0,3,2,3,13.26599460532,-6.22813446782697,-13.1496763649522,2.57708918893053,250,14.6552472451922,13.3998275060049,5.86209889807688,1
beerten_vsc,1,0,4,2,4,17.0951274940039,-5.05121303818556,-16.9141955229795,1.61089733971709,250,17.8257717138244,16.990732780804,7.13030868552977,1
beerten_vsc,1,0,5,2,5,25.3441963475804,-1.44220970239927,-25.087263696291,-0.757912858952193,250,25.3851976027448,25.0987097610417,10.1540790410979,1
beerten_vsc,1,0,6,3,4,23.1533151835673,5.45216973717944,-23.0955445337366,-7.27041359345847,250,23.7865962010672,24.2128703612305,9.68514814449221,1
beerten_vsc,1,0,7,4,5,-0.0729876222709451,-0.167760538192549,0.0773013638126143,-4.74972194364157,250,0.182950242359555,4.75035093890521,1.90014037556208,1
beerten_vsc,1,0,8,4,7,40.0827276787463,5.82727679218533,-39.9999999995056,-4.99999999977831,250,40.5041011871795,40.3112887409747,16.2016404748718,1
beerten_vsc,2,0.0480032705390103,1,1,2,101.008138998479,70.6103032401433,-98.2178492546971,-68.6102340087985,250,123.241466510266,119.808639600659,49.2965866041063,1
beerten_vsc,2,0.0480032705390103,2,1,3,37.0061387310887,12.5091446416079,-35.8640241999062,-14.3918010480604,250,39.0631924380132,38.6439150348203,15.6252769752053,1
beerten_vsc,2,0.0480032705390103,3,2,3,14.598516816811,-6.6316038250275,-14.4577757484653,3.05382703006455,250,16.0341779503295,14.7767770208008,6.41367118013179,1
beerten_vsc,2,0.0480032705390103,4,2,4,18.5489478741567,-5.27593197468969,-18.3360707556321,1.93293956952151,250,19.2846811080644,18.4376719282823,7.71387244322576,1
beerten_vsc,2,0.0480032705390103,5,2,5,28.0188303692854,-1.10190217251513,-27.7047450344282,-0.922670586300141,250,28.0404893620027,27.7201049499005,11.2161957448011,1
beerten_vsc,2,0.0480032705390103,6,3,4,23.928923349536,6.4418874419777,-23.8661258433994,-8.24430680393883,250,24.7808653295861,25.249961533643,10.0999846134572,1
beerten_vsc,2,0.0480032705390103,7,4,5,0.191092283470737,0.161615972715899,-0.185441186716238,-5.06640698902513,250,0.25027181910668,5.0697996224874,2.02791984899496,1
beerten_vsc,2,0.0480032705390103,8,4,7,42.0111043111881,6.14975126746996,-41.9201308195591,-5.24001635117981,250,42.4588309553769,42.246362438553,16.9835323821508,1
beerten_vsc,3,0.095917723529024,1,1,2,103.548729064207,69.8859766213422,-100.68491727856,-67.6653412644028,250,124.925533895722,121.309731579204,49.9702135582889,1
beerten_vsc,3,0.095917723529024,2,1,3,38.7196496801138,12.0764433363307,-37.4944537422926,-13.7098555228671,250,40.5592376038596,39.922352133746,16.2236950415439,1
beerten_vsc,3,0.095917723529024,3,2,3,15.9320924429192,-7.03154942177958,-15.7646036074031,3.53401592832796,250,17.4147712267676,16.1558656679307,6.96590849070703,1
beerten_vsc,3,0.095917723529024,4,2,4,20.0029978192026,-5.49505820525599,-19.7555966070347,2.25713580290186,250,20.7440494222843,19.8841207834951,8.29761976891372,1
beerten_vsc,3,0.095917723529024,5,2,5,30.6929261351168,-0.745984323897161,-30.3158764333667,-1.08558290126651,250,30.7019902831598,30.3353070556188,12.2807961132639,1
beerten_vsc,3,0.095917723529024,6,3,4,24.7053694665273,7.44010958472776,-24.6372103934994,-9.22569538507313,250,25.8013664582009,26.3078997890694,10.5231599156277,1
beerten_vsc,3,0.095917723529024,7,4,5,0.456491574052363,0.492906144338991,-0.449204937573359,-5.3840643341648,250,0.671819190190288,5.40277094002381,2.16110837600952,1
beerten_vsc,3,0.095917723529024,8,4,7,43.9363154227022,6.47565344332391,-43.8367089399967,-5.47958861626929,250,44.4109659931104,44.177855788772,17.7643863972442,1
beerten_vsc,4,0.143734049853587,1,1,2,106.097969689912,69.1635330669899,-103.157775911736,-66.7137517324609,250,126.650596045301,122.850524627599,50.6602384181206,1
beerten_vsc,4,0.143734049853587,2,1,3,40.4366550244486,11.6505591847833,-39.1235885086889,-13.0203596375042,250,42.0815707749177,41.2332989571191,16.8326283099671,1
beerten_vsc,4,0.143734049853587,3,2,3,17.2664583798833,-7.42789351364797,-17.0699028120954,4.01756021701162,250,18.7963876059826,17.5363158078228,7.51855504239303,1
beerten_vsc,4,0.143734049853587,4,2,4,21.4569831880872,-5.7085507253967,-21.1724899024771,2.58341185722817,250,22.2033708908869,21.3295181730522,8.88134835635475,1
beerten_vsc,4,0.143734049853587,5,2,5,33.3659538585309,-0.374492766350361,-32.9201324011619,-1.2466268196153,250,33.3680554081544,32.9437277146563,13.3472221632618,1
beerten_vsc,4,0.143734049853587,6,3,4,25.4825386214708,8.44664945395307,-25.4086787254207,-10.2143791283027,250,26.8459617371537,27.3849319069512,10.9539727627805,1
beerten_vsc,4,0.143734049853587,7,4,5,0.723182279267321,0.826053511297395,-0.713956812572809,-5.702623780917,250,1.0978875227331,5.74714296993726,2.2988571879749,1
beerten_vsc,4,0.143734049853587,8,4,7,45.8579863452246,6.80491376514471,-45.7493619935071,-5.71867024797027,250,46.3601311796015,46.1053935263324,18.5440524718406,1
beerten_vsc,5,0.191446075536176,1,1,2,108.655527296483,68.443104727036,-105.636079000965,-65.7555598404816,250,128.415272443556,124.429798829032,51.3661089774225,1
beerten_vsc,5,0.191446075536176,2,1,3,42.1569103719276,11.2315739718663,-40.7511839144223,-12.3233945993504,250,43.6274379948243,42.5737600509794,17.4509751979297,1
beerten_vsc,5,0.191446075536176,3,2,3,18.6014383803776,-7.82058672053557,-18.3735027366234,4.50439365179814,250,20.1785798923612,18.9175887729665,8.07143195694447,1
beerten_vsc,5,0.191446075536176,4,2,4,22.9107046508593,-5.91638629573497,-22.5865615693295,2.91171353317887,250,23.6622909795156,22.7734678787489,9.46491639180625,1
beerten_vsc,5,0.191446075536176,5,2,5,36.0375570901492,0.0125505479473799,-35.5171597580748,-1.40579068523596,250,36.0375592755949,35.5449698935209,14.415023710238,1
beerten_vsc,5,0.191446075536176,6,3,4,26.2603635775156,9.46138071645847,-26.1804588593438,-11.2102175655166,250,27.9128002945796,28.4795611615069,11.3918244646028,1
beerten_vsc,5,0.191446075536176,7,4,5,0.991152273933313,1.16102235707303,-0.979679553504791,-6.02203526057217,250,1.52655027553847,6.10120321798331,2.44048128719332,1
beerten_vsc,5,0.191446075536176,8,4,7,47.775868151558,7.1374816805835,-47.6578430211428,-5.95723037643119,250,48.3060785240918,48.0287267704003,19.3224314096367,1
beerten_vsc,6,0.239049534026348,1,1,2,111.221171346546,67.7247927801967,-108.119581409119,-64.7908229679153,250,130.218264897127,126.046398698823,52.0873059588507,1
beerten_vsc,6,0.239049534026348,2,1,3,43.880240907788,10.8195489713938,-42.3770633433941,-11.6190162782122,250,45.1944485757919,43.9410632197651,18.0777794303168,1
beerten_vsc,6,0.239049534026348,3,2,3,19.9369109043037,-8.20959745118917,-19.6752871941565,4.99446858163074,250,21.5610274967756,20.2993015294969,8.62441099871024,1
beerten_vsc,6,0.239049534026348,4,2,4,24.364022078163,-6.11855285483845,-23.997681248497,3.24199932631326,250,25.1205545492663,24.2156822108376,10.0482218197065,1
beerten_vsc,6,0.239049534026348,5,2,5,38.7074857030088,0.415132887607068,-38.1067108296385,-1.56306945549727,250,38.709711762851,38.1387545205188,15.4838847051404,1
beerten_vsc,6,0.239049534026348,6,3,4,27.0388040093462,10.4842147459502,-26.9525055982874,-12.2131075215362,250,29.0002703624472,29.5904976868981,11.8361990747592,1
beerten_vsc,6,0.239049534026348,7,4,5,1.26039842619251,1.49778996585326,-1.24636484339984,-6.34226121938134,250,1.9575441181642,6.46356733528255,2.58542693411302,1
beerten_vsc,6,0.239049534026348,8,4,7,49.6897884175469,7.47331823467161,-49.5619813609709,-6.19524766891189,250,50.2486373787116,49.9476835309145,20.0994549514846,1
beerten_vsc,7,0.286541107969498,1,1,2,113.794725805754,67.0086817730214,-110.608091580791,-63.8195790981303,250,132.058332013413,127.69921142829,52.8233328053653,1
beerten_vsc,7,0.286541107969498,2,1,3,45.6065083661177,10.4145341898376,-44.0010861789916,-10.9072676284594,250,46.7805101269755,45.3328145171892,18.7122040507902,1
beerten_vsc,7,0.286541107969498,3,2,3,21.2727831604969,-8.594903662455,-20.9751687258705,5.48774696633422,250,22.9434886702176,21.6811685534993,9.17739546808702,1
beerten_vsc,7,0.286541107969498,4,2,4,25.8168260453947,-6.31504461376173,-25.4057491751486,3.57423436334724,250,26.5779663543314,25.6559397106147,10.6311865417326,1
beerten_vsc,7,0.286541107969498,5,2,5,41.3755430229664,0.833245367807506,-40.6885911852097,-1.71846123061228,250,41.3839323685934,40.724864169672,16.5535729474374,1
beerten_vsc,7,0.286541107969498,6,3,4,27.8178308521946,11.5150819198221,-27.7247849533165,-13.2229646537645,250,30.1069564210919,30.7166159422282,12.2866463768913,1
beerten_vsc,7,0.286541107969498,7,4,5,1.53092136191168,1.83634030967353,-1.51400807368915,-6.6632704815721,250,2.3907877256857,6.83311012334691,2.73324404933876,1
beerten_vsc,7,0.286541107969498,8,4,7,51.5996127636041,7.81238998604271,-51.4616443188649,-6.43270553865137,250,52.1876755053136,51.8621300810944,20.8750702021255,1
beerten_vsc,8,0.333917794818074,1,1,2,116.376035519036,66.294849351336,-113.101438804428,-62.8418592075099,250,133.93427004932,129.387150553245,53.5737080197282,1
beerten_vsc,8,0.333917794818074,2,1,3,47.3355883249482,10.016574367445,-45.6231260394916,-10.1881875110751,250,48.383775009062,46.746858657841,19.3535100036248,1
beerten_vsc,8,0.333917794818074,3,2,3,22.6089733793921,-8.97648740600115,-22.2730711471144,5.9841941028343,250,24.3257683007168,23.062963326182,9.73030732028671,1
beerten_vsc,8,0.333917794818074,4,2,4,27.2690185296707,-6.50585894868757,-26.8106772478084,3.90838615893255,250,28.03436413104,27.0940564857588,11.213745652416,1
beerten_vsc,8,0.333917794818074,5,2,5,44.0415504716269,1.266878688575,-43.2626249573781,-1.87196507506903,250,44.0597679244504,43.3031057944465,17.6239071697802,1
beerten_vsc,8,0.333917794818074,6,3,4,28.5974162880162,12.5539186072486,-28.4972641952198,-14.2397106465314,250,31.2316040373772,31.8569211617993,12.7427684647197,1
beerten_vsc,8,0.333917794818074,7,4,5,1.80272206520221,2.17665969994699,-1.78260496115355,-6.98503406404591,250,2.82624384895222,7.20890985679603,2.88356394271841,1
beerten_vsc,8,0.333917794818074,8,4,7,53.5052193749616,8.15466479295139,-53.356711792958,-6.66958897291546,250,54.1230732520629,53.7719453844142,21.6492293008252,1
beerten_vsc,9,0.3811765345731,1,1,2,118.964945381223,65.5833721416137,-115.59945302001,-61.8576950579757,250,135.844900276097,131.109145281369,54.3379601104387,1
beerten_vsc,9,0.3811765345731,2,1,3,49.0673562680875,9.62571241030086,-47.2430575682894,-9.4618163109068,250,50.0025978379648,48.1812458981921,20.0010391351859,1
beerten_vsc,9,0.3811765345731,3,2,3,23.9454000107376,-9.35433162820736,-23.5689189855145,6.48377470387686,250,25.707697327546,24.4444937880983,10.2830789310184,1
beerten_vsc,9,0.3811765345731,4,2,4,28.720501261484,-6.69099467820647,-28.2123776872149,4.24442195946714,250,29.4896015994569,28.5298680777895,11.7958406397828,1
beerten_vsc,9,0.3811765345731,5,2,5,46.7053265589481,1.7160201167141,-45.8286344332005,-2.02357982793466,250,46.7368404368433,45.8732886256474,18.6947361747373,1
beerten_vsc,9,0.3811765345731,6,3,4,29.37752812284,13.6006590707433,-29.2699062824492,-15.2632652703445,250,32.3730920019519,33.0105237840338,13.2042095136135,1
beerten_vsc,9,0.3811765345731,7,4,5,2.0757999302682,2.51873411134705,-2.05214962095359,-7.30752263277599,250,3.26388830601855,7.59020454897714,3.03608181959086,1
beerten_vsc,9,0.3811765345731,8,4,7,55.4064840366214,8.50010920483098,-55.2470613833093,-6.90588267171009,250,56.0547083641904,55.6770060883896,22.4218833456762,1
beerten_vsc,10,0.42831401556458,1,1,2,121.561288554069,64.8743289550446,-118.101953470228,-60.8671237035228,250,137.789061366616,132.864134217719,55.1156245466463,1
beerten_vsc,10,0.42831401556458,2,1,3,50.8016798042899,9.24199110053125,-48.8607491831132,-8.72819923700112,250,51.6355020353235,49.6342046642825,20.6542008141294,1
beerten_vsc,10,0.42831401556458,3,2,3,25.281975754984,-9.728418501058,-24.8626317046221,6.98645065214371,250,27.0891200412144,25.8255870793777,10.8356480164858,1
beerten_vsc,10,0.42831401556458,4,2,4,30.1711693813939,-6.87045124934241,-29.6107569270661,4.58230722039405,250,30.9435382949389,29.9632185396674,12.3774153179756,1
beerten_vsc,10,0.42831401556458,5,2,5,49.3666757072202,2.18065146999901,-48.38642936097,-2.17330355318528,250,49.4148146937278,48.4352123422457,19.7659258774911,1
beerten_vsc,10,0.42831401556458,6,3,4,30.1581270576284,14.6552308510152,-30.0426671695663,-16.2935418827947,250,33.5304103601582,34.1766200456938,13.6706480182775,1
beerten_vsc,10,0.42831401556458,7,4,5,2.35015177968636,2.86254767952869,-2.3226336064205,-7.63070510287397,250,3.70369985354349,7.97635801833774,3.1905432073351,1
beerten_vsc,10,0.42831401556458,8,4,7,57.3032723142776,8.84868698817639,-57.1325606231287,-7.14157007668721,250,57.9824480281661,57.5771786953452,23.1929792112664,1
beerten_vsc,11,0.475326589102565,1,1,2,124.164880429515,64.1678023152273,-120.608742954476,-59.8701898901095,250,139.765605161076,134.651062062416,55.9062420644304,1
beerten_vsc,11,0.475326589102565,2,1,3,52.538414774857,8.86545376468661,-50.4760595610737,-7.98738812333654,250,53.2811533049793,51.104118795317,21.3124613219917,1
beerten_vsc,11,0.475326589102565,3,2,3,26.6186046301437,-10.0987286911787,-26.1541209188222,7.49217982514335,250,28.4698864352133,27.2060801948509,11.3879545740853,1
beerten_vsc,11,0.475326589102565,4,2,4,31.6209084056528,-7.04422846182979,-31.0057127521486,4.92200480974911,250,32.3960337544759,31.3939541092858,12.9584135017903,1
beerten_vsc,11,0.475326589102565,5,2,5,52.0253831383933,2.66074780872646,-50.9358022131836,-2.32113336677083,250,52.0933783661442,50.9886615553585,20.8373513464577,1
beerten_vsc,11,0.475326589102565,6,3,4,30.9391656716003,15.7175523696983,-30.8154948186315,-17.3304451170889,250,34.7026429101436,35.3544770697226,14.141790827889,1
beerten_vsc,11,0.475326589102565,7,4,5,2.62577146069535,3.20808194103933,-2.59404552544355,-7.95454795714891,250,4.14565622118198,8.36683365381765,3.34673346152706,1
beerten_vsc,11,0.475326589102565,8,4,7,59.1954361075409,9.2003583716086,-59.0130635648196,-7.37663294439491,250,59.9061453452648,59.4723161218879,23.9624581381059,1
beerten_vsc,12,0.522210245798959,1,1,2,126.775515994307,63.4638790087278,-123.119605390209,-58.8669471964337,250,141.773394522588,136.468878150546,56.709357809035,1
beerten_vsc,12,0.522210245798959,2,1,3,54.2774036483612,8.49614435855009,-52.0888363035589,-7.23944232414327,250,54.9383383054898,52.5895083892553,21.9753353221959,1
beerten_vsc,12,0.522210245798959,3,2,3,27.9551808128114,-10.4652411620616,-27.4432893474861,8.00091555803759,250,29.8498476856598,28.5858143136888,11.9399390742639,1
beerten_vsc,12,0.522210245798959,4,2,4,33.0695931107439,-7.21232648643756,-32.3971333091971,5.263474646223,250,33.8469443503713,32.8219196879969,13.5387777401485,1
beerten_vsc,12,0.522210245798959,5,2,5,54.6812132302111,3.15627658271071,-53.4765268334341,-2.46706545918635,250,54.7722298450079,53.5334039095863,21.9088919380032,1
beerten_vsc,12,0.522210245798959,6,3,4,31.7205883350458,16.7875318446192,-31.5883291337013,-18.3738698630133,250,35.8889530323127,36.5434211753907,14.6173684701563,1
beerten_vsc,12,0.522210245798959,7,4,5,2.90264975886685,3.55531550647732,-2.86637097245703,-8.27901498132786,250,4.58973245116182,8.76117410013038,3.50446964005215,1
beerten_vsc,12,0.522210245798959,8,4,7,61.082812681632,9.55507971562828,-60.8884098328586,-7.61105122789413,250,61.8256383183494,61.3622567444173,24.7302553273398,1
beerten_vsc,13,0.568960624407158,1,1,2,129.392969101772,62.7626500985399,-125.634305222293,-57.8574584601052,250,143.811302408273,138.316536061858,57.5245209633092,1
beerten_vsc,13,0.568960624407158,2,1,3,56.0184751865971,8.13410724881373,-53.6989157999895,-6.4844290889908,250,56.6059472402556,54.0890134750534,22.6423788961022,1
beerten_vsc,13,0.568960624407158,3,2,3,29.2915884565809,-10.8279332589264,-28.7300307206206,8.51260646680729,250,31.2288535327422,29.9646313854606,12.4915414130969,1
beerten_vsc,13,0.568960624407158,4,2,4,34.5170874639659,-7.37474602939518,-33.7848971308406,5.60667358327557,250,35.29612168487,34.2469569861452,14.118448673948,1
beerten_vsc,13,0.568960624407158,5,2,5,57.3339097286582,3.66719707183037,-56.008358876517,-2.61109521938648,250,57.4510708267267,56.0691901340247,22.9804283306907,1
beerten_vsc,13,0.568960624407158,6,3,4,32.5023315815337,17.8650669446388,-32.3611023506276,-19.4237009746685,250,37.0885720292975,37.7428285227953,15.0971314091181,1
beerten_vsc,13,0.568960624407158,7,4,5,3.18077447199774,3.9042239772141,-3.13959261896929,-8.60406723163141,250,5.03590022795984,9.15898546453262,3.66359418581305,1
beerten_vsc,13,0.568960624407158,8,4,7,62.9652250072348,9.91280341950798,-62.758424977379,-7.84480312094971,250,63.7407501669499,63.2468247554592,25.4963000667799,1
beerten_vsc,14,0.615573036351049,1,1,2,132.016992755562,62.0642106610556,-128.152587807816,-56.8417958178187,250,145.878211605441,140.192993810799,58.3512846421766,1
beerten_vsc,14,0.615573036351049,2,1,3,57.7614447774454,7.7793868529016,-55.3061237102153,-5.72242365121152,250,58.2829594528707,55.6013799495443,23.3131837811483,1
beerten_vsc,14,0.615573036351049,3,2,3,30.6277020166607,-11.1867809308606,-30.0142301718449,9.02719646530804,250,32.6067508104753,31.3423720996314,13.0427003241901,1
beerten_vsc,14,0.615573036351049,4,2,4,35.9632450869657,-7.53148856023998,-35.1688736692394,5.95155542698132,250,36.7434118872784,35.6689036439775,14.6973647549114,1
beerten_vsc,14,0.615573036351049,5,2,5,59.9831968779829,4.19346000041893,-58.5310371201912,-2.75321739333547,250,60.1296018153951,58.5957550713374,24.051840726158,1
beerten_vsc,14,0.615573036351049,6,3,4,33.2843246761325,18.9500448362029,-33.1337396203212,-20.4798133619884,250,38.3007893970908,38.9521174850498,15.5808469940199,1
beerten_vsc,14,0.615573036351049,7,4,5,3.46013055484584,4.25477998640311,-3.41369037359251,-8.92966311950972,250,5.48412765982652,9.5599249680471,3.82396998721884,1
beerten_vsc,14,0.615573036351049,8,4,7,64.8424827326607,10.2734779539552,-64.6229214553332,-8.07786518068067,250,65.6512902859175,65.1258311524653,26.260516114367,1
beerten_vsc,15,0.662042496697028,1,1,2,134.647319896249,61.3686593931207,-130.674180281127,-55.8200405477542,250,147.973014806591,142.097214324903,59.1892059226364,1
beerten_vsc,15,0.662042496697028,2,1,3,59.506115091959,7.43202722514826,-56.9102757384783,-4.95350916470604,250,59.9684313786246,57.1254473739546,23.9873725514499,1
beerten_vsc,15,0.662042496697028,3,2,3,31.9633868144451,-11.5417590098301,-31.2957648574542,9.54462488080293,250,33.9833826699291,32.7188747075493,13.5933530679716,1
beerten_vsc,15,0.662042496697028,4,2,4,37.4079099643283,-7.68255655802673,-36.5489240581676,6.29807102233148,250,38.1886554249632,37.0875929174709,15.2754621699853,1
beerten_vsc,15,0.662042496697028,5,2,5,62.6287809481625,4.73500726300789,-61.0442851407134,-2.89342625222078,250,62.8075194290752,61.1128191447405,25.1230077716301,1
beerten_vsc,15,0.662042496697028,6,3,4,34.0664902410824,20.042342427223,-33.9061596478654,-21.5420722746604,250,39.5249446212873,40.1707423375923,16.0682969350369,1
beerten_vsc,15,0.662042496697028,7,4,5,3.74070028741151,4.60695330137254,-3.68864156455012,-9.25575855311014,250,5.93437927345968,9.96369123293161,3.98547649317265,1
beerten_vsc,15,0.662042496697028,8,4,7,66.714383416766,10.6370479563409,-66.4816998693738,-8.31021248241895,250,67.5570554709481,66.9990749863343,27.0228221883793,1
beerten_vsc,16,0.70836375679328,1,1,2,137.283664411771,60.6760981684644,-133.198792628338,-54.7922828181658,250,150.094614837685,144.02816604426,60.0378459350739,1
beerten_vsc,16,0.70836375679328,2,1,3,61.2522768794931,7.09207163521799,-58.5111785224637,-4.17777656412972,250,61.6614863833264,58.6601383318128,24.6645945533306,1
beerten_vsc,16,0.70836375679328,3,2,3,33.2984996984755,-11.8928415042934,-32.5745046613564,10.0648266156506,250,35.3585882243001,34.0939743757726,14.1434352897201,1
beerten_vsc,16,0.70836375679328,4,2,4,38.8509172436539,-7.82795375319058,-37.9249019542804,6.64616837220057,250,39.6316872039954,38.5028536899983,15.8526748815982,1
beerten_vsc,16,0.70836375679328,5,2,5,65.2703518884538,5.29177172188458,-63.5478130889479,-3.03171575569886,250,65.4845148382358,63.6200899780188,26.1938059352943,1
beerten_vsc,16,0.70836375679328,6,3,4,34.8487448729332,21.1418267016011,-34.678275322043,-22.6103336734861,250,40.7604202075901,41.3981879813331,16.5592751925332,1
beerten_vsc,16,0.70836375679328,7,4,5,4.02246344408969,4.96071095216122,-3.96442112221764,-9.58230710182031,250,6.38661610791897,10.3700165972809,4.14800663891236,1
beerten_vsc,16,0.70836375679328,8,4,7,68.5807138305896,11.003454354554,-68.3345502734244,-8.54181878290204,250,69.4578312161126,68.8663446771433,27.783132486445,1
beerten_vsc,17,0.754531336278256,1,1,2,139.925722228151,59.9866315837206,-135.726118832288,-53.758621396133,250,152.241924941294,145.984823552619,60.8967699765177,1
beerten_vsc,17,0.754531336278256,2,1,3,62.9997098059309,6.75956216087829,-60.1086305482177,-3.39532438773885,250,63.3613061437206,60.204449121972,25.3445224574882,1
beerten_vsc,17,0.754531336278256,3,2,3,34.6328897292551,-12.2400018867783,-33.8503129154711,10.5877323281303,250,36.7322024548907,35.467502876964,14.6928809819563,1
beerten_vsc,17,0.754531336278256,4,2,4,40.2920940503081,-7.96768535475715,-39.2966543834368,6.99579277053531,250,41.0723368323655,39.9145106724303,16.4289347329462,1
beerten_vsc,17,0.754531336278256,5,2,5,67.9075849732164,5.86367705167551,-66.04131943857,-3.16807970159026,250,68.1602729268374,66.1172640252368,27.2641091707349,1
beerten_vsc,17,0.754531336278256,6,3,4,35.6309997217167,22.248355088704,-35.4499943061668,-23.6844446344723,250,42.0066357296325,42.6339654964284,17.0535861985713,1
beerten_vsc,17,0.754531336278256,7,4,5,4.30539745297856,5.31601736723352,-4.24100175116486,-9.90926016592734,250,6.84079585113039,10.7786609970542,4.31146439882169,1
beerten_vsc,17,0.754531336278256,8,4,7,70.4412512352056,11.3726345021936,-70.1812534530187,-8.77265668032386,250,71.3533929894146,70.7274193044513,28.5413571957658,1
beerten_vsc,18,0.800539553508722,1,1,2,142.573172409826,59.3003665134319,-138.255838019802,-52.7191633433591,250,154.413869065021,147.966168194562,61.7655476260082,1
beerten_vsc,18,0.800539553508722,2,1,3,64.7481832888546,6.43453930491194,-61.7024230481365,-2.60625858275765,250,65.067123305657,61.7574416067522,26.0268493222628,1
beerten_vsc,18,0.800539553508722,3,2,3,35.9663988531463,-12.5832133660994,-35.1230471021767,11.1132686190083,250,38.1040562811938,36.8392884993719,15.2416225124775,1
beerten_vsc,18,0.800539553508722,4,2,4,41.7312602812722,-8.10175825832657,-40.6640225581683,7.34688694017599,250,42.5104289738371,41.3223847124407,17.0041715895348,1
beerten_vsc,18,0.800539553508722,5,2,5,70.5401423832335,6.45063762250648,-68.524492652813,-3.30251186332659,250,70.834471927048,68.6040281465515,28.3337887708192,1
beerten_vsc,18,0.800539553508722,6,3,4,36.4131610252356,23.3617758428127,-36.221219583429,-24.7642437611246,250,43.2630427314072,43.8776083802591,17.5510433521036,1
beerten_vsc,18,0.800539553508722,7,4,5,4.58947754292186,5.6728345093763,-4.51835408936412,-10.2365671448335,250,7.29687299380733,11.1894070704197,4.47576282816786,1
beerten_vsc,18,0.800539553508722,8,4,7,72.2957645974905,11.7445223171405,-72.021582142423,-9.00269776646551,250,73.2435074473743,72.5820698338929,29.2974029789497,1
beerten_vsc,19,0.846382554151754,1,1,2,145.225678241547,58.6174116814958,-140.78761558434,-51.6740237098756,250,156.609382135794,149.971188660665,62.6437528543177,1
beerten_vsc,19,0.846382554151754,2,1,3,66.4974573120609,6.11704163920288,-63.292340866127,-1.81069230140125,250,66.7782152156308,63.3182360692744,26.7112860862523,1
beerten_vsc,19,0.846382554151754,3,2,3,37.2988625526603,-12.9224491412544,-36.392559526881,11.6413582185925,250,39.4739767382329,38.2091561028396,15.7895906952932,1
beerten_vsc,19,0.846382554151754,4,2,4,43.1682293657101,-8.23018123404526,-42.0268426548423,7.69939117171078,250,43.9457837535728,42.7262931688427,17.5783135014291,1
beerten_vsc,19,0.846382554151754,5,2,5,73.167674704505,7.05255841306023,-70.9970127536758,-3.43500611234508,250,73.5067833729234,71.0800611067369,29.4027133491694,1
beerten_vsc,19,0.846382554151754,6,3,4,37.1951305992238,24.4819284214575,-36.9918499575869,-25.849561594016,250,44.5291203542882,45.1286693564905,18.0514677425962,1
beerten_vsc,19,0.846382554151754,7,4,5,4.87467687806853,6.03112200732339,-4.79644685442605,-10.5641755996892,250,7.75479898725921,11.6020562198432,4.64082248793727,1
beerten_vsc,19,0.846382554151754,8,4,7,74.1440157334184,12.1190484206454,-73.8553021683202,-9.23191276966338,250,75.1279335779931,74.430060269763,30.0511734311972,1
beerten_vsc,20,0.892054337999927,1,1,2,147.882888283704,57.9378772510484,-143.321104276334,-50.6233252289389,250,158.827410315373,151.998881536091,63.5309641261494,1
beerten_vsc,20,0.892054337999927,2,1,3,68.2472832146969,5.80710547615394,-64.8781632860652,-1.00874569025873,250,68.4938985618298,64.8860049567004,27.3975594247319,1
beerten_vsc,20,0.892054337999927,3,2,3,38.6301104701678,-13.2576826367683,-37.6586979581952,12.171920172686,250,40.8417872262543,39.5769272758361,16.3367148905017,1
beerten_vsc,20,0.892054337999927,4,2,4,44.6028089902611,-8.35296509468406,-43.3849465490716,8.05324346185349,250,45.3782171938776,44.1260503254221,18.151286877551,1
beerten_vsc,20,0.892054337999927,5,2,5,75.7898223454328,7.66933495471931,-73.4585527955672,-3.56555652977009,250,76.1768722763015,73.5450349934387,30.4707489105206,1
beerten_vsc,20,0.892054337999927,6,3,4,37.9768062890322,25.6086438615218,-37.7617805146257,-26.9402210165024,250,45.8043715854822,46.386717668453,18.5546870673812,1
beerten_vsc,20,0.892054337999927,7,4,5,5.16096668184298,6.39083728400294,-5.07524697876018,-10.8920314113332,250,8.21452240131436,12.0164254319196,4.80657017276784,1
beerten_vsc,20,0.892054337999927,8,4,7,75.9857603811617,12.4961402764282,-75.6821735224068,-9.4602716888789,250,77.0064237743287,76.2711487359611,30.8025695097315,1
beerten_vsc,21,0.937548784233186,1,1,2,150.544437403825,57.2618744319043,-145.855945263918,-49.5671980121821,250,161.066911240917,154.048251816143,64.4267644963667,1
beerten_vsc,21,0.937548784233186,2,1,3,69.9974044575115,5.50476456619868,-66.45966482629,-0.20054567253413,250,70.2135247920066,66.4599674043674,28.0854099168026,1
beerten_vsc,21,0.937548784233186,3,2,3,39.9599670075767,-13.5888877206764,-38.9213062384673,12.7048700280048,250,42.207307811939,40.9424205651919,16.8829231247756,1
beerten_vsc,21,0.937548784233186,4,2,4,46.0348017928184,-8.47012284495727,-44.7381625133787,8.40837965174242,250,46.8075416691877,45.5214678304788,18.7230166676751,1
beerten_vsc,21,0.937548784233186,5,2,5,78.4062168831218,8.30085330339685,-75.9087802545627,-3.69415750533868,250,78.8443974641677,75.9986165624726,31.5377589856671,1
beerten_vsc,21,0.937548784233186,6,3,4,38.7580823902488,26.7417451538712,-38.5309030527737,-28.0360376572134,250,47.0883200427018,47.6513367869038,19.0605347147615,1
beerten_vsc,21,0.937548784233186,7,4,5,5.44831635276075,6.75193568064598,-5.35471973610989,-11.2200789328101,250,8.6759890799459,12.4323446988399,4.97293787953597,1
beerten_vsc,21,0.937548784233186,8,4,7,77.8207492129534,12.8757223307447,-77.5019513718799,-9.68774392000974,250,78.8787248477295,78.1050884943415,31.5514899390918,1
beerten_vsc,22,0.982859675351838,1,1,2,153.209947791649,56.5895151035176,-148.391769171209,-48.5057792421968,250,163.326854258481,156.118313396136,65.3307417033923,1
beerten_vsc,22,0.982859675351838,2,1,3,71.7475573713364,5.21004981981433,-68.0366160051805,0.613774278653202,250,71.9364761986445,68.0393844497547,28.7745904794578,1
beerten_vsc,22,0.982859675351838,3,2,3,41.2882519062906,-13.9160389067263,-40.1802248690682,13.2401200183935,250,43.5703555681019,42.3054517601497,17.4281422272408,1
beerten_vsc,22,0.982859675351838,4,2,4,47.4640060299485,-8.58166981292817,-46.086315882386,8.76473356566359,250,48.2335663743529,46.9123551539265,19.2934265497412,1
beerten_vsc,22,0.982859675351838,5,2,5,81.0164823499412,8.94699004363379,-78.3473583446091,-3.82080382869255,250,81.5090120367019,78.4404685189727,32.6036048146808,1
beerten_vsc,22,0.982859675351838,6,3,4,39.5388500439261,27.8810476211429,-39.299106486477,-29.1368202937718,250,48.380507223969,48.9221224750829,19.5688489900332,1
beerten_vsc,22,0.982859675351838,7,4,5,5.73669357404038,7.11437057969211,-5.63482886136853,-11.5482611392081,250,9.13914229605956,12.8496549228474,5.13986196913896,1
beerten_vsc,22,0.982859675351838,8,4,7,79.6487287946418,13.257716154498,-79.3143870167478,-9.91429837555889,250,80.7445789897726,79.9316289094753,32.2978315959091,1
beerten_vsc,23,1.02798072003678,1,1,2,155.879029964052,55.9209114518253,-150.928197100146,-47.439212860109,250,165.606220656522,158.208089542499,66.2424882626087,1
beerten_vsc,23,1.02798072003678,2,1,3,73.4974718926587,4.92298905265785,-69.6087840825323,1.43407437772145,250,73.6621625790659,69.6235548558779,29.4648650316264,1
beerten_vsc,23,1.02798072003678,3,2,3,42.614780811789,-14.2391115422818,-41.4352915748002,13.7775792532481,250,44.9307449431941,43.6658342181647,17.9722979772776,1
beerten_vsc,23,1.02798072003678,4,2,4,48.89021622341,-8.68762376460598,-47.4292296910167,9.12223715122802,250,49.656097803262,48.2985200573109,19.8624391213048,1
beerten_vsc,23,1.02798072003678,5,2,5,83.6202364732538,9.60761232233972,-80.7739472735153,-3.94549077019415,250,84.1703639197269,80.8702507450195,33.6681455678908,1
beerten_vsc,23,1.02798072003678,6,3,4,40.3189976136696,29.0263593009349,-40.0662772315256,-30.242371259782,250,49.6804901630214,50.1986811640301,20.0794724656121,1
beerten_vsc,23,1.02798072003678,7,4,5,6.02606441938079,7.47809352594473,-5.91553666603371,-11.8765197742174,250,9.6039229052145,13.2682062086239,5.30728248344956,1
beerten_vsc,23,1.02798072003678,8,4,7,81.4694425032393,13.6420405888773,-81.1192288042446,-10.1399035989303,250,82.6037246933647,81.7505163701795,33.0414898773459,1
beerten_vsc,24,1.07290557509939,1,1,2,158.551283769703,55.2561756174908,-153.464841645268,-46.3676492441862,250,167.90400390965,160.31661335507,67.1616015638599,1
beerten_vsc,24,1.07290557509939,2,1,3,75.2468722921242,4.64360675245801,-71.1759337822245,2.26020877724086,250,75.390018393808,71.2118114745603,30.1560073575232,1
beerten_vsc,24,1.07290557509939,3,2,3,43.9393658272342,-14.5580819833448,-42.6863418517942,14.3171539096647,250,46.2882881551403,45.023379224146,18.5153152620561,1
beerten_vsc,24,1.07290557509939,4,2,4,50.3132237905566,-8.78800500238074,-48.76672529049,9.48082062165996,250,51.0749402360933,49.6797690737206,20.4299760944373,1
beerten_vsc,24,1.07290557509939,5,2,5,86.2170918776206,10.282577917441,-83.1882054479347,-4.06821415620557,250,86.8280964922203,83.2876214816376,34.7312385968881,1
beerten_vsc,24,1.07290557509939,6,3,4,41.0984110477717,30.1774813391232,-40.8322995744414,-31.3524868595929,250,50.9878394386812,51.4806285977345,20.5922514390938,1
beerten_vsc,24,1.07290557509939,7,4,5,6.31639345632453,7.84305434901267,-6.19680415065078,-12.2047954961791,250,10.0702695006969,13.6878564715252,5.4751425886101,1
beerten_vsc,24,1.07290557509939,8,4,7,83.2826314089439,14.0286118953987,-82.916223006822,-10.3645278741797,250,84.4558976395949,83.5614951743426,33.782359055838,1
beerten_vsc,25,1.11762786672356,1,1,2,161.226299396693,54.5954193548485,-156.001307904445,-45.2912448781058,250,170.219209937315,162.442928225596,68.087683974926,1
beerten_vsc,25,1.11762786672356,2,1,3,76.99547789949,4.37192386683924,-72.7378279994885,3.09202583316544,250,77.1195003567081,72.803518086945,30.8478001426832,1
beerten_vsc,25,1.11762786672356,3,2,3,45.2618160597203,-14.8729277578246,-43.9332095024711,14.8587474295725,250,47.6427956055627,46.3778963770872,19.0571182422251,1
beerten_vsc,25,1.11762786672356,4,2,4,51.7328176630051,-8.88283644812156,-50.0986229464499,9.84041260115331,250,52.4898962345879,51.0559079959557,20.9959584938352,1
beerten_vsc,25,1.11762786672356,5,2,5,88.8066572588314,10.971735338849,-85.5897906364914,-4.18897043563264,250,89.4818492758911,85.692238472974,35.7927397103565,1
beerten_vsc,25,1.11762786672356,6,3,4,41.8769742317236,31.3342083950434,-41.5970560313898,-32.4669577923594,250,52.3021374950245,52.767588714754,21.1070354859016,1
beerten_vsc,25,1.11762786672356,7,4,5,6.6076438486557,8.20920128627612,-6.47859111567166,-12.533028022789,250,10.5381185697104,14.1084703020588,5.64338812082352,1
beerten_vsc,25,1.11762786672356,8,4,7,85.0880351297775,14.4173439116437,-84.7051146718359,-10.588139332227,250,86.3008315586406,85.3643083852234,34.5203326234563,1
beerten_vsc,26,1.16214121106092,1,1,2,163.903658389664,53.9387537000688,-158.53719449169,-44.2101620061472,250,172.550857384808,164.586088300031,69.020342953923,1
beerten_vsc,26,1.16214121106092,2,1,3,78.7430038277813,4.10795761148365,-74.2942284953349,3.92936838585573,250,78.8500853998252,74.3980666659342,31.5400341599301,1
beerten_vsc,26,1.16214121106092,3,2,3,46.5819381607886,-15.1836277176497,-45.1757271592207,15.4022607223534,250,48.9940763101389,47.7291939982617,19.5976305240555,1
beerten_vsc,26,1.16214121106092,4,2,4,53.148784895362,-8.97214371116147,-51.4247424210924,10.2009402733074,250,53.900767143216,52.4267423700471,21.5603068572864,1
beerten_vsc,26,1.16214121106092,5,2,5,91.3885385341768,11.6749239658537,-87.9783610954092,-4.30775674166559,250,92.1312586748991,88.0837600763023,36.8525034699597,1
beerten_vsc,26,1.16214121106092,6,3,4,42.6545693328602,32.4963290610293,-42.3604276983066,-33.5855695876999,250,53.6229772337799,54.0591927364226,21.623677094569,1
beerten_vsc,26,1.16214121106092,7,4,5,6.89977745899326,8.576481108487,-6.76085627181593,-12.8611562763076,250,11.0074046526811,14.5299180414673,5.81196721658693,1
beerten_vsc,26,1.16214121106092,8,4,7,86.8853926612529,14.8081482128785,-86.485648445348,-10.8107060538292,250,88.1382590671876,87.1586986616633,35.255303626875,1
beerten_vsc,27,1.20643923429986,1,1,2,166.582934678929,53.2862886481194,-161.072094554271,-43.1245682741471,250,174.897977930378,166.745158949013,69.9591911721512,1
beerten_vsc,27,1.20643923429986,2,1,3,80.4891616992325,3.85172129813962,-75.8448965805022,4.77207405805119,250,80.5812689649632,75.9948750122178,32.2325075859853,1
beerten_vsc,27,1.20643923429986,3,2,3,47.899536863892,-15.4901621805315,-46.4137267994325,15.94759237391,250,50.3419383432394,49.0770795579439,20.1367753372958,1
beerten_vsc,27,1.20643923429986,4,2,4,54.5609112670258,-9.05595514169025,-52.7449035422759,10.5623295332638,250,55.3073535962133,53.7920779934485,22.1229414384853,1
beerten_vsc,27,1.20643923429986,5,2,5,93.9623399748286,12.3919742206641,-90.3535766623114,-4.42457094782343,250,94.7759587587004,90.4618463427787,37.9103835034801,1
beerten_vsc,27,1.20643923429986,6,3,4,43.4310771399512,33.6636262980382,-43.1222945949846,-34.7081030544767,250,54.9499608468501,55.3550784370938,22.1420313748375,1
beerten_vsc,27,1.20643923429986,7,4,5,7.19275495242721,8.94483924815678,-7.04355735073315,-13.1891185292715,250,11.4780605060712,14.9520750309861,5.98083001239445,1
beerten_vsc,27,1.20643923429986,8,4,7,88.6744431859294,15.2009342803159,-88.2575693748907,-11.032196169929,250,89.9679124873368,88.944409067099,35.9871649949347,1
beerten_vsc,28,1.2505155922229,1,1,2,169.263695621126,52.6381328388427,-163.605596793595,-42.0346363562505,250,177.259616619468,168.919217248336,70.9038466477872,1
beerten_vsc,28,1.2505155922229,2,1,3,82.2336603726268,3.60322418248017,-77.3895937886134,5.61997556956022,250,82.3125635780453,77.5933847191179,32.9250254312181,1
beerten_vsc,28,1.2505155922229,3,2,3,49.2144155187447,-15.7925130615112,-47.6470402519025,16.4946388620378,250,51.6861892931725,50.4213601160805,20.674475717269,1
beerten_vsc,28,1.2505155922229,4,2,4,55.9689818769939,-9.1343018699449,-54.0589267596826,10.9245051435122,250,56.7094560280607,55.1517214150144,22.6837824112243,1
beerten_vsc,28,1.2505155922229,5,2,5,96.5276653199165,13.1227077753286,-92.7150998179979,-4.53941171620922,250,97.415582077358,92.8261600681111,38.9662328309432,1
beerten_vsc,28,1.2505155922229,6,3,4,44.2063773980892,34.8358778862659,-43.8825360034351,-35.8343347414869,250,56.2826988582559,56.6548895723724,22.661955828949,1
beerten_vsc,28,1.2505155922229,7,4,5,7.48653590104507,9.31421992967182,-7.32665121579858,-13.5168525496179,250,11.9500172675998,15.3748210033833,6.1499284013533,1
beerten_vsc,28,1.2505155922229,8,4,7,90.4549268634122,15.5956096758747,-90.0206236917686,-11.2525779594395,250,91.7895246475734,90.7211838579517,36.7158098590293,1
beerten_vsc,29,1.29436398927509,1,1,2,171.901924723652,52.0048164720113,-166.096169895715,-40.9583519881994,250,179.596137653302,171.07169330902,71.8384550613208,1
beerten_vsc,29,1.29436398927509,2,1,3,83.9266266521325,3.36921836572567,-78.8843703022706,6.44855068385999,250,83.9942277397821,79.1475058603116,33.5976910959128,1
beerten_vsc,29,1.29436398927509,3,2,3,50.478728710773,-16.079897342169,-48.8309213739199,17.0233193527285,250,52.9779685415599,51.713173215448,21.191187416624,1
beerten_vsc,29,1.29436398927509,4,2,4,57.3340538457388,-9.41355681498962,-55.3287611127176,11.4895956214186,250,58.1017106658238,56.5091374364527,23.2406842663295,1
beerten_vsc,29,1.29436398927509,5,2,5,99.1293781059261,10.570847208428,-95.1404425235273,-1.46556377104859,250,99.6914059203279,95.1517297832237,39.8765623681311,1
beerten_vsc,29,1.29436398927509,6,3,4,44.9008098894218,34.7155163139038,-44.5716418059922,-35.6979317599326,250,56.756055198251,57.1049348587184,22.8419739434874,1
beerten_vsc,29,1.29436398927509,7,4,5,7.67419255368539,8.22000798843875,-7.53215592698122,-12.4879028654808,250,11.2455218945604,14.5835897805047,5.83343591220188,1
beerten_vsc,29,1.29436398927509,8,4,7,92.2262103895306,15.9883281444211,-91.774559569729,-11.4718199464051,250,93.6018189976437,92.4887692484902,37.4407275990575,1
beerten_vsc,30,1.33805527008198,1,1,2,174.586559688796,51.3649943333762,-168.627771151011,-39.8594287200216,250,181.985794684193,173.274635366069,72.7943178736771,1
beerten_vsc,30,1.33805527008198,2,1,3,85.6683432587115,3.13581215964623,-80.4177873111815,7.30685568294381,250,85.725715830158,80.7490597839863,34.2902863320632,1
beerten_vsc,30,1.33805527008198,3,2,3,51.7886296339682,-16.3741968502032,-50.0554218172965,17.5738203002183,250,54.3155270788522,53.0507720325713,21.7262108315409,1
beerten_vsc,30,1.33805527008198,4,2,4,58.7347858332272,-9.48092405982762,-56.6313422582288,11.853114294692,250,59.4950669207396,57.8584932784434,23.7980267682958,1
beerten_vsc,30,1.33805527008198,5,2,5,101.681051472653,11.3336363008267,-97.4795560929388,-1.5861407815113,250,102.310740102805,97.4924597015337,40.9242960411221,1
beerten_vsc,30,1.33805527008198,6,3,4,45.6724657879712,35.9000340690891,-45.3277071234257,-36.8348283205189,250,58.0929133140623,58.4072393669583,23.3628957467833,1
beerten_vsc,30,1.33805527008198,7,4,5,7.96716103934815,8.59466230450333,-7.81455506202152,-12.8211710182341,250,11.7193803230102,15.0149824207746,6.00599296830985,1
beerten_vsc,30,1.33805527008198,8,4,7,93.9918883440549,16.3870517294784,-93.5222108059601,-11.6902763485303,250,95.4096983480499,94.2500210882705,38.16387933922,1
beerten_vsc,31,1.3815074463013,1,1,2,177.233910012342,50.7386304105098,-171.121469763568,-38.7721096641873,250,184.353647846191,175.458923688297,73.7414591384763,1
beerten_vsc,31,1.3815074463013,2,1,3,87.3575687339448,2.91653760364492,-81.9007324249689,8.14497132328274,250,87.4062412342469,82.3047418415455,34.9624964936988,1
beerten_vsc,31,1.3815074463013,3,2,3,53.0451788775322,-16.6532184785804,-51.228074189174,18.1045325436551,250,55.5978478706211,54.333136148724,22.2391391482484,1
beerten_vsc,31,1.3815074463013,4,2,4,60.0906775171078,-9.75048306349318,-57.8881018097982,12.420193424918,250,60.8766083519483,59.2055194711941,24.3506433407793,1
beerten_vsc,31,1.3815074463013,5,2,5,104.278070198035,8.79424209148896,-99.8861152602494,1.51746394800891,250,104.648242308173,99.8976412064736,41.8592969232692,1
beerten_vsc,31,1.3815074463013,6,3,4,46.3611725432163,35.7826962428348,-46.0109400369689,-36.7010071043447,250,58.5641500406935,58.8555054821442,23.5422021928577,1
beerten_vsc,31,1.3815074463013,7,4,5,8.15116643874013,7.49750062909568,-8.015069913002,-11.7853299589439,250,11.0749279905259,14.2525558392694,5.70102233570775,1
beerten_vsc,31,1.3815074463013,8,4,7,95.7478754320055,16.7833130447692,-95.2602978506823,-11.9075372315378,250,97.2076912929299,96.0016343065115,38.883076517172,1
beerten_vsc,32,1.42479497889371,1,1,2,179.920930886872,50.1075178800249,-173.649753981483,-37.6647871638575,250,186.768050584932,177.687572018778,74.7072202339728,1
beerten_vsc,32,1.42479497889371,2,1,3,89.0955647709799,2.69821482475089,-83.4221229219333,9.01311072238866,250,89.1364124536116,83.9076084613082,35.6545649814447,1
beerten_vsc,32,1.42479497889371,3,2,3,54.3495138791681,-16.9394478649771,-52.4432798223207,18.6581500355193,250,56.9281525510196,55.6634903798727,22.7712610204079,1
beerten_vsc,32,1.42479497889371,4,2,4,61.4834187906876,-9.80702490830915,-59.1787225362216,12.7848069424114,250,62.2606498821147,60.5439715378322,24.9042599528459,1
beerten_vsc,32,1.42479497889371,5,2,5,106.814748901676,9.58832370125297,-102.201812299503,1.39090414965881,250,107.244237767481,102.21127653863,42.8976951069925,1
beerten_vsc,32,1.42479497889371,6,3,4,47.1287976445243,36.9787107111354,-46.7624470410544,-37.8478122653738,250,59.9044957684844,60.1596488232968,24.0638595293187,1
beerten_vsc,32,1.42479497889371,7,4,5,8.44318992210156,7.87722544789381,-8.29666090241575,-12.1239917264669,250,11.5472133788903,14.6910094109667,5.87640376438669,1
beerten_vsc,32,1.42479497889371,8,4,7,97.4979796573042,17.1857798838777,-96.9917991581517,-12.1239748923525,250,99.0010457897956,97.7466105352284,39.6004183159182,1
beerten_vsc,33,1.46783249613293,1,1,2,183.589022827929,49.2535091145232,-177.09663279363,-36.1471390116244,250,190.081133895525,180.7479820235,76.0324535582098,1
beerten_vsc,33,1.46783249613293,2,1,3,91.0164181034096,2.46550086447885,-85.0984339640404,9.9794515536288,250,91.0498053753407,85.681578629501,36.4199221501363,1
beerten_vsc,33,1.46783249613293,3,2,3,55.5706246441235,-17.2042771801328,-53.5790660233785,19.178953042368,250,58.1728585908318,56.9082468165986,23.2691434363327,1
beerten_vsc,33,1.46783249613293,4,2,4,62.8078399212121,-9.84643353283093,-60.4040051563599,13.1233363045841,250,63.5749715602379,61.8131522792097,25.4299886240952,1
beerten_vsc,33,1.46783249613293,5,2,5,109.309759706062,10.3976229792822,-104.473688906241,1.25557614975672,250,109.803160840735,104.481233459152,43.9212643362941,1
beerten_vsc,33,1.46783249613293,6,3,4,47.9824897184734,38.1436586460554,-47.5990351852952,-38.9605958079227,250,61.2964763627584,61.5109435489271,24.6043774195708,1
beerten_vsc,33,1.46783249613293,7,4,5,8.76468937849369,8.24758584422747,-8.60707149386701,-12.4513395445624,250,12.0350509828327,15.1366289560959,6.05465158243838,1
beerten_vsc,33,1.46783249613293,8,4,7,99.2383509631619,17.5896736591124,-98.7132998453172,-12.3391624806652,250,100.785152286047,99.4815083172533,40.314060914419,1
beerten_vsc,34,1.50906125401351,1,1,2,189.195136201614,47.9650594370341,-182.354593299071,-33.8142307294053,250,195.180548439503,185.463203620262,78.0722193758013,1
beerten_vsc,34,1.50906125401351,2,1,3,93.2114032312786,2.21058437399488,-87.007371960626,11.0925094379631,250,93.2376124512987,87.7116100703095,37.2950449805195,1
beerten_vsc,34,1.50906125401351,3,2,3,56.5196602877297,-17.4080080514235,-54.4605330610379,19.5853897314991,250,59.1397560305992,57.875185980065,23.6559024122397,1
beerten_vsc,34,1.50906125401351,4,2,4,63.9010738232405,-10.0633960466173,-61.4120544682998,13.5958920048202,250,64.6886325079941,62.8990358703864,25.8754530031976,1
beerten_vsc,34,1.50906125401351,5,2,5,111.700875539764,7.86261240959886,-106.674977896771,4.3526715888441,250,111.977257826102,106.763742250058,44.7909031304409,1
beerten_vsc,34,1.50906125401351,6,3,4,48.9055331227713,37.8803049908134,-48.5151901941512,-38.6765572582633,250,61.860073360929,62.0451429277618,24.8180571711047,1
beerten_vsc,34,1.50906125401351,7,4,5,9.02177593252341,7.10517304171879,-8.87944946007994,-11.3670778085551,250,11.4837243492443,14.4241145523689,5.76964582094755,1
beerten_vsc,34,1.50906125401351,8,4,7,100.905468752666,17.9754922063984,-100.362450159037,-12.5453062701008,250,102.494058092446,101.143492679142,40.9976232369782,1
beerten_vsc,35,1.55011430797013,1,1,2,194.832664794233,46.6897933654087,-187.629775816141,-31.4519264311337,250,200.348955763005,190.247618773652,80.139582305202,1
beerten_vsc,35,1.55011430797013,2,1,3,95.4560399307676,1.96202362542549,-88.9522177693588,12.2404428588009,250,95.4762017257234,89.7904532089409,38.1904806902893,1
beerten_vsc,35,1.55011430797013,3,2,3,57.5203780789584,-17.6208543739348,-55.3888150875276,20.0155433482273,250,60.1588597233503,58.8943359952813,24.0635438893401,1
beerten_vsc,35,1.55011430797013,4,2,4,65.0338268574817,-10.0680290435185,-62.4571318204561,13.8651851894957,250,65.8085392981036,63.9776263671672,26.3234157192414,1
beerten_vsc,35,1.55011430797013,5,2,5,114.021526134031,8.67402670737841,-108.779758437481,4.19327810360109,250,114.3509823362,108.860550370512,45.74039293448,1
beerten_vsc,35,1.55011430797013,6,3,4,49.909116147871,38.9371395324223,-49.5005266490015,-39.6778355183642,250,63.3010324531046,63.4399934579983,25.3759973831993,1
beerten_vsc,35,1.55011430797013,7,4,5,9.39138903616515,7.44510763943543,-9.2378870175178,-11.6640932543211,250,11.9844822913375,14.8791675840392,5.95166703361569,1
beerten_vsc,35,1.55011430797013,8,4,7,102.566269435149,18.3675426968639,-102.004572319187,-12.750571537241,250,104.19791864795,102.798394192451,41.6791674591799,1
beerten_vsc,36,1.5909053199733,1,1,2,200.458171662208,45.4375945304191,-192.881500611515,-29.0783813783405,250,205.54331315532,195.061081566093,82.217325262128,1
beerten_vsc,36,1.5909053199733,2,1,3,97.6951134744896,1.72626936036591,-90.8849291633721,13.3952835729865,250,97.7103638448754,91.8667729433873,39.0841455379501,1
beerten_vsc,36,1.5909053199733,3,2,3,58.5181695342571,-17.8310579499639,-56.313170397384,20.4460553605832,250,61.1745273235112,59.9100520782017,24.4698109294045,1
beerten_vsc,36,1.5909053199733,4,2,4,66.1620770882244,-10.0691646227912,-63.4965579708217,14.1344267453183,250,66.923900968406,65.0507101695338,26.7695603873624,1
beerten_vsc,36,1.5909053199733,5,2,5,116.331389004151,9.49519830375043,-110.869834422801,4.03587649350854,250,116.718254178439,110.943266961137,46.6873016713754,1
beerten_vsc,36,1.5909053199733,6,3,4,50.9079104187393,39.9967296570576,-50.4806757001617,-40.6806731161657,250,64.7406651685178,64.832212551549,25.9328850206196,1
beerten_vsc,36,1.5909053199733,7,4,5,9.76042080319016,7.78571907437986,-9.59530673160314,-11.960477474703,250,12.4853208112771,15.3337188149655,6.13348752598619,1
beerten_vsc,36,1.5909053199733,8,4,7,104.21681286968,18.7605273043215,-103.636212798954,-12.954526597065,250,105.891932976266,104.442732454988,42.3567731905065,1
beerten_vsc,37,1.63142869349551,1,1,2,206.070697896191,44.2084944205597,-198.108981664617,-26.6941457258381,250,210.759397205334,199.899339749345,84.3037588821338,1
beerten_vsc,37,1.63142869349551,2,1,3,99.928214438032,1.5032500361989,-92.8052215287063,14.5567286917783,250,99.9395207185058,93.939914270763,39.9758082874023,1
beerten_vsc,37,1.63142869349551,3,2,3,59.5128839630805,-18.0386076933491,-57.2334717864739,20.8768442231689,250,62.18661210516,60.9221873987759,24.874644842064,1
beerten_vsc,37,1.63142869349551,4,2,4,67.2856548817034,-10.0668448020223,-64.5301948789516,14.4035635793863,250,68.0345553166014,66.1181419498528,27.2138221266406,1
beerten_vsc,37,1.63142869349551,5,2,5,118.630110365382,10.3258902865827,-112.944928458832,3.8804736790957,250,119.078659278282,113.011569941068,47.6314637113128,1
beerten_vsc,37,1.63142869349551,6,3,4,51.9017588343072,41.0588444737456,-51.455484937451,-41.6848533986234,250,66.1787071467388,66.2215518771116,26.4886207508446,1
beerten_vsc,37,1.63142869349551,7,4,5,10.128812026057,8.12694583515617,-9.95165029654006,-12.2561734418351,250,12.986149608978,15.7876258842477,6.3150503536991,1
beerten_vsc,37,1.63142869349551,8,4,7,105.856867792244,19.1543439923744,-105.257147739454,-13.1571434644784,250,107.575858595518,106.076281865411,43.0303434382071,1
beerten_vsc,38,1.67167901648536,1,1,2,211.669295513532,43.0025102307919,-203.311450272351,-24.2997745072479,250,215.993302093709,204.758454899791,86.3973208374836,1
beerten_vsc,38,1.67167901648536,2,1,3,102.154938874829,1.29288641119131,-94.7128192531484,15.7244724538504,250,102.163120017902,96.0092556206507,40.8652480071609,1
beerten_vsc,38,1.67167901648536,3,2,3,60.5043728254378,-18.2434940453452,-58.1495946875574,21.3078284589866,250,63.1949697838533,61.9305975747433,25.2779879135413,1
beerten_vsc,38,1.67167901648536,4,2,4,68.4043939551746,-10.0611134108853,-65.5579083580959,14.6725429038906,250,69.1403436167439,67.1797801689988,27.6561374466976,1
beerten_vsc,38,1.67167901648536,5,2,5,120.917344578321,11.1658606758663,-115.004773279708,3.72707570410877,250,121.431794290068,115.065150981612,48.572717716027,1
beerten_vsc,38,1.67167901648536,6,3,4,52.8905079874895,42.1232522652715,-52.4248059153786,-42.6901596980548,250,67.6148964103206,67.6077659023765,27.0459585641282,1
beerten_vsc,38,1.67167901648536,7,4,5,10.4965040563284,8.46872611962798,-10.3068602503294,-12.551124684194,250,13.4868795313737,16.2407542638267,6.49630170553067,1
beerten_vsc,38,1.67167901648536,8,4,7,107.486210219038,19.5488906832811,-106.867160658633,-13.3583950792252,250,109.249460017879,107.698824256956,43.6997840071516,1
beerten_vsc,39,1.71165107496075,1,1,2,217.253029827685,41.8196446854734,-208.488157050865,-21.8958263550104,250,221.241410343833,209.634774887743,88.4965641375333,1
beerten_vsc,39,1.71165107496075,2,1,3,104.374889282331,1.09509166371278,-96.607456427637,16.8982069003687,250,104.380633924358,98.0742067715332,41.752253569743,1
beerten_vsc,39,1.71165107496075,3,2,3,61.4924901111444,-18.4457090185236,-59.0614175000297,21.7389268518678,250,64.1994588860781,62.9351410404686,25.6797835544312,1
beerten_vsc,39,1.71165107496075,4,2,4,69.5181318019776,-10.0520159983818,-66.5795684354524,14.9413123386956,250,70.2411110025237,68.2354874493731,28.0964444010095,1
beerten_vsc,39,1.71165107496075,5,2,5,123.192755055646,12.0148632788897,-117.049112484587,3.57568739273194,250,123.777267047753,117.103715883656,49.5109068191014,1
beerten_vsc,39,1.71165107496075,6,3,4,53.8740085835779,43.1897211296151,-53.3884945581403,-43.6963759329334,250,69.0489740120543,68.9906125560342,27.6195896048217,1
beerten_vsc,39,1.71165107496075,7,4,5,10.8634389881033,8.81099813054283,-10.6608801502816,-12.8452755520812,250,13.9874227327507,16.6929766544965,6.67719066179859,1
beerten_vsc,39,1.71165107496075,8,4,7,109.104624007357,19.9440654729009,-108.466042997206,-13.5582553713942,250,110.912509336747,109.310149447285,44.3650037346989,1
beerten_vsc,40,1.75133986636763,1,1,2,222.820981719935,40.6598859314438,-213.638373817082,-19.4828622228841,250,226.500366928166,214.524909247395,90.6001467712664,1
beerten_vsc,40,1.75133986636763,2,1,3,106.587675533683,0.909771543915954,-98.488877500597,18.0776225553426,250,106.59155810821,100.134207085197,42.6366232432839,1
beerten_vsc,40,1.75133986636763,3,2,3,62.4770927116274,-18.6452462346336,-59.9688219100821,22.1700586392696,250,65.1999411107663,63.9356794079158,26.0799764443065,1
beerten_vsc,40,1.75133986636763,4,2,4,70.6267101003554,-10.0395997520121,-67.595049694092,15.2098200319533,250,71.336706840029,69.2851309340697,28.5346827360116,1
beerten_vsc,40,1.75133986636763,5,2,5,125.456015095713,12.8726482335452,-119.077701199337,3.42631232396158,250,126.114696987466,119.126984932298,50.4458787949866,1
beerten_vsc,40,1.75133986636763,6,3,4,54.8521158071037,44.258019513436,-54.3464115132242,-44.7032871012223,250,70.4806845863999,70.3698537871084,28.19227383456,1
beerten_vsc,40,1.75133986636763,7,4,5,11.229559803702,9.1537002265052,-11.0136547124182,-13.138571345586,250,14.4876927501117,17.1441723955233,6.85766895820933,1
beerten_vsc,40,1.75133986636763,8,4,7,110.71190140544,20.3397668524372,-110.053594653018,-13.756699328219,250,112.564786804841,110.910055777003,45.0259147219365,1
beerten_vsc,41,1.79074061185469,1,1,2,228.37224981786,39.523207496936,-218.761395356127,-17.0614441117356,250,231.767056368495,219.425707184317,92.7068225473978,1
beerten_vsc,41,1.79074061185469,2,1,3,108.792915767842,0.736824556625516,-100.356837880299,19.2624091060058,250,108.795410894468,102.188724005634,43.5181643577872,1
beerten_vsc,41,1.79074061185469,3,2,3,63.4580407745312,-18.8421009546678,-60.8716931924256,22.6011437009846,250,66.1962816729758,64.9320778098572,26.4785126691903,1
beerten_vsc,41,1.79074061185469,4,2,4,71.729975099244,-10.0239134101804,-68.6042315907526,15.4780147772375,250,72.4269850800995,70.3285826218757,28.9707940320398,1
beerten_vsc,41,1.79074061185469,5,2,5,127.70680866399,13.738962562354,-121.090306680343,3.27895281230677,250,128.4437155778,121.134693228178,51.37748623112,1
beerten_vsc,41,1.79074061185469,6,3,4,55.8246896650169,45.3279167384053,-55.2984224804653,-45.7106797639592,250,71.9097768877032,71.7452561031826,28.7639107550813,1
beerten_vsc,41,1.79074061185469,7,4,5,11.5948105138792,9.49677107050313,-11.3651299443335,-13.4309584370217,250,14.9876045990782,17.5942269846842,7.03769079387369,1
beerten_vsc,41,1.79074061185469,8,4,7,112.307843559106,20.7358939263645,-111.629624472013,-13.9537030554413,250,114.206081369698,112.498350604452,45.6824325478791,1
beerten_vsc,42,1.82984876736177,1,1,2,233.905952562291,38.4095683166484,-223.856541059844,-14.6321338093072,250,237.038582476237,224.33423794662,94.8154329904948,1
beerten_vsc,42,1.82984876736177,2,1,3,110.990237231145,0.576142173887073,-102.211104480584,20.4522560777969,250,110.991732576938,104.237251775997,44.3966930307751,1
beerten_vsc,42,1.82984876736177,3,2,3,64.4351980385777,-19.0362701009687,-61.7699204914433,23.0321027423718,250,67.1883496272067,65.9242052227738,26.8753398508827,1
beerten_vsc,42,1.82984876736177,4,2,4,72.827777978123,-10.0050071685275,-69.6069987471237,15.7458461262879,250,73.5118045872435,71.3657196755894,29.4047218348974,1
beerten_vsc,42,1.82984876736177,5,2,5,129.9448311154,14.6135507336921,-123.086708855058,3.13360989375436,250,130.763966744115,123.126590985603,52.3055866976462,1
beerten_vsc,42,1.82984876736177,6,3,4,56.791595302702,46.3991835166983,-56.2443985131945,-46.7183425157951,250,73.3360043092213,73.1165910825592,29.3344017236885,1
beerten_vsc,42,1.82984876736177,7,4,5,11.9591362910124,9.84014977531454,-11.7152532700375,-13.7223843874077,250,15.4870748828703,18.043031686967,7.21721267478679,1
beerten_vsc,42,1.82984876736177,8,4,7,113.892260970999,21.1323466248125,-113.193950691794,-14.1492438327641,250,115.836191162164,114.07485075272,46.3344764648655,1
beerten_vsc,43,1.86866003351164,1,1,2,239.421230154324,37.3189128208911,-228.923156430925,-12.1954916506933,250,242.312250418222,229.247773308488,96.9249001672887,1
beerten_vsc,43,1.86866003351164,2,1,3,113.179277066148,0.427609075163617,-104.05145620782,21.6468534998195,250,113.18008485037,106.279310335599,45.272033940148,1
beerten_vsc,43,1.86866003351164,3,2,3,65.4084321464502,-19.2277522713051,-62.6633970799432,23.4628574708261,250,68.1760181681466,66.9119347672367,27.2704072672586,1
beerten_vsc,43,1.86866003351164,4,2,4,73.9199751790343,-9.98293258086965,-70.6032412131985,16.0132644966347,250,74.5910294431123,72.3964247021099,29.8364117772449,1
beerten_vsc,43,1.86866003351164,5,2,5,132.16978985548,15.4961552251914,-125.066700798328,2.99028331855974,250,133.075107278578,125.102443792692,53.230042911431,1
beerten_vsc,43,1.86866003351164,6,3,4,57.7527032935369,47.4715924520711,-57.1842162922818,-47.7260664391776,250,74.7591253804299,74.4836358586184,29.903650152172,1
beerten_vsc,43,1.86866003351164,7,4,5,12.3224835951958,10.183776044177,-12.0639736467859,-14.012798055635,250,15.9860219088997,18.4904832143012,7.39619328572047,1
beerten_vsc,43,1.86866003351164,8,4,7,115.464973911888,21.5290259094582,-114.746401337272,-14.3433001633005,250,117.454923937156,115.639382908371,46.9819695748624,1
beerten_vsc,44,1.90717036424525,1,1,2,244.917246373065,36.2511710866809,-233.960614446444,-9.75207530681664,250,247.585550822581,234.163771930987,99.0342203290322,1
beerten_vsc,44,1.90717036424525,2,1,3,115.359683044584,0.291103412951549,-105.877684387896,22.8458925571116,250,115.360050335217,108.314444364886,46.144020134087,1
beerten_vsc,44,1.90717036424525,3,2,3,66.3776149349783,-19.4165477451766,-63.5520205950885,23.8933307648459,250,69.159164908181,67.8951439850958,27.6636659632724,1
beerten_vsc,44,1.90717036424525,4,2,4,75.0064287097757,-9.95774245562503,-71.5928547021049,16.2802212737685,250,75.664529223456,73.4205860036514,30.2658116893824,1
beerten_vsc,44,1.90717036424525,5,2,5,134.381404937802,16.3865170862213,-127.030089143189,2.84897155028684,250,135.376807228102,127.062032828933,54.1507228912407,1
beerten_vsc,44,1.90717036424525,6,3,4,58.7078898991956,48.5449185240223,-58.1177583703987,-48.7336455400665,250,76.1789042381159,75.8461735727313,30.4715616952464,1
beerten_vsc,44,1.90717036424525,7,4,5,12.6848002924391,10.5275903063104,-12.4112416731712,-14.3021497001463,250,16.484365808747,18.9364834622286,7.57459338489144,1
beerten_vsc,44,1.90717036424525,8,4,7,117.025812781565,21.9258339715504,-116.286814566086,-14.5358518167582,250,119.062097464029,117.191783969551,47.6248389856116,1
beerten_vsc,45,1.94537597416815,1,1,2,250.524921522724,35.1813547152682,-239.088644389019,-7.24332331415171,250,252.983129918911,239.198339476703,101.193251967564,1
beerten_vsc,45,1.94537597416815,2,1,3,117.227968408719,2.25716572589726,-107.425147039977,21.866947815299,250,117.249696691931,109.628124235151,46.8998786767724,1
beerten_vsc,45,1.94537597416815,3,2,3,67.2771606200599,-16.937547434368,-64.4275526213891,21.5060909783571,250,69.3764863205741,67.922172270557,27.7505945282296,1
beerten_vsc,45,1.94537597416815,4,2,4,76.1114095189418,-7.7693963655709,-72.6156699629119,14.3557938880015,250,76.5069289597054,74.0211074107739,30.6027715838822,1
beerten_vsc,45,1.94537597416815,5,2,5,136.740796167057,18.4359713819521,-129.10260085052,1.66864384813543,250,137.978006860502,129.113383964098,55.1912027442009,1
beerten_vsc,45,1.94537597416815,6,3,4,59.4455840143436,46.3833474252613,-58.8620278028839,-46.5732295897237,250,75.4002147024721,75.0586705949726,30.1600858809888,1
beerten_vsc,45,1.94537597416815,7,4,5,12.8965308080871,9.82927592105169,-12.6311382113053,-13.5924090953196,250,16.2152758846745,18.5553021405641,7.42212085622565,1
beerten_vsc,45,1.94537597416815,8,4,7,118.581166957709,22.3881597806702,-117.815038966726,-14.7268798708405,250,120.676107226811,118.731901346948,48.2704428907246,1
beerten_vsc,46,1.99061771697406,1,1,2,257.117647200131,33.9489034451463,-245.102295693017,-4.27364892380507,250,259.349209651502,245.139550927857,103.739683860601,1
beerten_vsc,46,1.99061771697406,2,1,3,119.656673701147,3.12857907456671,-109.437396800834,22.2567437320654,250,119.697567094109,111.677690073256,47.8790268376435,1
beerten_vsc,46,1.99061771697406,3,2,3,68.3946604485581,-15.8732452281379,-65.4724825419379,20.668972632553,250,70.2124596631264,68.6575006819327,28.0849838652506,1
beerten_vsc,46,1.99061771697406,4,2,4,77.4098276823612,-6.68983450098991,-73.8012621006855,13.6242452370675,250,77.6983610346028,75.0482934245265,31.0793444138411,1
beerten_vsc,46,1.99061771697406,5,2,5,139.43369445553,20.0781792824647,-131.470745267264,1.00789246596628,250,140.871886594937,131.474608606958,56.3487546379748,1
beerten_vsc,46,1.99061771697406,6,3,4,60.4641268186607,46.1204596196851,-59.8679370364475,-46.2629364352439,250,76.0460875224629,75.6599575245153,30.4184350089852,1
beerten_vsc,46,1.99061771697406,7,4,5,13.2500542826072,9.74123918318927,-12.9775596049676,-13.4591556887343,250,16.4455367597454,18.6966821964239,7.47867287856957,1
beerten_vsc,46,1.99061771697406,8,4,7,120.419144592075,22.8974521230101,-119.624708233591,-14.953088538172,250,122.57676655065,120.555653856641,49.0307066202602,1
beerten_vsc,47,2.03579636348466,1,1,2,263.745282175728,32.7374170875002,-251.131295488082,-1.26625702456353,250,265.769284055768,251.134487835452,106.307713622307,1
beerten_vsc,47,2.03579636348466,2,1,3,122.087161605742,4.02532034308763,-111.441392318809,22.6514326225153,250,122.153502744748,113.720144749323,48.8614010978992,1
beerten_vsc,47,2.03579636348466,3,2,3,69.5164569633904,-14.793160163058,-66.51873532197,19.8250811711602,250,71.0730284732035,69.4102009237648,28.4292113892814,1
beerten_vsc,47,2.03579636348466,4,2,4,78.7128833343125,-5.59320775080646,-74.9877058474675,12.8870779056958,250,78.9113551762024,76.0870081236855,31.564542070481,1
beerten_vsc,47,2.03579636348466,5,2,5,142.134269145416,21.7495889567961,-133.837191604551,0.346120843771425,250,143.788716821909,133.837639161156,57.5154867287634,1
beerten_vsc,47,2.03579636348466,6,3,4,61.4785288529122,45.8598241463588,-60.8693606763319,-45.9537727275199,250,76.6989763989932,76.2681342176267,30.6795905595973,1
beerten_vsc,47,2.03579636348466,7,4,5,13.6017620511726,9.65321192501685,-13.3218946906916,-13.3248924290078,250,16.6791016354601,18.8421239884071,7.53684959536284,1
beerten_vsc,47,2.03579636348466,8,4,7,122.255304196703,23.4134830095717,-121.431854072609,-15.1789817686321,250,124.477108702235,122.376863299579,49.7908434808938,1
beerten_vsc,48,2.08090993458524,1,1,2,270.408360032266,31.5471758152732,-257.175902536649,1.77939667157767,250,272.242365324098,257.182058274007,108.896946129639,1
beerten_vsc,48,2.08090993458524,2,1,3,124.519343027786,4.94774148201668,-113.436940872934,23.0509752093391,250,124.61760282498,115.755289350902,49.8470411299918,1
beerten_vsc,48,2.08090993458524,3,2,3,70.6426405530725,-13.6969861681518,-67.5663192632354,18.974358219102,250,71.9582524412673,70.1800097506993,28.7833009765069,1
beerten_vsc,48,2.08090993458524,4,2,4,80.0206660413502,-4.47917354648962,-76.1749940642452,12.1442409630438,250,80.1459293374334,77.1369710920533,32.0583717349734,1
beerten_vsc,48,2.08090993458524,5,2,5,144.842638466495,23.4507717705763,-136.201866094542,-0.316665344414163,250,146.728758648642,136.202234212864,58.6915034594568,1
beerten_vsc,48,2.08090993458524,6,3,4,62.4886934326159,45.6015520365521,-61.8661978789032,-45.6458355420753,250,77.3585053827814,76.8828247551155,30.9434021531126,1
beerten_vsc,48,2.08090993458524,7,4,5,13.9516102243978,9.56519972914182,-13.6640983203548,-13.1896174766269,250,16.9156872077931,18.9914083755804,7.59656335023217,1
beerten_vsc,48,2.08090993458524,8,4,7,124.08958142848,23.9363949676689,-123.236396893905,-15.4045496219198,250,126.377115108486,124.195449467548,50.5508460433944,1
beerten_vsc,49,2.12595636117513,1,1,2,277.107429089426,30.3784681355643,-263.236382390202,4.86387196210631,250,278.767606767384,263.281313929311,111.507042706953,1
beerten_vsc,49,2.12595636117513,2,1,3,126.953125525757,5.89620580993973,-115.423843440351,23.4553297763909,250,127.089973340589,117.782919514936,50.8359893362358,1
beerten_vsc,49,2.12595636117513,3,2,3,71.773304370549,-12.5844056911698,-68.6152422520873,18.1167435106461,250,72.8681994210603,70.9666672793867,29.1472797684241,1
beerten_vsc,49,2.12595636117513,4,2,4,81.3332679839771,-3.3473761814926,-77.3631184418603,11.3956817479923,250,81.4021216446712,78.1979133836117,32.5608486578685,1
beerten_vsc,49,2.12595636117513,5,2,5,147.558924018813,25.1823206353736,-138.564691101981,-0.980460219270285,250,149.692302174068,138.568159843555,59.8769208696272,1
beerten_vsc,49,2.12595636117513,6,3,4,63.4945210913738,45.3457591273386,-62.858344864944,-45.339226245929,250,78.0243044150829,77.5036576926519,31.2097217660332,1
beerten_vsc,49,2.12595636117513,7,4,5,14.2995536046383,9.47720823585495,-14.0041240220501,-13.0533288702219,250,17.1550199427946,19.1443172826593,7.65772691306373,1
beerten_vsc,49,2.12595636117513,8,4,7,125.921909396586,24.4663363851769,-125.03825393332,-15.629781752519,250,128.276766728019,126.0113289523,51.3107066912076,1
beerten_vsc,50,2.17093347924085,1,1,2,283.788068057346,29.240839169276,-269.263470944312,7.96215216982792,250,285.290543564003,269.381166105119,114.116217425601,1
beerten_vsc,50,2.17093347924085,2,1,3,129.380494532646,6.76273643102491,-117.396919948226,23.9626986458476,250,129.557118559913,119.817560231053,51.8228474239654,1
beerten_vsc,50,2.17093347924085,3,2,3,72.894597484301,-11.5913251220503,-69.6512279683039,17.3884027289332,250,73.8104407281473,71.7889274676549,29.5241762912589,1
beerten_vsc,50,2.17093347924085,4,2,4,82.6363321539947,-2.37504757845302,-78.5389897224638,10.8135336184721,250,82.6704556831838,79.279918112616,33.0681822732735,1
beerten_vsc,50,2.17093347924085,5,2,5,150.262113121669,26.8477929905102,-140.90919311878,-1.56278391134909,250,152.641759123284,140.917859048948,61.0567036493134,1
beerten_vsc,50,2.17093347924085,6,3,4,64.4769356227945,44.8616250976262,-63.8295074247072,-44.8126266012057,250,78.5483331058397,77.9895987999671,31.4193332423359,1
beerten_vsc,50,2.17093347924085,7,4,5,14.6638926044467,9.47177185103449,-14.3583126507348,-12.9948767739583,250,17.4569243657867,19.3656387590653,7.74625550362611,1
beerten_vsc,50,2.17093347924085,8,4,7,127.704604530285,24.5273211336959,-126.837339155412,-15.8546673849636,250,130.038669249696,127.824415046237,52.0154676998785,1
beerten_vsc,51,2.21585384385736,1,1,2,290.559716769521,28.1160496946256,-275.355663598842,11.1253098174125,250,291.916873886412,275.580322219298,116.766749554565,1
beerten_vsc,51,2.21585384385736,2,1,3,131.817744154264,7.76012106146325,-119.366605675139,24.3803720356835,250,132.045966060337,121.830985758971,52.8183864241347,1
beerten_vsc,51,2.21585384385736,3,2,3,74.0340924114656,-10.4502811823367,-70.7026199567156,16.5215606744044,250,74.7680093086564,72.6073166826993,29.9072037234626,1
beerten_vsc,51,2.21585384385736,4,2,4,83.958526002541,-1.2136003766012,-79.7287344948088,10.0593799413997,250,83.967296695758,80.3608252132166,33.5869186783032,1
beerten_vsc,51,2.21585384385736,5,2,5,152.994209496351,28.6381564506043,-143.267994850889,-2.22577938747391,250,155.651444401594,143.285283412066,62.2605777606377,1
beerten_vsc,51,2.21585384385736,6,3,4,65.4735937409291,44.6025252301376,-64.8118753850507,-44.5007365777927,250,79.2223247213643,78.6186666568026,31.6889298885457,1
beerten_vsc,51,2.21585384385736,7,4,5,15.0089297346997,9.38682146515558,-14.6948001518419,-12.8593712033379,250,17.7025531774335,19.5269193486276,7.81076773945105,1
beerten_vsc,51,2.21585384385736,8,4,7,129.531679821166,25.0545352989353,-128.634153207943,-16.0792691667079,250,131.932504775505,129.635212301519,52.7730019102019,1
beerten_vsc,52,2.26070087176129,1,1,2,297.369024533951,27.0137139050594,-281.464511284126,14.3290258444176,250,298.593498742384,281.829012158191,119.437399496954,1
beerten_vsc,52,2.26070087176129,2,1,3,134.256322946557,8.78456316821449,-121.327044941526,24.8028333365817,250,134.543408612932,123.836312831759,53.817363445173,1
beerten_vsc,52,2.26070087176129,3,2,3,75.1783410509443,-9.29199204973509,-71.755367384209,15.6477630417045,250,75.7504064637573,73.4417131925184,30.3001625855029,1
beerten_vsc,52,2.26070087176129,4,2,4,85.2858143494336,-0.0334807869146692,-80.9192919531967,9.29949459964346,250,85.285820921236,81.4519024333715,34.1143283684944,1
beerten_vsc,52,2.26070087176129,5,2,5,155.734579626078,30.4606612028314,-145.624682363745,-2.88968892352378,250,158.685573295826,145.653350169559,63.4742293183303,1
beerten_vsc,52,2.26070087176129,6,3,4,66.4656053161196,44.3460363864279,-65.7892335458992,-44.1902727678759,250,79.9014870526486,79.2527820196625,31.9605948210594,1
beerten_vsc,52,2.26070087176129,7,4,5,15.351962715481,9.30199254061568,-15.0290033071937,-12.7229218818854,250,17.9502040223277,19.6912082315991,7.87648329263965,1
beerten_vsc,52,2.26070087176129,8,4,7,131.356562441987,25.588785761284,-130.428034296232,-16.303504303736,250,133.825754073394,131.44305376459,53.5303016293574,1
beerten_vsc,53,2.30547211499076,1,1,2,304.216599493075,25.9341568991254,-287.590305454985,17.5739252151446,250,305.320028660418,288.126754466084,122.128011464167,1
beerten_vsc,53,2.30547211499076,2,1,3,136.696123945407,9.83647000937292,-123.278012009874,25.2300336944095,250,137.049576591624,125.833313734193,54.8198306366496,1
beerten_vsc,53,2.30547211499076,3,2,3,76.3274472443,-8.11609688379403,-72.809475737946,14.7669457206029,250,76.7577372742223,74.2918733318105,30.7030949096889,1
beerten_vsc,53,2.30547211499076,4,2,4,86.6182995341282,1.16571564196392,-82.1106485923023,8.53382244371589,250,86.6261433237211,82.5529208311216,34.6504573294884,1
beerten_vsc,53,2.30547211499076,5,2,5,158.483357542432,32.3159901042456,-147.979159220571,-3.55450273516705,250,161.744544990983,148.02184316283,64.6978179963932,1
beerten_vsc,53,2.30547211499076,6,3,4,67.4528586443963,44.0922884312463,-66.7614653797847,-43.8813488484369,250,80.5854703926529,79.8915892720529,32.2341881570611,1
beerten_vsc,53,2.30547211499076,7,4,5,15.6929423882442,9.2172937509862,-15.360871467108,-12.5855287398332,250,18.1996413396726,19.8582956441428,7.9433182576571,1
beerten_vsc,53,2.30547211499076,8,4,7,133.179171223367,26.1302327937376,-132.218883995717,-16.5273605172387,250,135.718387529464,133.247840247936,54.2873550117855,1
beerten_vsc,54,2.35016500647105,1,1,2,311.170342778664,31.1474725230526,-293.723120748944,14.8455804263465,250,312.725354375953,294.098049841704,125.090141750381,1
beerten_vsc,54,2.35016500647105,2,1,3,139.415007347212,12.2452370447791,-125.414883227153,24.5954437069246,250,139.951742053845,127.803868431362,55.9806968215381,1
beerten_vsc,54,2.35016500647105,3,2,3,77.4686429228264,-7.19911466891732,-73.8245473054262,14.2656394744974,250,77.8024285502747,75.1902404203328,31.1209714201099,1
beerten_vsc,54,2.35016500647105,4,2,4,87.936948959634,2.22622865353904,-83.2519143048172,8.04360840225196,250,87.965124261534,83.6395891402236,35.1860497046136,1
beerten_vsc,54,2.35016500647105,5,2,5,161.262070452032,34.4557840703467,-150.261725620232,-4.17564941284898,250,164.901960031949,150.319733349912,65.9607840127797,1
beerten_vsc,54,2.35016500647105,6,3,4,68.5852804643383,44.4766503516915,-67.865637154934,-44.1580261412784,250,81.7441932058697,80.9671290039296,32.6976772823479,1
beerten_vsc,54,2.35016500647105,7,4,5,16.1105725109991,9.35980580757483,-15.7600595451578,-12.6116617094481,250,18.6321365223549,20.1849817423866,8.07399269695464,1
beerten_vsc,54,2.35016500647105,8,4,7,135.006978948751,26.7546119314493,-134.006600258842,-16.7508250323553,250,137.632458469908,135.049468907499,55.0529833879633,1
beerten_vsc,55,2.38935321253561,1,1,2,317.360554213406,37.6184512570893,-299.133811584489,10.7392101434707,250,319.582335628273,299.326523829029,127.832934251309,1
beerten_vsc,55,2.38935321253561,2,1,3,141.904245229579,14.8055074313406,-127.345978454054,23.7391186298194,250,142.674517221808,129.539739005994,57.0698068887234,1
beerten_vsc,55,2.38935321253561,3,2,3,78.4736203115049,-6.44316598054494,-74.7061652259749,13.9207475006742,250,78.7376877527343,75.9920938897474,31.4950751010937,1
beerten_vsc,55,2.38935321253561,4,2,4,89.0963587746521,3.14646789065184,-84.2396835354492,7.68024338483629,250,89.1519007486012,84.5890679733673,35.6607602994405,1
beerten_vsc,55,2.38935321253561,5,2,5,163.724132788299,36.4742331236226,-152.241190710736,-4.71298165132422,250,167.737775528463,152.314123918527,67.0951102113851,1
beerten_vsc,55,2.38935321253561,6,3,4,69.6254295264434,45.0030339397313,-68.876088603664,-44.5712159365561,250,82.9033986065851,82.0396786402951,33.1613594426341,1
beerten_vsc,55,2.38935321253561,7,4,5,16.5023537808287,9.55130792043558,-16.1320849505244,-12.6793249391723,250,19.0671225752237,20.5185147065779,8.20740588263116,1
beerten_vsc,55,2.38935321253561,8,4,7,136.613418358284,27.3396646312829,-135.574128501424,-16.946766062678,250,139.322228440715,136.629195997429,55.7288913762858,1
beerten_vsc,56,2.42801877288693,1,1,2,323.458381226112,43.6966685318781,-304.440817862029,7.05790912437175,250,326.396573551564,304.522619294051,130.558629420626,1
beerten_vsc,56,2.42801877288693,2,1,3,144.357391770162,17.1713124291038,-129.235804412776,23.0902112121363,250,145.375068458185,131.282333145166,58.1500273832739,1
beerten_vsc,56,2.42801877288693,3,2,3,79.4549554649831,-5.8192802193523,-75.5638474679212,13.7056718418047,250,79.6677724692601,76.7967478789988,31.867108987704,1
beerten_vsc,56,2.42801877288693,4,2,4,90.2309522447243,3.87762377609617,-85.2037857348969,7.49899078353843,250,90.3142331481514,85.533151270895,36.1256932592606,1
beerten_vsc,56,2.42801877288693,5,2,5,166.141443169005,38.3948656876649,-154.174829473329,-5.15127630814614,250,170.520218301097,154.260862472414,68.2080873204387,1
beerten_vsc,56,2.42801877288693,6,3,4,70.6244419207221,45.2058781991789,-69.84910883636,-44.6742459913841,250,83.8533435253029,82.9137278147133,33.5413374101211,1
beerten_vsc,56,2.42801877288693,7,4,5,16.9113821460223,9.82754599897215,-16.5185722644289,-12.8284546856864,250,19.5595374804906,20.9148865470953,8.36595461883813,1
beerten_vsc,56,2.42801877288693,8,4,7,138.14151229595,27.3477092258591,-137.120750752792,-17.1400937942869,250,140.822493300304,138.187854394973,56.3289973201217,1
beerten_vsc,57,2.46618802429249,1,1,2,329.641649152094,50.512501453929,-309.782797775931,2.79284943052188,250,333.489324654997,309.795386998943,133.395729861999,1
beerten_vsc,57,2.46618802429249,2,1,3,146.850740063521,19.8644317451032,-131.130395197516,22.2236800967861,250,148.18817599849,133.000272562507,59.2752703993962,1
beerten_vsc,57,2.46618802429249,3,2,3,80.4489362571633,-5.03679672440922,-76.4263955589044,13.3596784515928,250,80.6064554868414,77.5852753198445,32.2425821947366,1
beerten_vsc,57,2.46618802429249,4,2,4,91.376425034421,4.83305836984012,-86.1661875354277,7.1359503276816,250,91.5041502079411,86.461168517836,36.6016600831764,1
beerten_vsc,57,2.46618802429249,5,2,5,168.580073486,40.5190549625665,-156.093260942197,-5.68055603857301,250,173.381184076025,156.196590322824,69.3524736304101,1
beerten_vsc,57,2.46618802429249,6,3,4,71.6542120358927,45.7524510090167,-70.8468416294348,-45.0999597104755,250,85.015368468396,83.9838159096902,34.0061473873584,1
beerten_vsc,57,2.46618802429249,7,4,5,17.3054256244827,10.0322435745305,-16.8905133088106,-12.9005288157952,250,20.0030914406552,21.2535428473059,8.50141713892237,1
beerten_vsc,57,2.46618802429249,8,4,7,139.707603540379,27.9317658082636,-138.647520971699,-17.3309401214625,250,142.472446557794,139.726506279559,56.9889786231177,1
beerten_vsc,58,2.50375227409579,1,1,2,336.364489306331,63.8469249917367,-315.421219064363,-7.23875269014791,250,342.370412707069,315.504270932357,136.948165082828,1
beerten_vsc,58,2.50375227409579,2,1,3,149.390981010392,26.0221311926844,-132.909030613028,18.4196184898127,250,151.640418487475,134.179330613195,60.65616739499,1
beerten_vsc,58,2.50375227409579,3,2,3,81.4168234446631,-1.99761119459776,-77.2315019250841,10.8969355961174,250,81.441326059343,77.9964620671361,32.5765304237372,1
beerten_vsc,58,2.50375227409579,4,2,4,92.585993666571,7.73022963597162,-87.1150231518661,5.10746042549679,250,92.9081410504546,87.2646171752801,37.1632564201819,1
beerten_vsc,58,2.50375227409579,5,2,5,171.288786433435,44.1984071292541,-158.062621827309,-7.08031640427869,250,176.899258196868,158.221121533466,70.7597032787472,1
beerten_vsc,58,2.50375227409579,6,3,4,72.5871954914856,44.1602813439827,-71.7561005100803,-43.3823682701563,250,84.9648833206923,83.850866645135,33.9859533282769,1
beerten_vsc,58,2.50375227409579,7,4,5,17.6010615016308,9.55643450933597,-17.175409811141,-12.2644474063203,250,20.0280504921327,21.1047713174778,8.44190852699113,1
beerten_vsc,58,2.50375227409579,8,4,7,141.270062160315,28.7184733353222,-140.15009096383,-17.5187613704788,250,144.159568442371,141.240769599736,57.6638273769486,1
beerten_vsc,59,2.5403306887546,1,1,2,342.409449138503,70.4670965428984,-320.569601181007,-11.1434839916347,250,349.585243616659,320.763224882189,139.834097446664,1
beerten_vsc,59,2.5403306887546,2,1,3,151.831365581157,28.5951190948952,-134.715678667405,17.7758027995505,250,154.500629158234,135.883381044144,61.8002516632937,1
beerten_vsc,59,2.5403306887546,3,2,3,82.3704222137225,-1.34203456272082,-78.0473229273611,10.6942004635396,250,82.3813541551391,78.7765862403428,32.9525416620556,1
beerten_vsc,59,2.5403306887546,4,2,4,93.6885508903933,8.50302646516024,-88.027305686892,4.94556738429727,250,94.0736202503605,88.1661226506313,37.6294481001442,1
beerten_vsc,59,2.5403306887546,5,2,5,173.648928435822,46.287526355163,-159.874312488623,-7.49135848509476,250,179.712229530962,160.049730539174,71.8848918123848,1
beerten_vsc,59,2.5403306887546,6,3,4,73.5544592284833,44.3738783760096,-72.6942256434836,-43.4858935998506,250,85.9028495134096,84.7081659822902,34.3611398053639,1
beerten_vsc,59,2.5403306887546,7,4,5,18.0106805204674,9.86243953727394,-17.5586524719298,-12.4295303434752,250,20.5341745983793,21.5127753018847,8.60511012075386,1
beerten_vsc,59,2.5403306887546,8,4,7,142.710850543121,28.6778867115861,-141.613227203493,-17.7016533153097,250,145.563759394237,142.715292274807,58.225503757695,1
beerten_vsc,60,2.57626155992141,1,1,2,348.562114409778,77.9821039356482,-325.757941647126,-15.7368656928083,250,357.178885344648,326.137832040391,142.871554137859,1
beerten_vsc,60,2.57626155992141,2,1,3,154.322485234953,31.5627030617201,-136.524803910314,16.8861376633844,250,157.517090100264,137.565125405884,63.0068360401056,1
beerten_vsc,60,2.57626155992141,3,2,3,83.3387342899519,-0.502569432076677,-78.867056325442,10.3451206964794,250,83.3402496341669,79.5426558248162,33.3360998536668,1
beerten_vsc,60,2.57626155992141,4,2,4,94.803252831319,9.53536327773507,-88.9345547238124,4.58127213395167,250,95.2815821669506,89.0524737348048,38.1126328667803,1
beerten_vsc,60,2.57626155992141,5,2,5,176.035051180922,48.6254023126719,-161.663825856324,-8.00310656211543,250,182.627404828353,161.861800018251,73.0509619313412,1
beerten_vsc,60,2.57626155992141,6,3,4,74.5557881008629,44.9749840330443,-73.6590504281312,-43.9514217547521,250,87.070745535532,85.775189794241,34.8282982142128,1
beerten_vsc,60,2.57626155992141,7,4,5,18.4033859164136,10.0912734344622,-17.925253835665,-12.5102011276308,250,20.9885305040046,21.8590909538068,8.74363638152272,1
beerten_vsc,60,2.57626155992141,8,4,7,144.190219235529,29.2788761863383,-143.050462396856,-17.8813077996072,250,147.132837646546,144.163712357093,58.8531350586184,1
beerten_vsc,61,2.61139017132408,1,1,2,354.691635297377,85.7176683692267,-330.885492302308,-20.4373277935013,250,364.902281193999,331.516052980062,145.9609124776,1
beerten_vsc,61,2.61139017132408,2,1,3,156.8092145672,34.6158099605163,-138.304589309982,15.986307883789,250,160.584507572819,139.225433969365,64.2338030291277,1
beerten_vsc,61,2.61139017132408,3,2,3,84.2970406165559,0.35557550223885,-79.6717549761693,9.99321613738532,250,84.2977905442786,80.2960329639718,33.7191162177114,1
beerten_vsc,61,2.61139017132408,4,2,4,95.9053661366127,10.5934334939382,-89.8219414336677,4.21385022339886,250,96.4886526332928,89.9207300716496,38.5954610533171,1
beerten_vsc,61,2.61139017132408,5,2,5,178.398999526256,51.0329674161504,-163.406545214393,-8.51006901465073,250,185.554754170479,163.62799361215,74.2219016681917,1
beerten_vsc,61,2.61139017132408,6,3,4,75.5483868851663,45.5967877783584,-74.6134199573895,-44.4320558918887,250,88.241859775593,86.8410618804128,35.2967439102372,1
beerten_vsc,61,2.61139017132408,7,4,5,18.7963145044826,10.3268544757516,-18.2905286238152,-12.5918616974624,250,21.4463368040972,22.205819470279,8.88232778811161,1
beerten_vsc,61,2.61139017132408,8,4,7,145.639046886575,29.8913511927385,-144.455606852963,-18.0569508566202,250,148.674896516384,145.579791954433,59.4699586065536,1
beerten_vsc,62,2.64564391760841,1,1,2,360.631882835588,92.8148915070983,-335.835328515858,-24.5365811250001,250,372.384155144946,336.730473365061,148.953662057979,1
beerten_vsc,62,2.64564391760841,2,1,3,159.220975045863,37.3655596638112,-140.02174817599,15.3491150245594,250,163.546641492711,140.860517158988,65.4186565970843,1
beerten_vsc,62,2.64564391760841,3,2,3,85.216253377587,1.03556685424994,-80.4413010915833,9.80305021536942,250,85.2225453646084,81.0364283198107,34.0890181458433,1
beerten_vsc,62,2.64564391760841,4,2,4,96.9667438439336,11.3994051040531,-90.6762319304969,4.07052494485379,250,97.6345013221318,90.7675504265701,39.0538005288527,1
beerten_vsc,62,2.64564391760841,5,2,5,180.682599075679,53.2799670331946,-165.080117589977,-8.89313004724397,250,188.37451126891,165.319487615821,75.349804507564,1
beerten_vsc,62,2.64564391760841,6,3,4,76.48348285247,45.8166555006511,-75.5160800547952,-44.531334796131,250,89.1565424997482,87.6682275717226,35.6626169998993,1
beerten_vsc,62,2.64564391760841,7,4,5,19.2095136840271,10.6621726776146,-18.6724458104208,-12.7697343278252,250,21.9701466127128,22.6213692632948,9.04854770531792,1
beerten_vsc,62,2.64564391760841,8,4,7,146.982797740589,29.7986372395452,-145.825755951318,-18.2282193468287,250,149.973002947147,146.960603834257,59.9892011788588,1
beerten_vsc,63,2.67908031877032,1,1,2,366.702409316078,100.970538615775,-340.828829404659,-29.430968650792,250,380.349453353854,342.097168753374,152.139781341542,1
beerten_vsc,63,2.67908031877032,2,1,3,161.694536240912,40.5782148537457,-141.738983757517,14.4387562699812,250,166.708471802967,142.472513837714,66.6833887211866,1
beerten_vsc,63,2.67908031877032,3,2,3,86.1519575648775,1.92370312255808,-81.2135394662836,9.4520889325413,250,86.1734322512698,81.7617329673868,34.4693729005079,1
beerten_vsc,63,2.67908031877032,4,2,4,98.0409832642442,12.4987863014558,-91.5215638156386,3.70571204804511,250,98.8344780854802,91.5965553121024,39.5337912341921,1
beerten_vsc,63,2.67908031877032,5,2,5,182.996769948016,55.8250706470412,-166.722651257292,-9.38528401243416,250,191.322388455074,166.986604247929,76.5289553820294,1
beerten_vsc,63,2.67908031877032,6,3,4,77.4563121272135,46.4649094287228,-76.4474615093886,-45.0280555142325,250,90.3242386990764,88.7228276973984,36.1296954796306,1
beerten_vsc,63,2.67908031877032,7,4,5,19.604753094372,10.9163470739148,-19.0364057578714,-12.8571711736292,250,22.4390948420264,22.9715387983984,9.18861551935935,1
beerten_vsc,63,2.67908031877032,8,4,7,148.364272230654,30.4059963922714,-147.163212750812,-18.3954015938519,250,151.447951095875,148.308469033093,60.57918043835,1
beerten_vsc,64,2.71148973302085,1,1,2,373.719891464593,116.59598762873,-346.297572594842,-40.3548206274728,250,391.485863866662,348.640961926385,156.594345546665,1
beerten_vsc,64,2.71148973302085,2,1,3,164.391179770408,47.5719555313351,-143.342621090054,10.7968855215767,250,171.136059728456,143.74866871708,68.4544238913825,1
beerten_vsc,64,2.71148973302085,3,2,3,87.1045597320285,5.00419139787407,-81.9295605602694,7.17654505488522,250,87.2481877041413,82.2432714118526,34.8992750816565,1
beerten_vsc,64,2.71148973302085,4,2,4,99.2256075405265,15.5502653596891,-92.3471314349864,1.82548241847348,250,100.43670616136,92.3651723883565,40.1746824645439,1
beerten_vsc,64,2.71148973302085,5,2,5,185.678849238298,60.2408935356538,-168.382826060537,-10.6671289323254,250,195.206558056928,168.720371478349,78.0826232227711,1
beerten_vsc,64,2.71148973302085,6,3,4,78.3490742691814,45.3303829574828,-77.2990112737449,-43.7121716996629,250,90.517517961496,88.8025399332663,36.2070071845984,1
beerten_vsc,64,2.71148973302085,7,4,5,19.9143119467676,10.6068262047279,-19.3213777253945,-12.3348164169439,250,22.562902793091,22.922987005342,9.16919480213681,1
beerten_vsc,64,2.71148973302085,8,4,7,149.731830761958,31.2798630764613,-148.459589320822,-18.5574486651042,250,152.964214695496,149.614934288878,61.1856858781985,1
beerten_vsc,65,2.74210601831454,1,1,2,379.677500942634,125.403336320918,-351.066290029989,-45.5637709565711,250,399.851224185273,354.010730372969,159.940489674109,1
beerten_vsc,65,2.74210601831454,2,1,3,166.831305555444,51.0400688940603,-144.949919486315,9.8619756408935,250,174.464246039251,145.28502236167,69.7856984157004,1
beerten_vsc,65,2.74210601831454,3,2,3,88.0015136151256,5.94618952370011,-82.6470217101623,6.82195033751787,250,88.2021743972613,82.9280965895613,35.2808697589045,1
beerten_vsc,65,2.74210601831454,4,2,4,100.2534926634,16.7255453990543,-93.1227980235741,1.45690434595122,250,101.63910005557,93.1341939462227,40.6556400222281,1
beerten_vsc,65,2.74210601831454,5,2,5,187.9096616444,62.995604419366,-169.865540541403,-11.1377755594291,250,198.18800951489,170.230290805824,79.2752038059559,1
beerten_vsc,65,2.74210601831454,6,3,4,79.2831736023372,46.0443969860369,-78.1867930088933,-44.2588953040507,250,91.6837396175903,89.8444456521963,36.6734958470361,1
beerten_vsc,65,2.74210601831454,7,4,5,20.3044664838818,10.8826227064776,-19.6760061026577,-12.4280627399996,250,23.0369884352669,23.2723432344315,9.30893729377262,1
beerten_vsc,65,2.74210601831454,8,4,7,151.005124548585,31.9193682516215,-149.684240732581,-18.7105300915729,250,154.341808041491,150.849116205554,61.7367232165963,1
beerten_vsc,66,2.77142345334457,1,1,2,385.566176200007,134.463999733664,-355.722867505256,-50.895848811096,250,408.34035246822,359.345440895476,163.336140987288,1
beerten_vsc,66,2.77142345334457,2,1,3,169.251003705932,54.6047109207214,-146.508222319564,8.91674615652672,250,177.841436988686,146.779315876791,71.1365747954744,1
beerten_vsc,66,2.77142345334457,3,2,3,88.8792267917499,6.90795488579854,-83.3394775184318,6.46566649421344,250,89.1472758742719,83.5899118091388,35.6589103497087,1
beerten_vsc,66,2.77142345334457,4,2,4,101.257691164057,17.9294685835228,-93.8662206096258,1.08615919757136,250,102.832805386039,93.8725045651676,41.1331221544157,1
beerten_vsc,66,2.77142345334457,5,2,5,190.097205690471,65.8366591566176,-171.273247821063,-11.5989120822117,250,201.175081210944,171.665547448129,80.4700324843776,1
beerten_vsc,66,2.77142345334457,6,3,4,80.201108210274,46.7843349928624,-79.0560715447553,-44.8241133829186,250,92.8492959525297,90.8793903404628,37.1397183810119,1
beerten_vsc,66,2.77142345334457,7,4,5,20.6940515641713,11.1678123543532,-20.0277349936243,-12.5225947823486,250,23.5151823918639,23.6204476896131,9.44817907584523,1
beerten_vsc,66,2.77142345334457,8,4,7,152.228240590208,32.5701418309933,-150.856938133781,-18.8571172667228,250,155.673541014783,152.030939794209,62.2694164059133,1
beerten_vsc,67,2.7993212496859,1,1,2,391.372798570519,143.779633954738,-360.253909700105,-56.3518917561959,250,416.947539387246,364.634632418142,166.779015754898,1
beerten_vsc,67,2.7993212496859,2,1,3,171.645534911934,58.2659636775137,-148.012682762832,7.96141743058792,250,181.265308811348,148.226645466174,72.5061235245392,1
beerten_vsc,67,2.7993212496859,3,2,3,89.7352537598307,7.88913288574328,-84.0044738255517,6.10805037059665,250,90.0813753504581,84.2262423597155,36.0325501401833,1
beerten_vsc,67,2.7993212496859,4,2,4,102.235274853806,19.161978594779,-94.5743889444797,0.713525854731528,250,104.015541377719,94.5770805394579,41.6062165510875,1
beerten_vsc,67,2.7993212496859,5,2,5,192.235873965154,68.7664496253432,-172.599141009208,-12.0493486765885,250,204.165265981316,173.019219396709,81.6661063925263,1
beerten_vsc,67,2.7993212496859,6,3,4,81.1009785594499,47.5511346863221,-79.9048139693749,-45.4083795534457,250,94.0131859541899,91.9059314144098,37.605274381676,1
beerten_vsc,67,2.7993212496859,7,4,5,21.0828192594985,11.4629107810769,-20.3761261669659,-12.6183956122019,250,23.9975747004486,23.966860983411,9.59902988017943,1
beerten_vsc,67,2.7993212496859,8,4,7,153.396383654355,33.2319429176372,-151.972849987434,-18.9966062484295,250,156.954810529385,153.155535917776,62.781924211754,1
beerten_vsc,68,2.8256695601568,1,1,2,397.082512016635,153.349542798195,-364.644671647069,-61.931556483219,250,425.664895928542,369.866535724757,170.265958371417,1
beerten_vsc,68,2.8256695601568,2,1,3,174.009479007148,62.0228916329338,-149.458056467423,6.9963681510701,250,184.732611822736,149.62172238791,73.8930447290945,1
beerten_vsc,68,2.8256695601568,3,2,3,90.5668850074278,8.88907771391865,-84.639355877829,5.74954687759179,250,91.0020679026182,84.8344143181965,36.4008271610473,1
beerten_vsc,68,2.8256695601568,4,2,4,103.183010661922,20.4226864061687,-95.2440684744592,0.339361086395201,250,105.184693797639,95.2446730558431,42.0738775190556,1
beerten_vsc,68,2.8256695601568,5,2,5,194.31945957123,71.7869052554906,-173.835922665783,-12.4877698212716,250,207.155526438991,174.283884522273,82.8622105755965,1
beerten_vsc,68,2.8256695601568,6,3,4,81.9806953234843,48.3456341109042,-80.7307976421117,-46.012155471193,250,95.174233610297,92.9224415253755,38.0696934441188,1
beerten_vsc,68,2.8256695601568,7,4,5,21.4704834304416,11.7684437854391,-20.7206885881038,-12.7154339097053,250,24.4842383558873,24.3110920173747,9.79369534235494,1
beerten_vsc,68,2.8256695601568,8,4,7,154.504382686128,33.9043505993588,-153.02678240627,-19.1283478007838,250,158.180622260711,154.217670269019,63.2722489042843,1
beerten_vsc,69,2.85033044007157,1,1,2,404.746006648278,174.003014871516,-369.986163269887,-75.5494028550965,250,440.56370604273,377.620806210321,176.225482417092,1
beerten_vsc,69,2.85033044007157,2,1,3,177.02128867077,71.0306638723094,-150.8277446313,3.00225848646236,250,190.740378139504,150.857621970467,76.2961512558018,1
beerten_vsc,69,2.85033044007157,3,2,3,91.5097316452898,12.4715477569794,-85.224276480577,3.35710451694474,250,92.3556738335419,85.2903713931152,36.9422695334168,1
beerten_vsc,69,2.85033044007157,4,2,4,104.353579936138,24.1247344280865,-95.8831189340972,-1.65255653229698,250,107.10589366003,95.8973588772009,42.8423574640119,1
beerten_vsc,69,2.85033044007157,5,2,5,197.052482716353,77.7972871806256,-175.021148130727,-13.7696371242946,250,211.853956388223,175.56196968459,84.7415825552894,1
beerten_vsc,69,2.85033044007157,6,3,4,82.8511798737557,47.6492820365586,-81.5281392757922,-45.0268739954385,250,95.5760016168961,93.1356906646108,38.2304006467584,1
beerten_vsc,69,2.85033044007157,7,4,5,21.8159258519226,11.6066307639796,-21.0160951334466,-12.2332042994501,250,24.7113030507892,24.3172272697806,9.88452122031569,1
beerten_vsc,69,2.85033044007157,8,4,7,155.595332356758,35.0727997639047,-154.013217600402,-19.2516522003474,250,159.49924367999,155.211782117441,63.7996974719961,1
beerten_vsc,70,2.871463674602,1,1,2,410.103487993611,184.319766354388,-373.896186540611,-81.488895579636,250,449.620559064487,382.673226673098,179.848223625795,1
beerten_vsc,70,2.871463674602,2,1,3,179.265598418594,75.0722493946658,-152.066136842481,2.01578348856145,250,194.350192707781,152.079496833955,77.7400770831123,1
beerten_vsc,70,2.871463674602,3,2,3,92.2559976068352,13.525218433499,-85.7555385980912,3.00158806047727,250,93.2421612153335,85.8080528338308,37.2968644861334,1
beerten_vsc,70,2.871463674602,4,2,4,105.199519968207,25.4689600491085,-96.4232115035312,-2.0248559875072,250,108.238657269593,96.4444698177394,43.2954629078371,1
beerten_vsc,70,2.871463674602,5,2,5,198.946674241056,81.0875693807923,-175.964088439764,-14.1629333966622,250,214.837085019467,176.533138823381,85.9348340077866,1
beerten_vsc,70,2.871463674602,6,3,4,83.6535311882297,48.5329075489705,-82.2693558926226,-45.6965885383242,250,96.7127519793385,94.1085815588987,38.6851007917354,1
beerten_vsc,70,2.871463674602,7,4,5,22.1919868626308,11.9437906583889,-21.3416975191126,-12.3370956858621,250,25.2019526267826,24.6510036907103,10.080781050713,1
beerten_vsc,70,2.871463674602,8,4,7,156.500580533522,35.7776538674421,-154.858546984079,-19.3573183730099,250,160.538070947635,156.06369003908,64.215228379054,1
beerten_vsc,71,2.89046473589026,1,1,2,415.289618951986,194.861580548601,-377.596214838912,-87.5371445213397,250,458.733586282043,387.610181924602,183.493434512817,1
beerten_vsc,71,2.89046473589026,2,1,3,181.451554091669,79.1947126333057,-153.221382950389,1.02304813567491,250,197.980981387995,153.224798321674,79.1923925551982,1
beerten_vsc,71,2.89046473589026,3,2,3,92.9648416685757,14.5919800723736,-86.2445351072071,2.64795327987069,250,94.1030693914704,86.2851753920142,37.6412277565882,1
beerten_vsc,71,2.89046473589026,4,2,4,106.000243645316,26.8362594516372,-96.9102643201944,-2.39630010502344,250,109.344576793831,96.9398864493005,43.7378307175323,1
beerten_vsc,71,2.89046473589026,5,2,5,200.756112304486,84.4700921583167,-176.785512317499,-14.5377994853434,250,217.803152173806,177.382256664067,87.1212608695222,1
beerten_vsc,71,2.89046473589026,6,3,4,84.4256509970471,49.4463094409981,-82.9772860507904,-46.3867128745612,250,97.8398081744345,95.0629114411172,39.1359232697738,1
beerten_vsc,71,2.89046473589026,7,4,5,22.5652218504916,12.2932984513106,-21.6609262254872,-12.4421031556119,250,25.6965838969871,24.9800251377153,10.2786335587948,1
beerten_vsc,71,2.89046473589026,8,4,7,157.322328520492,36.4897145282732,-155.618589435609,-19.4523236794512,250,161.498651132028,156.829647307067,64.5994604528111,1
beerten_vsc,72,2.90718394113907,1,1,2,420.281167056772,205.607672488762,-381.066453395979,-93.6837598869181,250,467.879016807602,392.413415635015,187.151606723041,1
beerten_vsc,72,2.90718394113907,2,1,3,183.570282393475,83.3886173881237,-154.287208116929,0.0255964942162512,250,201.6226923933,154.287210240178,80.6490769573198,1
beerten_vsc,72,2.90718394113907,3,2,3,93.6324736751165,15.66888969615,-86.6880762022793,2.29720997749706,250,94.9344733531055,86.718508574196,37.9737893412422,1
beerten_vsc,72,2.90718394113907,4,2,4,106.751320876967,28.2234770800065,-97.34056623261,-2.76602391541017,250,110.41924274085,97.3798578905605,44.1676970963401,1
beerten_vsc,72,2.90718394113907,5,2,5,202.4722160849,87.9420628519298,-177.477132867833,-14.8924250239149,250,220.746018548429,178.100861912792,88.2984074193715,1
beerten_vsc,72,2.90718394113907,6,3,4,85.1647971846505,50.3891209550494,-83.6491112223242,-47.0967292377151,250,98.9550715735442,95.9962275986687,39.5820286294177,1
beerten_vsc,72,2.90718394113907,7,4,5,22.9351966188107,12.6556015418283,-21.973090248039,-12.5481016278539,250,26.1951807462562,25.3035876806317,10.4780722985025,1
beerten_vsc,72,2.90718394113907,8,4,7,158.054480836122,37.2071516112966,-156.287357645562,-19.5359197056954,250,162.374847323722,157.50362001738,64.9499389294888,1
beerten_vsc,73,2.91464090596082,1,1,2,427.10579492417,229.362800034304,-384.993959993103,-108.671198336656,250,484.795476564482,400.037221492071,193.918190625793,1
beerten_vsc,73,2.91464090596082,2,1,3,186.351289766576,93.4992313843571,-155.0219350994,-3.85465054049293,250,208.491988975912,155.069851011574,83.3967955903649,1
beerten_vsc,73,2.91464090596082,3,2,3,94.335455915185,19.3324181581311,-86.9443007299355,0.0980588077828137,250,96.2960052887276,86.9443560269857,38.518402115491,1
beerten_vsc,73,2.91464090596082,4,2,4,107.624934684271,32.1799045080221,-97.5535479107724,-4.61649890565374,250,112.332866160973,97.6627194589894,44.9331464643893,1
beerten_vsc,73,2.91464090596082,5,2,5,204.671635645087,95.1371414183907,-177.664095602555,-15.9574783691521,250,225.702357353436,178.379292470219,90.2809429413744,1
beerten_vsc,73,2.91464090596082,6,3,4,85.8338177054862,50.3420582854105,-84.2104790883175,-46.6535120241835,250,99.5076232974655,96.2702185126563,39.8030493189862,1
beerten_vsc,73,2.91464090596082,7,4,5,23.2804126497813,12.7170252912464,-22.2350138075583,-12.177362133576,250,26.5273508930368,25.3512127432704,10.6109403572147,1
beerten_vsc,73,2.91464090596082,8,4,7,158.483614349305,38.5529856385905,-156.585636238427,-19.5732045298039,250,163.105452756395,157.804219879439,65.2421811025582,1
beerten_vsc,74,2.92369948007252,1,1,2,431.394221383374,240.608311266323,-387.672829254988,-115.052065367717,250,493.95681359143,404.384965457353,197.582725436572,1
beerten_vsc,74,2.92369948007252,2,1,3,188.21769858201,97.8633784912593,-155.77851748511,-4.85167948627477,250,212.139442134724,155.854051290611,84.8557768538896,1
beerten_vsc,74,2.92369948007252,3,2,3,94.8587738245245,20.4254174406062,-87.2323243836182,-0.234964870826659,250,97.0329049813275,87.2326408281861,38.813161992531,1
beerten_vsc,74,2.92369948007252,4,2,4,108.205176571111,33.6122312012376,-97.7931205926975,-4.97140987171851,250,113.305526445583,97.919402323393,45.3222105782333,1
beerten_vsc,74,2.92369948007252,5,2,5,206.064606752728,98.8535527540353,-177.926571793192,-16.2382294188431,250,228.549003603715,178.666015360328,91.4196014414861,1
beerten_vsc,74,2.92369948007252,6,3,4,86.4512780941291,51.3741408785765,-84.7518689287198,-47.4266142373118,250,100.564038478575,97.1193236432672,40.2256153914299,1
beerten_vsc,74,2.92369948007252,7,4,5,23.6308194598787,13.1176181222908,-22.5168408898325,-12.2892840974099,250,27.0275328794109,25.6521856239363,10.8110131517643,1
beerten_vsc,74,2.92369948007252,8,4,7,158.914170061538,39.2804059867389,-156.947979202901,-19.6184974003626,250,163.696865397083,158.169382676048,65.4787461588331,1
beerten_vsc,75,2.92999530031736,1,1,2,435.393554630864,251.926483310388,-390.049259458247,-121.465721078098,250,503.025347678662,408.524596812663,201.210139071465,1
beerten_vsc,75,2.92999530031736,2,1,3,189.979842008319,102.241089011144,-156.424938789554,-5.84495698305797,250,215.744248247063,156.534101707741,86.2976992988252,1
beerten_vsc,75,2.92999530031736,3,2,3,95.3264385424291,21.511626668243,-87.4642083916238,-0.560147175434589,250,97.723487284774,87.4660020489764,39.0893949139096,1
beerten_vsc,75,2.92999530031736,4,2,4,108.71920401094,35.0452898525221,-97.9640845626448,-5.32027212676223,250,114.228007343294,98.1084459142017,45.6912029373178,1
beerten_vsc,75,2.92999530031736,5,2,5,207.332227016968,102.63500312743,-178.032901002836,-16.4918972610871,250,231.345188466895,178.795124415505,92.5380753867578,1
beerten_vsc,75,2.92999530031736,6,3,4,87.0260315424691,52.430449308642,-85.2474272586978,-48.2148633896543,250,101.599617030464,97.9377195257782,40.6398468121855,1
beerten_vsc,75,2.92999530031736,7,4,5,23.9764123237411,13.5322841657574,-22.7891062289456,-12.4017064727647,250,27.531637486006,25.9450512844122,11.0126549944024,1
beerten_vsc,75,2.92999530031736,8,4,7,159.235099497601,40.0028513506585,-157.199812012694,-19.6499765015866,250,164.182962052077,158.423175303802,65.673184820831,1
beerten_vsc,76,2.93058505271814,1,1,2,435.871894101462,253.343348466495,-390.32428603979,-122.268192722448,250,504.149938291985,409.026355170526,201.659975316794,1
beerten_vsc,76,2.93058505271814,2,1,3,190.192258539294,102.787982494738,-156.497834957755,-5.96866739765751,250,216.1908058952,156.611613033544,86.47632235808,1
beerten_vsc,76,2.93058505271814,3,2,3,95.3808208242032,21.6465783628092,-87.4891658166668,-0.600156818875314,250,97.8063154193838,87.4912242656568,39.1225261677535,1
beerten_vsc,76,2.93058505271814,4,2,4,108.778622359709,35.2240513838151,-97.9805612378564,-5.36337584086712,250,114.33950532675,98.1272448451282,45.7358021307,1
beerten_vsc,76,2.93058505271814,5,2,5,207.481505570145,103.111526035227,-178.035068105892,-16.5216270446178,250,231.690660051215,178.800026945387,92.6762640204858,1
beerten_vsc,76,2.93058505271814,6,3,4,87.0947681444484,52.5639971596212,-85.3060548967069,-48.314304106394,250,101.727441900069,98.0377222467204,40.6909767600276,1
beerten_vsc,76,2.93058505271814,7,4,5,24.0192479696545,13.5850941261021,-22.8224339876159,-12.4157785602179,250,27.5949099553306,25.9810517565293,11.0379639821323,1
beerten_vsc,76,2.93058505271814,8,4,7,159.26736816425,40.0925858219181,-157.223402108387,-19.6529252632877,250,164.236140967372,158.446948982742,65.6944563869488,1
beerten_vsc,77,2.93060719857674,1,1,2,435.890480928597,253.398701838543,-390.334929408736,-122.299541804347,250,504.193825287084,409.045883785764,201.677530114833,1
beerten_vsc,77,2.93060719857674,2,1,3,190.200520264432,102.809342897689,-156.500646811022,-5.97349781069723,250,216.208230407436,156.614607008295,86.4832921629745,1
beerten_vsc,77,2.93060719857674,3,2,3,95.382926611534,21.6518458302902,-87.4901225086902,-0.601716757273291,250,97.8095348973705,87.4921916495501,39.1238139589482,1
beerten_vsc,77,2.93060719857674,4,2,4,108.780921434983,35.2310321833812,-97.9811827589551,-5.36505727637122,250,114.343843283976,98.127957353766,45.7375373135903,1
beerten_vsc,77,2.93060719857674,5,2,5,207.487295198874,103.130157407582,-178.035102425587,-16.522779398695,250,231.704136855295,178.800167602682,92.6816547421179,1
beerten_vsc,77,2.93060719857674,6,3,4,87.0974391997022,52.5692206619103,-85.3083301171995,-48.3181925757727,250,101.732427849464,98.0416183116871,40.6929711397857,1
beerten_vsc,77,2.93060719857674,7,4,5,24.0209197046581,13.5871615749904,-22.8237327265821,-12.4163283514188,250,27.5973829035025,25.9824553363361,11.038953161401,1
beerten_vsc,77,2.93060719857674,8,4,7,159.268593171497,40.0960882771528,-157.22428794307,-19.653035992884,250,164.238183946234,158.447841711217,65.6952735784936,1
beerten_vsc,78,2.93061410869532,1,1,2,435.896288105174,253.415999858722,-390.338254184641,-122.30933827543,250,504.207539578956,409.051985582868,201.683015831582,1
beerten_vsc,78,2.93061410869532,2,1,3,190.203101561233,102.816018000728,-156.501525006468,-5.97500724527609,250,216.213675333081,156.615542143592,86.4854701332323,1
beerten_vsc,78,2.93061410869532,3,2,3,95.383584375925,21.6534918578837,-87.4904211866676,-0.602204202721873,250,97.8105407307343,87.4924936741562,39.1242162922937,1
beerten_vsc,78,2.93061410869532,4,2,4,108.781639541025,35.233213645414,-97.981376630292,-5.36558269321752,250,114.345198609372,98.1281796631573,45.7380794437489,1
beerten_vsc,78,2.93061410869532,5,2,5,207.489103688502,103.135979874355,-178.035112286088,-16.5231393895406,250,231.7083479163,178.800210687813,92.68333916652,1
beerten_vsc,78,2.93061410869532,6,3,4,87.0982736287892,52.5708530556151,-85.309040835917,-48.3194077377679,250,101.733985767346,98.0428355999194,40.6935943069383,1
beerten_vsc,78,2.93061410869532,7,4,5,24.0214420443666,13.5878076982236,-22.8241384853744,-12.4165001531153,250,27.598155661833,25.9828938660008,11.0392622647332,1
beerten_vsc,78,2.93061410869532,8,4,7,159.268975302951,40.0971827356611,-157.224564083977,-19.6530705459215,250,164.238821712131,158.448120005507,65.6955286848523,1
beerten_vsc,79,2.93061842342854,1,1,2,435.899917151249,253.42681115046,-390.340331735612,-122.31546111532,250,504.216110792145,409.055798892182,201.686444316858,1
beerten_vsc,79,2.93061842342854,2,1,3,190.204714724178,102.820189925509,-156.502073736193,-5.97595064331021,250,216.217078325519,156.616126467934,86.4868313302076,1
beerten_vsc,79,2.93061842342854,3,2,3,95.3839954115977,21.6545206080514,-87.4906077943169,-0.602508842795013,250,97.8111693184588,87.4926823747256,39.1244677273835,1
beerten_vsc,79,2.93061842342854,4,2,4,108.782088279281,35.2345770525917,-97.9814977206354,-5.36591106925514,250,114.346045626756,98.1283185282517,45.7384182507025,1
beerten_vsc,79,2.93061842342854,5,2,5,207.490233869579,103.139619004222,-178.035118281816,-16.5233643459919,250,231.71097979938,178.800237446516,92.6843919197519,1
beerten_vsc,79,2.93061842342854,6,3,4,87.0987951091326,52.5718733399673,-85.3094849930817,-48.3201672402264,250,101.734959458075,98.0435963839978,40.6939837832301,1
beerten_vsc,79,2.93061842342854,7,4,5,24.0217685136588,13.5882115481958,-22.8243920844488,-12.4166075317925,250,27.5986386548744,25.9831679481778,11.0394554619498,1
beerten_vsc,79,2.93061842342854,8,4,7,159.269214034722,40.0978667653175,-157.224736570244,-19.6530921205427,250,164.239220219676,158.448293835816,65.6956880878703,1
beerten_vsc,80,2.9306190972061,1,1,2,435.900484148284,253.428500417318,-390.34065631355,-122.316417817646,250,504.217450019809,409.056394692754,201.686980007924,1
beerten_vsc,80,2.9306190972061,2,1,3,190.204966768531,102.820841787065,-156.502159463883,-5.976098050694,250,216.217610034934,156.616217757837,86.4870440139735,1
beerten_vsc,80,2.9306190972061,3,2,3,95.3840596315646,21.6546813488176,-87.4906369474411,-0.602556441525065,250,97.8112675314899,87.4927118549549,39.124507012596,1
beerten_vsc,80,2.9306190972061,4,2,4,108.782158389794,35.2347900846937,-97.9815166359693,-5.36596237721579,250,114.346177969597,98.1283402209496,45.7384711878387,1
beerten_vsc,80,2.9306190972061,5,2,5,207.490410456208,103.140187627982,-178.035119210141,-16.5233994921497,250,231.711391034669,178.800241618814,92.6845564138675,1
beerten_vsc,80,2.9306190972061,6,3,4,87.0988765899404,52.5720327640021,-85.3095543917552,-48.3202859159652,250,101.735111599531,98.0437152576363,40.6940446398123,1
beerten_vsc,80,2.9306190972061,7,4,5,24.0218195268679,13.5882746522298,-22.8244317110134,-12.4166243102284,250,27.5987141259487,25.9832107752693,11.0394856503795,1
beerten_vsc,80,2.9306190972061,8,4,7,159.269251334386,40.0979736450106,-157.22476351883,-19.6530954894539,250,164.239282484586,158.448320994164,65.6957129938345,1
beerten_vsc,81,2.93061920247409,1,1,2,435.900572740559,253.428764365326,-390.340707027891,-122.316567302594,250,504.217659273536,409.056487785885,201.687063709414,1
beerten_vsc,81,2.93061920247409,2,1,3,190.20500615016,102.820943640392,-156.502172858558,-5.97612108313292,250,216.217693114331,156.616232021621,86.4870772457324,1
beerten_vsc,81,2.93061920247409,3,2,3,95.384069665828,21.6547064645269,-87.4906415025112,-0.602563878795287,250,97.8112828771832,87.4927164611373,39.1245131508733,1
beerten_vsc,81,2.93061920247409,4,2,4,108.782169344444,35.2348233709531,-97.9815195913673,-5.36597039406521,250,114.346198648077,98.1283436103121,45.7384794592308,1
beerten_vsc,81,2.93061920247409,5,2,5,207.490438047768,103.140276475682,-178.035119354985,-16.5234049836566,250,231.71145529027,178.800242270522,92.6845821161078,1
beerten_vsc,81,2.93061920247409,6,3,4,87.0988893213044,52.5720576741199,-85.3095652352762,-48.3203044591345,250,101.735135371689,98.0437338316698,40.6940541486755,1
beerten_vsc,81,2.93061920247409,7,4,5,24.02182749774,13.5882845122956,-22.8244379027059,-12.4166269318717,250,27.5987259183874,25.9832174670451,11.039490367355,1
beerten_vsc,81,2.93061920247409,8,4,7,159.269257162406,40.0979903449644,-157.224767729489,-19.6530960157945,250,164.239292213433,158.448325237592,65.6957168853731,1
beerten_vsc,82,2.93061921892198,1,1,2,435.900586583078,253.428805607203,-390.340714951984,-122.316590659622,250,504.217691969416,409.05650233167,201.687076787766,1
beerten_vsc,82,2.93061921892198,2,1,3,190.205012303532,102.820959554973,-156.502174951469,-5.97612468195235,250,216.217706095482,156.616234250331,86.4870824381927,1
beerten_vsc,82,2.93061921892198,3,2,3,95.3840712336791,21.6547103888557,-87.4906422142383,-0.602565040867981,250,97.8112852749455,87.4927171808507,39.1245141099782,1
beerten_vsc,82,2.93061921892198,4,2,4,108.782171056105,35.234828571931,-97.9815200531453,-5.36597164669745,250,114.346201879087,98.1283441398971,45.7384807516349,1
beerten_vsc,82,2.93061921892198,5,2,5,207.490442358946,103.140290358141,-178.035119377611,-16.5234058417026,250,231.711465330209,178.800242372347,92.6845861320837,1
beerten_vsc,82,2.93061921892198,6,3,4,87.0988913105797,52.5720615663287,-85.3095669295759,-48.3203073565068,250,101.73513908609,98.0437367338632,40.6940556344359,1
beerten_vsc,82,2.93061921892198,7,4,5,24.0218287431902,13.5882860529323,-22.8244388701588,-12.4166273415037,250,27.598727760958,25.9832185126361,11.0394911043832,1
beerten_vsc,82,2.93061921892198,8,4,7,159.269258073032,40.0979929543318,-157.224768387403,-19.6530960980339,250,164.239293733564,158.448325900626,65.6957174934255,1
