run_id,event_index,event_name,family,k,idx,lambda,message,payload
beerten_vsc,1,PSSE_CONTROL,psse_control,28,1,1.294364,"PSS/E active-set update at lambda = 1.294364; re-corrected unified VSC-MTDC point at fixed lambda (buses 1, generators 0, branches 0).",gen_idx=[0x0]; bus=[0x0]; lambda_event=[0x0]; lambda_candidate=[0x0]; lambda_previous=[0x0]; event_location_method=[0x0]; P_candidate=[0x0]; Q_candidate=[0x0]; margin_candidate=[0x0]; margin_previous=[0x0]; previous_margin_error=[0x0]; margin_event=[0x0]; active_limit=[0x0]; P_projected=[0x0]; Q_projected=[0x0]; S_projected=[0x0]; Smax=[0x0]; gen_type_code=[0x0]; gen_type=[0x0]; bisection_iterations=[0x0]; location_error=[0x0]; P_final=[0x0]; Q_final=[0x0]; V_final=[0x0]; margin_final=[0x0]; inside_final=[0x0]; final_error=[0x0]; vsc_idx=[0x0]; V_candidate=[0x0]; projection_mode=[0x0]; policy_reason=[0x0]; target_ac_mode_if_saturated=[0x0]; from_ac_mode=[0x0]; to_ac_mode=[0x0]; Vmax=[0x0]; Smax_source=[0x0]; Vmax_source=[0x0]; mode_source=[0x0]; lambda_freeze=[0x0]; backoff_lambda=[0x0]; relief_action=[0x0]; margin_old=[0x0]; margin_new=[0x0]; frozen_vsc_idx=[0x0]; frozen_vsc_cols=[0x0]; vsc_margin_final=[0x0]
beerten_vsc,2,PSSE_CONTROL,psse_control,30,1,1.3815074,"PSS/E active-set update at lambda = 1.3815074; re-corrected unified VSC-MTDC point at fixed lambda (buses 1, generators 0, branches 0).",gen_idx=[0x0]; bus=[0x0]; lambda_event=[0x0]; lambda_candidate=[0x0]; lambda_previous=[0x0]; event_location_method=[0x0]; P_candidate=[0x0]; Q_candidate=[0x0]; margin_candidate=[0x0]; margin_previous=[0x0]; previous_margin_error=[0x0]; margin_event=[0x0]; active_limit=[0x0]; P_projected=[0x0]; Q_projected=[0x0]; S_projected=[0x0]; Smax=[0x0]; gen_type_code=[0x0]; gen_type=[0x0]; bisection_iterations=[0x0]; location_error=[0x0]; P_final=[0x0]; Q_final=[0x0]; V_final=[0x0]; margin_final=[0x0]; inside_final=[0x0]; final_error=[0x0]; vsc_idx=[0x0]; V_candidate=[0x0]; projection_mode=[0x0]; policy_reason=[0x0]; target_ac_mode_if_saturated=[0x0]; from_ac_mode=[0x0]; to_ac_mode=[0x0]; Vmax=[0x0]; Smax_source=[0x0]; Vmax_source=[0x0]; mode_source=[0x0]; lambda_freeze=[0x0]; backoff_lambda=[0x0]; relief_action=[0x0]; margin_old=[0x0]; margin_new=[0x0]; frozen_vsc_idx=[0x0]; frozen_vsc_cols=[0x0]; vsc_margin_final=[0x0]
beerten_vsc,3,GEN_CAPABILITY,gen_capability,32,1,1.46451221892404,"Generator capability active-set update at lambda = 1.4678325; saturated generators 2; re-corrected unified VSC-MTDC point at fixed lambda.",gen_idx=2; bus=2; lambda_event=1.46451; lambda_candidate=1.46783; lambda_previous=1.42479; event_location_method={1}; P_candidate=161.096; Q_candidate=13.593; margin_candidate=-1.09618; margin_previous=0; previous_margin_error={1}; margin_event=-0.822258; active_limit={1}; P_projected=160; Q_projected=13.593; S_projected=160.576; Smax=200; gen_type_code=2; gen_type={1}; bisection_iterations=12; location_error={1}; P_final=160; Q_final=14.0313; V_final=1; margin_final=1.77636e-15; inside_final=1; final_error={1}; vsc_idx=[0x0]; V_candidate=[0x0]; projection_mode=[0x0]; policy_reason=[0x0]; target_ac_mode_if_saturated=[0x0]; from_ac_mode=[0x0]; to_ac_mode=[0x0]; Vmax=[0x0]; Smax_source=[0x0]; Vmax_source=[0x0]; mode_source=[0x0]; lambda_freeze=[0x0]; backoff_lambda=[0x0]; relief_action=[0x0]; margin_old=[0x0]; margin_new=[0x0]; frozen_vsc_idx=[0x0]; frozen_vsc_cols=[0x0]; vsc_margin_final=[0x0]
beerten_vsc,4,PSSE_CONTROL,psse_control,33,1,1.5090613,"PSS/E active-set update at lambda = 1.5090613; re-corrected unified VSC-MTDC point at fixed lambda (buses 1, generators 0, branches 0).",gen_idx=[0x0]; bus=[0x0]; lambda_event=[0x0]; lambda_candidate=[0x0]; lambda_previous=[0x0]; event_location_method=[0x0]; P_candidate=[0x0]; Q_candidate=[0x0]; margin_candidate=[0x0]; margin_previous=[0x0]; previous_margin_error=[0x0]; margin_event=[0x0]; active_limit=[0x0]; P_projected=[0x0]; Q_projected=[0x0]; S_projected=[0x0]; Smax=[0x0]; gen_type_code=[0x0]; gen_type=[0x0]; bisection_iterations=[0x0]; location_error=[0x0]; P_final=[0x0]; Q_final=[0x0]; V_final=[0x0]; margin_final=[0x0]; inside_final=[0x0]; final_error=[0x0]; vsc_idx=[0x0]; V_candidate=[0x0]; projection_mode=[0x0]; policy_reason=[0x0]; target_ac_mode_if_saturated=[0x0]; from_ac_mode=[0x0]; to_ac_mode=[0x0]; Vmax=[0x0]; Smax_source=[0x0]; Vmax_source=[0x0]; mode_source=[0x0]; lambda_freeze=[0x0]; backoff_lambda=[0x0]; relief_action=[0x0]; margin_old=[0x0]; margin_new=[0x0]; frozen_vsc_idx=[0x0]; frozen_vsc_cols=[0x0]; vsc_margin_final=[0x0]
beerten_vsc,5,PSSE_CONTROL_SELECTIVE_FREEZE,psse_control,35,1,1.5909053,"Selective PSS/E control freeze at lambda = 1.5909053; locked swshunt rows [1] at blocked control limit and continuing remaining PSS/E discrete controls.",gen_idx=[0x0]; bus=[0x0]; lambda_event=[0x0]; lambda_candidate=[0x0]; lambda_previous=[0x0]; event_location_method=[0x0]; P_candidate=[0x0]; Q_candidate=[0x0]; margin_candidate=[0x0]; margin_previous=[0x0]; previous_margin_error=[0x0]; margin_event=[0x0]; active_limit=[0x0]; P_projected=[0x0]; Q_projected=[0x0]; S_projected=[0x0]; Smax=[0x0]; gen_type_code=[0x0]; gen_type=[0x0]; bisection_iterations=[0x0]; location_error=[0x0]; P_final=[0x0]; Q_final=[0x0]; V_final=[0x0]; margin_final=[0x0]; inside_final=[0x0]; final_error=[0x0]; vsc_idx=[0x0]; V_candidate=[0x0]; projection_mode=[0x0]; policy_reason=[0x0]; target_ac_mode_if_saturated=[0x0]; from_ac_mode=[0x0]; to_ac_mode=[0x0]; Vmax=[0x0]; Smax_source=[0x0]; Vmax_source=[0x0]; mode_source=[0x0]; lambda_freeze=[0x0]; backoff_lambda=[0x0]; relief_action=[0x0]; margin_old=[0x0]; margin_new=[0x0]; frozen_vsc_idx=[0x0]; frozen_vsc_cols=[0x0]; vsc_margin_final=[0x0]
beerten_vsc,6,VSC_CAPABILITY,vsc_capability,44,1,1.9283283645482,"VSC capability active-set update at lambda = 1.945376; saturated converters 2; re-corrected unified VSC-MTDC point at fixed lambda.",gen_idx=[0x0]; bus=[0x0]; lambda_event=1.92833; lambda_candidate=1.94538; lambda_previous=1.90717; event_location_method={1}; P_candidate=20.0737; Q_candidate=150.274; margin_candidate=-1.60892; margin_previous=1.99685; previous_margin_error={1}; margin_event=0; active_limit={1}; P_projected=20.0737; Q_projected=141.218; S_projected=142.638; Smax=150; gen_type_code=[0x0]; gen_type=[0x0]; bisection_iterations=[0x0]; location_error=[0x0]; P_final=20.1348; Q_final=141.218; V_final=0.995058; margin_final=6.61228; inside_final=1; final_error={1}; vsc_idx=2; V_candidate=1; projection_mode={1}; policy_reason={1}; target_ac_mode_if_saturated=1; from_ac_mode=2; to_ac_mode=1; Vmax=1.15; Smax_source={1}; Vmax_source={1}; mode_source={1}; lambda_freeze=[0x0]; backoff_lambda=[0x0]; relief_action=[0x0]; margin_old=[0x0]; margin_new=[0x0]; frozen_vsc_idx=[0x0]; frozen_vsc_cols=[0x0]; vsc_margin_final=[0x0]
beerten_vsc,7,PSSE_CONTROL,psse_control,49,1,2.1709335,"PSS/E active-set update at lambda = 2.1709335; re-corrected unified VSC-MTDC point at fixed lambda (buses 0, generators 0, branches 1).",gen_idx=[0x0]; bus=[0x0]; lambda_event=[0x0]; lambda_candidate=[0x0]; lambda_previous=[0x0]; event_location_method=[0x0]; P_candidate=[0x0]; Q_candidate=[0x0]; margin_candidate=[0x0]; margin_previous=[0x0]; previous_margin_error=[0x0]; margin_event=[0x0]; active_limit=[0x0]; P_projected=[0x0]; Q_projected=[0x0]; S_projected=[0x0]; Smax=[0x0]; gen_type_code=[0x0]; gen_type=[0x0]; bisection_iterations=[0x0]; location_error=[0x0]; P_final=[0x0]; Q_final=[0x0]; V_final=[0x0]; margin_final=[0x0]; inside_final=[0x0]; final_error=[0x0]; vsc_idx=[0x0]; V_candidate=[0x0]; projection_mode=[0x0]; policy_reason=[0x0]; target_ac_mode_if_saturated=[0x0]; from_ac_mode=[0x0]; to_ac_mode=[0x0]; Vmax=[0x0]; Smax_source=[0x0]; Vmax_source=[0x0]; mode_source=[0x0]; lambda_freeze=[0x0]; backoff_lambda=[0x0]; relief_action=[0x0]; margin_old=[0x0]; margin_new=[0x0]; frozen_vsc_idx=[0x0]; frozen_vsc_cols=[0x0]; vsc_margin_final=[0x0]
beerten_vsc,8,PSSE_CONTROL,psse_control,55,1,2.4280188,"PSS/E active-set update at lambda = 2.4280188; re-corrected unified VSC-MTDC point at fixed lambda (buses 0, generators 0, branches 1).",gen_idx=[0x0]; bus=[0x0]; lambda_event=[0x0]; lambda_candidate=[0x0]; lambda_previous=[0x0]; event_location_method=[0x0]; P_candidate=[0x0]; Q_candidate=[0x0]; margin_candidate=[0x0]; margin_previous=[0x0]; previous_margin_error=[0x0]; margin_event=[0x0]; active_limit=[0x0]; P_projected=[0x0]; Q_projected=[0x0]; S_projected=[0x0]; Smax=[0x0]; gen_type_code=[0x0]; gen_type=[0x0]; bisection_iterations=[0x0]; location_error=[0x0]; P_final=[0x0]; Q_final=[0x0]; V_final=[0x0]; margin_final=[0x0]; inside_final=[0x0]; final_error=[0x0]; vsc_idx=[0x0]; V_candidate=[0x0]; projection_mode=[0x0]; policy_reason=[0x0]; target_ac_mode_if_saturated=[0x0]; from_ac_mode=[0x0]; to_ac_mode=[0x0]; Vmax=[0x0]; Smax_source=[0x0]; Vmax_source=[0x0]; mode_source=[0x0]; lambda_freeze=[0x0]; backoff_lambda=[0x0]; relief_action=[0x0]; margin_old=[0x0]; margin_new=[0x0]; frozen_vsc_idx=[0x0]; frozen_vsc_cols=[0x0]; vsc_margin_final=[0x0]
beerten_vsc,9,PSSE_CONTROL,psse_control,58,1,2.5403307,"PSS/E active-set update at lambda = 2.5403307; re-corrected unified VSC-MTDC point at fixed lambda (buses 0, generators 0, branches 1).",gen_idx=[0x0]; bus=[0x0]; lambda_event=[0x0]; lambda_candidate=[0x0]; lambda_previous=[0x0]; event_location_method=[0x0]; P_candidate=[0x0]; Q_candidate=[0x0]; margin_candidate=[0x0]; margin_previous=[0x0]; previous_margin_error=[0x0]; margin_event=[0x0]; active_limit=[0x0]; P_projected=[0x0]; Q_projected=[0x0]; S_projected=[0x0]; Smax=[0x0]; gen_type_code=[0x0]; gen_type=[0x0]; bisection_iterations=[0x0]; location_error=[0x0]; P_final=[0x0]; Q_final=[0x0]; V_final=[0x0]; margin_final=[0x0]; inside_final=[0x0]; final_error=[0x0]; vsc_idx=[0x0]; V_candidate=[0x0]; projection_mode=[0x0]; policy_reason=[0x0]; target_ac_mode_if_saturated=[0x0]; from_ac_mode=[0x0]; to_ac_mode=[0x0]; Vmax=[0x0]; Smax_source=[0x0]; Vmax_source=[0x0]; mode_source=[0x0]; lambda_freeze=[0x0]; backoff_lambda=[0x0]; relief_action=[0x0]; margin_old=[0x0]; margin_new=[0x0]; frozen_vsc_idx=[0x0]; frozen_vsc_cols=[0x0]; vsc_margin_final=[0x0]
beerten_vsc,10,PSSE_CONTROL,psse_control,61,1,2.6456439,"PSS/E active-set update at lambda = 2.6456439; re-corrected unified VSC-MTDC point at fixed lambda (buses 0, generators 0, branches 1).",gen_idx=[0x0]; bus=[0x0]; lambda_event=[0x0]; lambda_candidate=[0x0]; lambda_previous=[0x0]; event_location_method=[0x0]; P_candidate=[0x0]; Q_candidate=[0x0]; margin_candidate=[0x0]; margin_previous=[0x0]; previous_margin_error=[0x0]; margin_event=[0x0]; active_limit=[0x0]; P_projected=[0x0]; Q_projected=[0x0]; S_projected=[0x0]; Smax=[0x0]; gen_type_code=[0x0]; gen_type=[0x0]; bisection_iterations=[0x0]; location_error=[0x0]; P_final=[0x0]; Q_final=[0x0]; V_final=[0x0]; margin_final=[0x0]; inside_final=[0x0]; final_error=[0x0]; vsc_idx=[0x0]; V_candidate=[0x0]; projection_mode=[0x0]; policy_reason=[0x0]; target_ac_mode_if_saturated=[0x0]; from_ac_mode=[0x0]; to_ac_mode=[0x0]; Vmax=[0x0]; Smax_source=[0x0]; Vmax_source=[0x0]; mode_source=[0x0]; lambda_freeze=[0x0]; backoff_lambda=[0x0]; relief_action=[0x0]; margin_old=[0x0]; margin_new=[0x0]; frozen_vsc_idx=[0x0]; frozen_vsc_cols=[0x0]; vsc_margin_final=[0x0]
beerten_vsc,11,PSSE_CONTROL_SELECTIVE_FREEZE,psse_control,64,1,2.742106,"Selective PSS/E control freeze at lambda = 2.742106; locked xfmr rows [1] at blocked control limit and continuing remaining PSS/E discrete controls.",gen_idx=[0x0]; bus=[0x0]; lambda_event=[0x0]; lambda_candidate=[0x0]; lambda_previous=[0x0]; event_location_method=[0x0]; P_candidate=[0x0]; Q_candidate=[0x0]; margin_candidate=[0x0]; margin_previous=[0x0]; previous_margin_error=[0x0]; margin_event=[0x0]; active_limit=[0x0]; P_projected=[0x0]; Q_projected=[0x0]; S_projected=[0x0]; Smax=[0x0]; gen_type_code=[0x0]; gen_type=[0x0]; bisection_iterations=[0x0]; location_error=[0x0]; P_final=[0x0]; Q_final=[0x0]; V_final=[0x0]; margin_final=[0x0]; inside_final=[0x0]; final_error=[0x0]; vsc_idx=[0x0]; V_candidate=[0x0]; projection_mode=[0x0]; policy_reason=[0x0]; target_ac_mode_if_saturated=[0x0]; from_ac_mode=[0x0]; to_ac_mode=[0x0]; Vmax=[0x0]; Smax_source=[0x0]; Vmax_source=[0x0]; mode_source=[0x0]; lambda_freeze=[0x0]; backoff_lambda=[0x0]; relief_action=[0x0]; margin_old=[0x0]; margin_new=[0x0]; frozen_vsc_idx=[0x0]; frozen_vsc_cols=[0x0]; vsc_margin_final=[0x0]
beerten_vsc,12,PSSE_CONTROL_FREEZE,psse_control,72,1,2.91464,"Reached VSC-MTDC monolithic PSS/E control loading limit in 72 continuation steps, lambda = 2.91464; freezing PSS/E discrete controls and continuing CPF.",gen_idx=[0x0]; bus=[0x0]; lambda_event=[0x0]; lambda_candidate=[0x0]; lambda_previous=[0x0]; event_location_method=[0x0]; P_candidate=[0x0]; Q_candidate=[0x0]; margin_candidate=[0x0]; margin_previous=[0x0]; previous_margin_error=[0x0]; margin_event=[0x0]; active_limit=[0x0]; P_projected=[0x0]; Q_projected=[0x0]; S_projected=[0x0]; Smax=[0x0]; gen_type_code=[0x0]; gen_type=[0x0]; bisection_iterations=[0x0]; location_error=[0x0]; P_final=[0x0]; Q_final=[0x0]; V_final=[0x0]; margin_final=[0x0]; inside_final=[0x0]; final_error=[0x0]; vsc_idx=[0x0]; V_candidate=[0x0]; projection_mode=[0x0]; policy_reason=[0x0]; target_ac_mode_if_saturated=[0x0]; from_ac_mode=[0x0]; to_ac_mode=[0x0]; Vmax=[0x0]; Smax_source=[0x0]; Vmax_source=[0x0]; mode_source=[0x0]; lambda_freeze=[0x0]; backoff_lambda=[0x0]; relief_action=[0x0]; margin_old=[0x0]; margin_new=[0x0]; frozen_vsc_idx=[0x0]; frozen_vsc_cols=[0x0]; vsc_margin_final=[0x0]
beerten_vsc,13,VSC_CAPABILITY_MARGIN_INCREASE,vsc_capability,81,1,2.93062,"Reached VSC-MTDC monolithic VSC capability loading limit in 81 continuation steps, lambda = 2.93062; increasing VSC saturation margin from 0.05 to 0.055 and continuing CPF.",gen_idx=[0x0]; bus=[0x0]; lambda_event=[0x0]; lambda_candidate=[0x0]; lambda_previous=[0x0]; event_location_method=[0x0]; P_candidate=[0x0]; Q_candidate=[0x0]; margin_candidate=[0x0]; margin_previous=[0x0]; previous_margin_error=[0x0]; margin_event=[0x0]; active_limit=[0x0]; P_projected=[0x0]; Q_projected=[0x0]; S_projected=[0x0]; Smax=[0x0]; gen_type_code=[0x0]; gen_type=[0x0]; bisection_iterations=[0x0]; location_error=[0x0]; P_final=[0x0]; Q_final=[0x0]; V_final=[0x0]; margin_final=[0x0]; inside_final=[0x0]; final_error=[0x0]; vsc_idx=[0x0]; V_candidate=[0x0]; projection_mode=[0x0]; policy_reason=[0x0]; target_ac_mode_if_saturated=[0x0]; from_ac_mode=[0x0]; to_ac_mode=[0x0]; Vmax=[0x0]; Smax_source=[0x0]; Vmax_source=[0x0]; mode_source=[0x0]; lambda_freeze=2.93062; backoff_lambda=0; relief_action=margin_increase; margin_old=0.05; margin_new=0.055; frozen_vsc_idx=[0x0]; frozen_vsc_cols=[1x3]; vsc_margin_final=[0x0]
beerten_vsc,14,VSC_CAPABILITY_MARGIN_INCREASE,vsc_capability,81,1,2.93062,"Reached VSC-MTDC monolithic VSC capability loading limit in 81 continuation steps, lambda = 2.93062; increasing VSC saturation margin from 0.055 to 0.06 and continuing CPF.",gen_idx=[0x0]; bus=[0x0]; lambda_event=[0x0]; lambda_candidate=[0x0]; lambda_previous=[0x0]; event_location_method=[0x0]; P_candidate=[0x0]; Q_candidate=[0x0]; margin_candidate=[0x0]; margin_previous=[0x0]; previous_margin_error=[0x0]; margin_event=[0x0]; active_limit=[0x0]; P_projected=[0x0]; Q_projected=[0x0]; S_projected=[0x0]; Smax=[0x0]; gen_type_code=[0x0]; gen_type=[0x0]; bisection_iterations=[0x0]; location_error=[0x0]; P_final=[0x0]; Q_final=[0x0]; V_final=[0x0]; margin_final=[0x0]; inside_final=[0x0]; final_error=[0x0]; vsc_idx=[0x0]; V_candidate=[0x0]; projection_mode=[0x0]; policy_reason=[0x0]; target_ac_mode_if_saturated=[0x0]; from_ac_mode=[0x0]; to_ac_mode=[0x0]; Vmax=[0x0]; Smax_source=[0x0]; Vmax_source=[0x0]; mode_source=[0x0]; lambda_freeze=2.93062; backoff_lambda=0; relief_action=margin_increase; margin_old=0.055; margin_new=0.06; frozen_vsc_idx=[0x0]; frozen_vsc_cols=[1x3]; vsc_margin_final=[0x0]
beerten_vsc,15,VSC_CAPABILITY_MARGIN_INCREASE,vsc_capability,81,1,2.93062,"Reached VSC-MTDC monolithic VSC capability loading limit in 81 continuation steps, lambda = 2.93062; increasing VSC saturation margin from 0.06 to 0.065 and continuing CPF.",gen_idx=[0x0]; bus=[0x0]; lambda_event=[0x0]; lambda_candidate=[0x0]; lambda_previous=[0x0]; event_location_method=[0x0]; P_candidate=[0x0]; Q_candidate=[0x0]; margin_candidate=[0x0]; margin_previous=[0x0]; previous_margin_error=[0x0]; margin_event=[0x0]; active_limit=[0x0]; P_projected=[0x0]; Q_projected=[0x0]; S_projected=[0x0]; Smax=[0x0]; gen_type_code=[0x0]; gen_type=[0x0]; bisection_iterations=[0x0]; location_error=[0x0]; P_final=[0x0]; Q_final=[0x0]; V_final=[0x0]; margin_final=[0x0]; inside_final=[0x0]; final_error=[0x0]; vsc_idx=[0x0]; V_candidate=[0x0]; projection_mode=[0x0]; policy_reason=[0x0]; target_ac_mode_if_saturated=[0x0]; from_ac_mode=[0x0]; to_ac_mode=[0x0]; Vmax=[0x0]; Smax_source=[0x0]; Vmax_source=[0x0]; mode_source=[0x0]; lambda_freeze=2.93062; backoff_lambda=0; relief_action=margin_increase; margin_old=0.06; margin_new=0.065; frozen_vsc_idx=[0x0]; frozen_vsc_cols=[1x3]; vsc_margin_final=[0x0]
beerten_vsc,16,VSC_CAPABILITY_MARGIN_INCREASE,vsc_capability,81,1,2.93062,"Reached VSC-MTDC monolithic VSC capability loading limit in 81 continuation steps, lambda = 2.93062; increasing VSC saturation margin from 0.065 to 0.07 and continuing CPF.",gen_idx=[0x0]; bus=[0x0]; lambda_event=[0x0]; lambda_candidate=[0x0]; lambda_previous=[0x0]; event_location_method=[0x0]; P_candidate=[0x0]; Q_candidate=[0x0]; margin_candidate=[0x0]; margin_previous=[0x0]; previous_margin_error=[0x0]; margin_event=[0x0]; active_limit=[0x0]; P_projected=[0x0]; Q_projected=[0x0]; S_projected=[0x0]; Smax=[0x0]; gen_type_code=[0x0]; gen_type=[0x0]; bisection_iterations=[0x0]; location_error=[0x0]; P_final=[0x0]; Q_final=[0x0]; V_final=[0x0]; margin_final=[0x0]; inside_final=[0x0]; final_error=[0x0]; vsc_idx=[0x0]; V_candidate=[0x0]; projection_mode=[0x0]; policy_reason=[0x0]; target_ac_mode_if_saturated=[0x0]; from_ac_mode=[0x0]; to_ac_mode=[0x0]; Vmax=[0x0]; Smax_source=[0x0]; Vmax_source=[0x0]; mode_source=[0x0]; lambda_freeze=2.93062; backoff_lambda=0; relief_action=margin_increase; margin_old=0.065; margin_new=0.07; frozen_vsc_idx=[0x0]; frozen_vsc_cols=[1x3]; vsc_margin_final=[0x0]
beerten_vsc,17,VSC_CAPABILITY_MARGIN_INCREASE,vsc_capability,81,1,2.93062,"Reached VSC-MTDC monolithic VSC capability loading limit in 81 continuation steps, lambda = 2.93062; increasing VSC saturation margin from 0.07 to 0.075 and continuing CPF.",gen_idx=[0x0]; bus=[0x0]; lambda_event=[0x0]; lambda_candidate=[0x0]; lambda_previous=[0x0]; event_location_method=[0x0]; P_candidate=[0x0]; Q_candidate=[0x0]; margin_candidate=[0x0]; margin_previous=[0x0]; previous_margin_error=[0x0]; margin_event=[0x0]; active_limit=[0x0]; P_projected=[0x0]; Q_projected=[0x0]; S_projected=[0x0]; Smax=[0x0]; gen_type_code=[0x0]; gen_type=[0x0]; bisection_iterations=[0x0]; location_error=[0x0]; P_final=[0x0]; Q_final=[0x0]; V_final=[0x0]; margin_final=[0x0]; inside_final=[0x0]; final_error=[0x0]; vsc_idx=[0x0]; V_candidate=[0x0]; projection_mode=[0x0]; policy_reason=[0x0]; target_ac_mode_if_saturated=[0x0]; from_ac_mode=[0x0]; to_ac_mode=[0x0]; Vmax=[0x0]; Smax_source=[0x0]; Vmax_source=[0x0]; mode_source=[0x0]; lambda_freeze=2.93062; backoff_lambda=0; relief_action=margin_increase; margin_old=0.07; margin_new=0.075; frozen_vsc_idx=[0x0]; frozen_vsc_cols=[1x3]; vsc_margin_final=[0x0]
beerten_vsc,18,VSC_CAPABILITY_MARGIN_INCREASE,vsc_capability,81,1,2.93062,"Reached VSC-MTDC monolithic VSC capability loading limit in 81 continuation steps, lambda = 2.93062; increasing VSC saturation margin from 0.075 to 0.08 and continuing CPF.",gen_idx=[0x0]; bus=[0x0]; lambda_event=[0x0]; lambda_candidate=[0x0]; lambda_previous=[0x0]; event_location_method=[0x0]; P_candidate=[0x0]; Q_candidate=[0x0]; margin_candidate=[0x0]; margin_previous=[0x0]; previous_margin_error=[0x0]; margin_event=[0x0]; active_limit=[0x0]; P_projected=[0x0]; Q_projected=[0x0]; S_projected=[0x0]; Smax=[0x0]; gen_type_code=[0x0]; gen_type=[0x0]; bisection_iterations=[0x0]; location_error=[0x0]; P_final=[0x0]; Q_final=[0x0]; V_final=[0x0]; margin_final=[0x0]; inside_final=[0x0]; final_error=[0x0]; vsc_idx=[0x0]; V_candidate=[0x0]; projection_mode=[0x0]; policy_reason=[0x0]; target_ac_mode_if_saturated=[0x0]; from_ac_mode=[0x0]; to_ac_mode=[0x0]; Vmax=[0x0]; Smax_source=[0x0]; Vmax_source=[0x0]; mode_source=[0x0]; lambda_freeze=2.93062; backoff_lambda=0; relief_action=margin_increase; margin_old=0.075; margin_new=0.08; frozen_vsc_idx=[0x0]; frozen_vsc_cols=[1x3]; vsc_margin_final=[0x0]
beerten_vsc,19,VSC_CAPABILITY_MARGIN_INCREASE,vsc_capability,81,1,2.93062,"Reached VSC-MTDC monolithic VSC capability loading limit in 81 continuation steps, lambda = 2.93062; increasing VSC saturation margin from 0.08 to 0.085 and continuing CPF.",gen_idx=[0x0]; bus=[0x0]; lambda_event=[0x0]; lambda_candidate=[0x0]; lambda_previous=[0x0]; event_location_method=[0x0]; P_candidate=[0x0]; Q_candidate=[0x0]; margin_candidate=[0x0]; margin_previous=[0x0]; previous_margin_error=[0x0]; margin_event=[0x0]; active_limit=[0x0]; P_projected=[0x0]; Q_projected=[0x0]; S_projected=[0x0]; Smax=[0x0]; gen_type_code=[0x0]; gen_type=[0x0]; bisection_iterations=[0x0]; location_error=[0x0]; P_final=[0x0]; Q_final=[0x0]; V_final=[0x0]; margin_final=[0x0]; inside_final=[0x0]; final_error=[0x0]; vsc_idx=[0x0]; V_candidate=[0x0]; projection_mode=[0x0]; policy_reason=[0x0]; target_ac_mode_if_saturated=[0x0]; from_ac_mode=[0x0]; to_ac_mode=[0x0]; Vmax=[0x0]; Smax_source=[0x0]; Vmax_source=[0x0]; mode_source=[0x0]; lambda_freeze=2.93062; backoff_lambda=0; relief_action=margin_increase; margin_old=0.08; margin_new=0.085; frozen_vsc_idx=[0x0]; frozen_vsc_cols=[1x3]; vsc_margin_final=[0x0]
beerten_vsc,20,VSC_CAPABILITY_MARGIN_INCREASE,vsc_capability,81,1,2.93062,"Reached VSC-MTDC monolithic VSC capability loading limit in 81 continuation steps, lambda = 2.93062; increasing VSC saturation margin from 0.085 to 0.09 and continuing CPF.",gen_idx=[0x0]; bus=[0x0]; lambda_event=[0x0]; lambda_candidate=[0x0]; lambda_previous=[0x0]; event_location_method=[0x0]; P_candidate=[0x0]; Q_candidate=[0x0]; margin_candidate=[0x0]; margin_previous=[0x0]; previous_margin_error=[0x0]; margin_event=[0x0]; active_limit=[0x0]; P_projected=[0x0]; Q_projected=[0x0]; S_projected=[0x0]; Smax=[0x0]; gen_type_code=[0x0]; gen_type=[0x0]; bisection_iterations=[0x0]; location_error=[0x0]; P_final=[0x0]; Q_final=[0x0]; V_final=[0x0]; margin_final=[0x0]; inside_final=[0x0]; final_error=[0x0]; vsc_idx=[0x0]; V_candidate=[0x0]; projection_mode=[0x0]; policy_reason=[0x0]; target_ac_mode_if_saturated=[0x0]; from_ac_mode=[0x0]; to_ac_mode=[0x0]; Vmax=[0x0]; Smax_source=[0x0]; Vmax_source=[0x0]; mode_source=[0x0]; lambda_freeze=2.93062; backoff_lambda=0; relief_action=margin_increase; margin_old=0.085; margin_new=0.09; frozen_vsc_idx=[0x0]; frozen_vsc_cols=[1x3]; vsc_margin_final=[0x0]
beerten_vsc,21,VSC_CAPABILITY_MARGIN_INCREASE,vsc_capability,81,1,2.93062,"Reached VSC-MTDC monolithic VSC capability loading limit in 81 continuation steps, lambda = 2.93062; increasing VSC saturation margin from 0.09 to 0.095 and continuing CPF.",gen_idx=[0x0]; bus=[0x0]; lambda_event=[0x0]; lambda_candidate=[0x0]; lambda_previous=[0x0]; event_location_method=[0x0]; P_candidate=[0x0]; Q_candidate=[0x0]; margin_candidate=[0x0]; margin_previous=[0x0]; previous_margin_error=[0x0]; margin_event=[0x0]; active_limit=[0x0]; P_projected=[0x0]; Q_projected=[0x0]; S_projected=[0x0]; Smax=[0x0]; gen_type_code=[0x0]; gen_type=[0x0]; bisection_iterations=[0x0]; location_error=[0x0]; P_final=[0x0]; Q_final=[0x0]; V_final=[0x0]; margin_final=[0x0]; inside_final=[0x0]; final_error=[0x0]; vsc_idx=[0x0]; V_candidate=[0x0]; projection_mode=[0x0]; policy_reason=[0x0]; target_ac_mode_if_saturated=[0x0]; from_ac_mode=[0x0]; to_ac_mode=[0x0]; Vmax=[0x0]; Smax_source=[0x0]; Vmax_source=[0x0]; mode_source=[0x0]; lambda_freeze=2.93062; backoff_lambda=0; relief_action=margin_increase; margin_old=0.09; margin_new=0.095; frozen_vsc_idx=[0x0]; frozen_vsc_cols=[1x3]; vsc_margin_final=[0x0]
beerten_vsc,22,VSC_CAPABILITY_MARGIN_INCREASE,vsc_capability,81,1,2.93062,"Reached VSC-MTDC monolithic VSC capability loading limit in 81 continuation steps, lambda = 2.93062; increasing VSC saturation margin from 0.095 to 0.1 and continuing CPF.",gen_idx=[0x0]; bus=[0x0]; lambda_event=[0x0]; lambda_candidate=[0x0]; lambda_previous=[0x0]; event_location_method=[0x0]; P_candidate=[0x0]; Q_candidate=[0x0]; margin_candidate=[0x0]; margin_previous=[0x0]; previous_margin_error=[0x0]; margin_event=[0x0]; active_limit=[0x0]; P_projected=[0x0]; Q_projected=[0x0]; S_projected=[0x0]; Smax=[0x0]; gen_type_code=[0x0]; gen_type=[0x0]; bisection_iterations=[0x0]; location_error=[0x0]; P_final=[0x0]; Q_final=[0x0]; V_final=[0x0]; margin_final=[0x0]; inside_final=[0x0]; final_error=[0x0]; vsc_idx=[0x0]; V_candidate=[0x0]; projection_mode=[0x0]; policy_reason=[0x0]; target_ac_mode_if_saturated=[0x0]; from_ac_mode=[0x0]; to_ac_mode=[0x0]; Vmax=[0x0]; Smax_source=[0x0]; Vmax_source=[0x0]; mode_source=[0x0]; lambda_freeze=2.93062; backoff_lambda=0; relief_action=margin_increase; margin_old=0.095; margin_new=0.1; frozen_vsc_idx=[0x0]; frozen_vsc_cols=[1x3]; vsc_margin_final=[0x0]
beerten_vsc,23,VSC_CAPABILITY_MARGIN_INCREASE,vsc_capability,81,1,2.93062,"Reached VSC-MTDC monolithic VSC capability loading limit in 81 continuation steps, lambda = 2.93062; increasing VSC saturation margin from 0.1 to 0.105 and continuing CPF.",gen_idx=[0x0]; bus=[0x0]; lambda_event=[0x0]; lambda_candidate=[0x0]; lambda_previous=[0x0]; event_location_method=[0x0]; P_candidate=[0x0]; Q_candidate=[0x0]; margin_candidate=[0x0]; margin_previous=[0x0]; previous_margin_error=[0x0]; margin_event=[0x0]; active_limit=[0x0]; P_projected=[0x0]; Q_projected=[0x0]; S_projected=[0x0]; Smax=[0x0]; gen_type_code=[0x0]; gen_type=[0x0]; bisection_iterations=[0x0]; location_error=[0x0]; P_final=[0x0]; Q_final=[0x0]; V_final=[0x0]; margin_final=[0x0]; inside_final=[0x0]; final_error=[0x0]; vsc_idx=[0x0]; V_candidate=[0x0]; projection_mode=[0x0]; policy_reason=[0x0]; target_ac_mode_if_saturated=[0x0]; from_ac_mode=[0x0]; to_ac_mode=[0x0]; Vmax=[0x0]; Smax_source=[0x0]; Vmax_source=[0x0]; mode_source=[0x0]; lambda_freeze=2.93062; backoff_lambda=0; relief_action=margin_increase; margin_old=0.1; margin_new=0.105; frozen_vsc_idx=[0x0]; frozen_vsc_cols=[1x3]; vsc_margin_final=[0x0]
beerten_vsc,24,VSC_CAPABILITY_MARGIN_INCREASE,vsc_capability,81,1,2.93062,"Reached VSC-MTDC monolithic VSC capability loading limit in 81 continuation steps, lambda = 2.93062; increasing VSC saturation margin from 0.105 to 0.11 and continuing CPF.",gen_idx=[0x0]; bus=[0x0]; lambda_event=[0x0]; lambda_candidate=[0x0]; lambda_previous=[0x0]; event_location_method=[0x0]; P_candidate=[0x0]; Q_candidate=[0x0]; margin_candidate=[0x0]; margin_previous=[0x0]; previous_margin_error=[0x0]; margin_event=[0x0]; active_limit=[0x0]; P_projected=[0x0]; Q_projected=[0x0]; S_projected=[0x0]; Smax=[0x0]; gen_type_code=[0x0]; gen_type=[0x0]; bisection_iterations=[0x0]; location_error=[0x0]; P_final=[0x0]; Q_final=[0x0]; V_final=[0x0]; margin_final=[0x0]; inside_final=[0x0]; final_error=[0x0]; vsc_idx=[0x0]; V_candidate=[0x0]; projection_mode=[0x0]; policy_reason=[0x0]; target_ac_mode_if_saturated=[0x0]; from_ac_mode=[0x0]; to_ac_mode=[0x0]; Vmax=[0x0]; Smax_source=[0x0]; Vmax_source=[0x0]; mode_source=[0x0]; lambda_freeze=2.93062; backoff_lambda=0; relief_action=margin_increase; margin_old=0.105; margin_new=0.11; frozen_vsc_idx=[0x0]; frozen_vsc_cols=[1x3]; vsc_margin_final=[0x0]
beerten_vsc,25,VSC_CAPABILITY_MARGIN_INCREASE,vsc_capability,81,1,2.93062,"Reached VSC-MTDC monolithic VSC capability loading limit in 81 continuation steps, lambda = 2.93062; increasing VSC saturation margin from 0.11 to 0.115 and continuing CPF.",gen_idx=[0x0]; bus=[0x0]; lambda_event=[0x0]; lambda_candidate=[0x0]; lambda_previous=[0x0]; event_location_method=[0x0]; P_candidate=[0x0]; Q_candidate=[0x0]; margin_candidate=[0x0]; margin_previous=[0x0]; previous_margin_error=[0x0]; margin_event=[0x0]; active_limit=[0x0]; P_projected=[0x0]; Q_projected=[0x0]; S_projected=[0x0]; Smax=[0x0]; gen_type_code=[0x0]; gen_type=[0x0]; bisection_iterations=[0x0]; location_error=[0x0]; P_final=[0x0]; Q_final=[0x0]; V_final=[0x0]; margin_final=[0x0]; inside_final=[0x0]; final_error=[0x0]; vsc_idx=[0x0]; V_candidate=[0x0]; projection_mode=[0x0]; policy_reason=[0x0]; target_ac_mode_if_saturated=[0x0]; from_ac_mode=[0x0]; to_ac_mode=[0x0]; Vmax=[0x0]; Smax_source=[0x0]; Vmax_source=[0x0]; mode_source=[0x0]; lambda_freeze=2.93062; backoff_lambda=0; relief_action=margin_increase; margin_old=0.11; margin_new=0.115; frozen_vsc_idx=[0x0]; frozen_vsc_cols=[1x3]; vsc_margin_final=[0x0]
beerten_vsc,26,VSC_CAPABILITY_MARGIN_INCREASE,vsc_capability,81,1,2.93062,"Reached VSC-MTDC monolithic VSC capability loading limit in 81 continuation steps, lambda = 2.93062; increasing VSC saturation margin from 0.115 to 0.12 and continuing CPF.",gen_idx=[0x0]; bus=[0x0]; lambda_event=[0x0]; lambda_candidate=[0x0]; lambda_previous=[0x0]; event_location_method=[0x0]; P_candidate=[0x0]; Q_candidate=[0x0]; margin_candidate=[0x0]; margin_previous=[0x0]; previous_margin_error=[0x0]; margin_event=[0x0]; active_limit=[0x0]; P_projected=[0x0]; Q_projected=[0x0]; S_projected=[0x0]; Smax=[0x0]; gen_type_code=[0x0]; gen_type=[0x0]; bisection_iterations=[0x0]; location_error=[0x0]; P_final=[0x0]; Q_final=[0x0]; V_final=[0x0]; margin_final=[0x0]; inside_final=[0x0]; final_error=[0x0]; vsc_idx=[0x0]; V_candidate=[0x0]; projection_mode=[0x0]; policy_reason=[0x0]; target_ac_mode_if_saturated=[0x0]; from_ac_mode=[0x0]; to_ac_mode=[0x0]; Vmax=[0x0]; Smax_source=[0x0]; Vmax_source=[0x0]; mode_source=[0x0]; lambda_freeze=2.93062; backoff_lambda=0; relief_action=margin_increase; margin_old=0.115; margin_new=0.12; frozen_vsc_idx=[0x0]; frozen_vsc_cols=[1x3]; vsc_margin_final=[0x0]
beerten_vsc,27,VSC_CAPABILITY_MARGIN_INCREASE,vsc_capability,81,1,2.93062,"Reached VSC-MTDC monolithic VSC capability loading limit in 81 continuation steps, lambda = 2.93062; increasing VSC saturation margin from 0.12 to 0.125 and continuing CPF.",gen_idx=[0x0]; bus=[0x0]; lambda_event=[0x0]; lambda_candidate=[0x0]; lambda_previous=[0x0]; event_location_method=[0x0]; P_candidate=[0x0]; Q_candidate=[0x0]; margin_candidate=[0x0]; margin_previous=[0x0]; previous_margin_error=[0x0]; margin_event=[0x0]; active_limit=[0x0]; P_projected=[0x0]; Q_projected=[0x0]; S_projected=[0x0]; Smax=[0x0]; gen_type_code=[0x0]; gen_type=[0x0]; bisection_iterations=[0x0]; location_error=[0x0]; P_final=[0x0]; Q_final=[0x0]; V_final=[0x0]; margin_final=[0x0]; inside_final=[0x0]; final_error=[0x0]; vsc_idx=[0x0]; V_candidate=[0x0]; projection_mode=[0x0]; policy_reason=[0x0]; target_ac_mode_if_saturated=[0x0]; from_ac_mode=[0x0]; to_ac_mode=[0x0]; Vmax=[0x0]; Smax_source=[0x0]; Vmax_source=[0x0]; mode_source=[0x0]; lambda_freeze=2.93062; backoff_lambda=0; relief_action=margin_increase; margin_old=0.12; margin_new=0.125; frozen_vsc_idx=[0x0]; frozen_vsc_cols=[1x3]; vsc_margin_final=[0x0]
beerten_vsc,28,VSC_CAPABILITY_MARGIN_INCREASE,vsc_capability,81,1,2.93062,"Reached VSC-MTDC monolithic VSC capability loading limit in 81 continuation steps, lambda = 2.93062; increasing VSC saturation margin from 0.125 to 0.13 and continuing CPF.",gen_idx=[0x0]; bus=[0x0]; lambda_event=[0x0]; lambda_candidate=[0x0]; lambda_previous=[0x0]; event_location_method=[0x0]; P_candidate=[0x0]; Q_candidate=[0x0]; margin_candidate=[0x0]; margin_previous=[0x0]; previous_margin_error=[0x0]; margin_event=[0x0]; active_limit=[0x0]; P_projected=[0x0]; Q_projected=[0x0]; S_projected=[0x0]; Smax=[0x0]; gen_type_code=[0x0]; gen_type=[0x0]; bisection_iterations=[0x0]; location_error=[0x0]; P_final=[0x0]; Q_final=[0x0]; V_final=[0x0]; margin_final=[0x0]; inside_final=[0x0]; final_error=[0x0]; vsc_idx=[0x0]; V_candidate=[0x0]; projection_mode=[0x0]; policy_reason=[0x0]; target_ac_mode_if_saturated=[0x0]; from_ac_mode=[0x0]; to_ac_mode=[0x0]; Vmax=[0x0]; Smax_source=[0x0]; Vmax_source=[0x0]; mode_source=[0x0]; lambda_freeze=2.93062; backoff_lambda=0; relief_action=margin_increase; margin_old=0.125; margin_new=0.13; frozen_vsc_idx=[0x0]; frozen_vsc_cols=[1x3]; vsc_margin_final=[0x0]
beerten_vsc,29,VSC_CAPABILITY_MARGIN_INCREASE,vsc_capability,81,1,2.93062,"Reached VSC-MTDC monolithic VSC capability loading limit in 81 continuation steps, lambda = 2.93062; increasing VSC saturation margin from 0.13 to 0.135 and continuing CPF.",gen_idx=[0x0]; bus=[0x0]; lambda_event=[0x0]; lambda_candidate=[0x0]; lambda_previous=[0x0]; event_location_method=[0x0]; P_candidate=[0x0]; Q_candidate=[0x0]; margin_candidate=[0x0]; margin_previous=[0x0]; previous_margin_error=[0x0]; margin_event=[0x0]; active_limit=[0x0]; P_projected=[0x0]; Q_projected=[0x0]; S_projected=[0x0]; Smax=[0x0]; gen_type_code=[0x0]; gen_type=[0x0]; bisection_iterations=[0x0]; location_error=[0x0]; P_final=[0x0]; Q_final=[0x0]; V_final=[0x0]; margin_final=[0x0]; inside_final=[0x0]; final_error=[0x0]; vsc_idx=[0x0]; V_candidate=[0x0]; projection_mode=[0x0]; policy_reason=[0x0]; target_ac_mode_if_saturated=[0x0]; from_ac_mode=[0x0]; to_ac_mode=[0x0]; Vmax=[0x0]; Smax_source=[0x0]; Vmax_source=[0x0]; mode_source=[0x0]; lambda_freeze=2.93062; backoff_lambda=0; relief_action=margin_increase; margin_old=0.13; margin_new=0.135; frozen_vsc_idx=[0x0]; frozen_vsc_cols=[1x3]; vsc_margin_final=[0x0]
beerten_vsc,30,VSC_CAPABILITY_MARGIN_INCREASE,vsc_capability,81,1,2.93062,"Reached VSC-MTDC monolithic VSC capability loading limit in 81 continuation steps, lambda = 2.93062; increasing VSC saturation margin from 0.135 to 0.14 and continuing CPF.",gen_idx=[0x0]; bus=[0x0]; lambda_event=[0x0]; lambda_candidate=[0x0]; lambda_previous=[0x0]; event_location_method=[0x0]; P_candidate=[0x0]; Q_candidate=[0x0]; margin_candidate=[0x0]; margin_previous=[0x0]; previous_margin_error=[0x0]; margin_event=[0x0]; active_limit=[0x0]; P_projected=[0x0]; Q_projected=[0x0]; S_projected=[0x0]; Smax=[0x0]; gen_type_code=[0x0]; gen_type=[0x0]; bisection_iterations=[0x0]; location_error=[0x0]; P_final=[0x0]; Q_final=[0x0]; V_final=[0x0]; margin_final=[0x0]; inside_final=[0x0]; final_error=[0x0]; vsc_idx=[0x0]; V_candidate=[0x0]; projection_mode=[0x0]; policy_reason=[0x0]; target_ac_mode_if_saturated=[0x0]; from_ac_mode=[0x0]; to_ac_mode=[0x0]; Vmax=[0x0]; Smax_source=[0x0]; Vmax_source=[0x0]; mode_source=[0x0]; lambda_freeze=2.93062; backoff_lambda=0; relief_action=margin_increase; margin_old=0.135; margin_new=0.14; frozen_vsc_idx=[0x0]; frozen_vsc_cols=[1x3]; vsc_margin_final=[0x0]
beerten_vsc,31,VSC_CAPABILITY_MARGIN_INCREASE,vsc_capability,81,1,2.93062,"Reached VSC-MTDC monolithic VSC capability loading limit in 81 continuation steps, lambda = 2.93062; increasing VSC saturation margin from 0.14 to 0.145 and continuing CPF.",gen_idx=[0x0]; bus=[0x0]; lambda_event=[0x0]; lambda_candidate=[0x0]; lambda_previous=[0x0]; event_location_method=[0x0]; P_candidate=[0x0]; Q_candidate=[0x0]; margin_candidate=[0x0]; margin_previous=[0x0]; previous_margin_error=[0x0]; margin_event=[0x0]; active_limit=[0x0]; P_projected=[0x0]; Q_projected=[0x0]; S_projected=[0x0]; Smax=[0x0]; gen_type_code=[0x0]; gen_type=[0x0]; bisection_iterations=[0x0]; location_error=[0x0]; P_final=[0x0]; Q_final=[0x0]; V_final=[0x0]; margin_final=[0x0]; inside_final=[0x0]; final_error=[0x0]; vsc_idx=[0x0]; V_candidate=[0x0]; projection_mode=[0x0]; policy_reason=[0x0]; target_ac_mode_if_saturated=[0x0]; from_ac_mode=[0x0]; to_ac_mode=[0x0]; Vmax=[0x0]; Smax_source=[0x0]; Vmax_source=[0x0]; mode_source=[0x0]; lambda_freeze=2.93062; backoff_lambda=0; relief_action=margin_increase; margin_old=0.14; margin_new=0.145; frozen_vsc_idx=[0x0]; frozen_vsc_cols=[1x3]; vsc_margin_final=[0x0]
beerten_vsc,32,VSC_CAPABILITY_MARGIN_INCREASE,vsc_capability,81,1,2.93062,"Reached VSC-MTDC monolithic VSC capability loading limit in 81 continuation steps, lambda = 2.93062; increasing VSC saturation margin from 0.145 to 0.15 and continuing CPF.",gen_idx=[0x0]; bus=[0x0]; lambda_event=[0x0]; lambda_candidate=[0x0]; lambda_previous=[0x0]; event_location_method=[0x0]; P_candidate=[0x0]; Q_candidate=[0x0]; margin_candidate=[0x0]; margin_previous=[0x0]; previous_margin_error=[0x0]; margin_event=[0x0]; active_limit=[0x0]; P_projected=[0x0]; Q_projected=[0x0]; S_projected=[0x0]; Smax=[0x0]; gen_type_code=[0x0]; gen_type=[0x0]; bisection_iterations=[0x0]; location_error=[0x0]; P_final=[0x0]; Q_final=[0x0]; V_final=[0x0]; margin_final=[0x0]; inside_final=[0x0]; final_error=[0x0]; vsc_idx=[0x0]; V_candidate=[0x0]; projection_mode=[0x0]; policy_reason=[0x0]; target_ac_mode_if_saturated=[0x0]; from_ac_mode=[0x0]; to_ac_mode=[0x0]; Vmax=[0x0]; Smax_source=[0x0]; Vmax_source=[0x0]; mode_source=[0x0]; lambda_freeze=2.93062; backoff_lambda=0; relief_action=margin_increase; margin_old=0.145; margin_new=0.15; frozen_vsc_idx=[0x0]; frozen_vsc_cols=[1x3]; vsc_margin_final=[0x0]
beerten_vsc,33,VSC_CAPABILITY_MARGIN_INCREASE,vsc_capability,81,1,2.93062,"Reached VSC-MTDC monolithic VSC capability loading limit in 81 continuation steps, lambda = 2.93062; increasing VSC saturation margin from 0.15 to 0.155 and continuing CPF.",gen_idx=[0x0]; bus=[0x0]; lambda_event=[0x0]; lambda_candidate=[0x0]; lambda_previous=[0x0]; event_location_method=[0x0]; P_candidate=[0x0]; Q_candidate=[0x0]; margin_candidate=[0x0]; margin_previous=[0x0]; previous_margin_error=[0x0]; margin_event=[0x0]; active_limit=[0x0]; P_projected=[0x0]; Q_projected=[0x0]; S_projected=[0x0]; Smax=[0x0]; gen_type_code=[0x0]; gen_type=[0x0]; bisection_iterations=[0x0]; location_error=[0x0]; P_final=[0x0]; Q_final=[0x0]; V_final=[0x0]; margin_final=[0x0]; inside_final=[0x0]; final_error=[0x0]; vsc_idx=[0x0]; V_candidate=[0x0]; projection_mode=[0x0]; policy_reason=[0x0]; target_ac_mode_if_saturated=[0x0]; from_ac_mode=[0x0]; to_ac_mode=[0x0]; Vmax=[0x0]; Smax_source=[0x0]; Vmax_source=[0x0]; mode_source=[0x0]; lambda_freeze=2.93062; backoff_lambda=0; relief_action=margin_increase; margin_old=0.15; margin_new=0.155; frozen_vsc_idx=[0x0]; frozen_vsc_cols=[1x3]; vsc_margin_final=[0x0]
beerten_vsc,34,VSC_CAPABILITY_MARGIN_INCREASE,vsc_capability,81,1,2.93062,"Reached VSC-MTDC monolithic VSC capability loading limit in 81 continuation steps, lambda = 2.93062; increasing VSC saturation margin from 0.155 to 0.16 and continuing CPF.",gen_idx=[0x0]; bus=[0x0]; lambda_event=[0x0]; lambda_candidate=[0x0]; lambda_previous=[0x0]; event_location_method=[0x0]; P_candidate=[0x0]; Q_candidate=[0x0]; margin_candidate=[0x0]; margin_previous=[0x0]; previous_margin_error=[0x0]; margin_event=[0x0]; active_limit=[0x0]; P_projected=[0x0]; Q_projected=[0x0]; S_projected=[0x0]; Smax=[0x0]; gen_type_code=[0x0]; gen_type=[0x0]; bisection_iterations=[0x0]; location_error=[0x0]; P_final=[0x0]; Q_final=[0x0]; V_final=[0x0]; margin_final=[0x0]; inside_final=[0x0]; final_error=[0x0]; vsc_idx=[0x0]; V_candidate=[0x0]; projection_mode=[0x0]; policy_reason=[0x0]; target_ac_mode_if_saturated=[0x0]; from_ac_mode=[0x0]; to_ac_mode=[0x0]; Vmax=[0x0]; Smax_source=[0x0]; Vmax_source=[0x0]; mode_source=[0x0]; lambda_freeze=2.93062; backoff_lambda=0; relief_action=margin_increase; margin_old=0.155; margin_new=0.16; frozen_vsc_idx=[0x0]; frozen_vsc_cols=[1x3]; vsc_margin_final=[0x0]
beerten_vsc,35,VSC_CAPABILITY_MARGIN_INCREASE,vsc_capability,81,1,2.93062,"Reached VSC-MTDC monolithic VSC capability loading limit in 81 continuation steps, lambda = 2.93062; increasing VSC saturation margin from 0.16 to 0.165 and continuing CPF.",gen_idx=[0x0]; bus=[0x0]; lambda_event=[0x0]; lambda_candidate=[0x0]; lambda_previous=[0x0]; event_location_method=[0x0]; P_candidate=[0x0]; Q_candidate=[0x0]; margin_candidate=[0x0]; margin_previous=[0x0]; previous_margin_error=[0x0]; margin_event=[0x0]; active_limit=[0x0]; P_projected=[0x0]; Q_projected=[0x0]; S_projected=[0x0]; Smax=[0x0]; gen_type_code=[0x0]; gen_type=[0x0]; bisection_iterations=[0x0]; location_error=[0x0]; P_final=[0x0]; Q_final=[0x0]; V_final=[0x0]; margin_final=[0x0]; inside_final=[0x0]; final_error=[0x0]; vsc_idx=[0x0]; V_candidate=[0x0]; projection_mode=[0x0]; policy_reason=[0x0]; target_ac_mode_if_saturated=[0x0]; from_ac_mode=[0x0]; to_ac_mode=[0x0]; Vmax=[0x0]; Smax_source=[0x0]; Vmax_source=[0x0]; mode_source=[0x0]; lambda_freeze=2.93062; backoff_lambda=0; relief_action=margin_increase; margin_old=0.16; margin_new=0.165; frozen_vsc_idx=[0x0]; frozen_vsc_cols=[1x3]; vsc_margin_final=[0x0]
beerten_vsc,36,VSC_CAPABILITY_MARGIN_INCREASE,vsc_capability,81,1,2.93062,"Reached VSC-MTDC monolithic VSC capability loading limit in 81 continuation steps, lambda = 2.93062; increasing VSC saturation margin from 0.165 to 0.17 and continuing CPF.",gen_idx=[0x0]; bus=[0x0]; lambda_event=[0x0]; lambda_candidate=[0x0]; lambda_previous=[0x0]; event_location_method=[0x0]; P_candidate=[0x0]; Q_candidate=[0x0]; margin_candidate=[0x0]; margin_previous=[0x0]; previous_margin_error=[0x0]; margin_event=[0x0]; active_limit=[0x0]; P_projected=[0x0]; Q_projected=[0x0]; S_projected=[0x0]; Smax=[0x0]; gen_type_code=[0x0]; gen_type=[0x0]; bisection_iterations=[0x0]; location_error=[0x0]; P_final=[0x0]; Q_final=[0x0]; V_final=[0x0]; margin_final=[0x0]; inside_final=[0x0]; final_error=[0x0]; vsc_idx=[0x0]; V_candidate=[0x0]; projection_mode=[0x0]; policy_reason=[0x0]; target_ac_mode_if_saturated=[0x0]; from_ac_mode=[0x0]; to_ac_mode=[0x0]; Vmax=[0x0]; Smax_source=[0x0]; Vmax_source=[0x0]; mode_source=[0x0]; lambda_freeze=2.93062; backoff_lambda=0; relief_action=margin_increase; margin_old=0.165; margin_new=0.17; frozen_vsc_idx=[0x0]; frozen_vsc_cols=[1x3]; vsc_margin_final=[0x0]
beerten_vsc,37,VSC_CAPABILITY_MARGIN_INCREASE,vsc_capability,81,1,2.93062,"Reached VSC-MTDC monolithic VSC capability loading limit in 81 continuation steps, lambda = 2.93062; increasing VSC saturation margin from 0.17 to 0.175 and continuing CPF.",gen_idx=[0x0]; bus=[0x0]; lambda_event=[0x0]; lambda_candidate=[0x0]; lambda_previous=[0x0]; event_location_method=[0x0]; P_candidate=[0x0]; Q_candidate=[0x0]; margin_candidate=[0x0]; margin_previous=[0x0]; previous_margin_error=[0x0]; margin_event=[0x0]; active_limit=[0x0]; P_projected=[0x0]; Q_projected=[0x0]; S_projected=[0x0]; Smax=[0x0]; gen_type_code=[0x0]; gen_type=[0x0]; bisection_iterations=[0x0]; location_error=[0x0]; P_final=[0x0]; Q_final=[0x0]; V_final=[0x0]; margin_final=[0x0]; inside_final=[0x0]; final_error=[0x0]; vsc_idx=[0x0]; V_candidate=[0x0]; projection_mode=[0x0]; policy_reason=[0x0]; target_ac_mode_if_saturated=[0x0]; from_ac_mode=[0x0]; to_ac_mode=[0x0]; Vmax=[0x0]; Smax_source=[0x0]; Vmax_source=[0x0]; mode_source=[0x0]; lambda_freeze=2.93062; backoff_lambda=0; relief_action=margin_increase; margin_old=0.17; margin_new=0.175; frozen_vsc_idx=[0x0]; frozen_vsc_cols=[1x3]; vsc_margin_final=[0x0]
beerten_vsc,38,VSC_CAPABILITY_MARGIN_INCREASE,vsc_capability,81,1,2.93062,"Reached VSC-MTDC monolithic VSC capability loading limit in 81 continuation steps, lambda = 2.93062; increasing VSC saturation margin from 0.175 to 0.18 and continuing CPF.",gen_idx=[0x0]; bus=[0x0]; lambda_event=[0x0]; lambda_candidate=[0x0]; lambda_previous=[0x0]; event_location_method=[0x0]; P_candidate=[0x0]; Q_candidate=[0x0]; margin_candidate=[0x0]; margin_previous=[0x0]; previous_margin_error=[0x0]; margin_event=[0x0]; active_limit=[0x0]; P_projected=[0x0]; Q_projected=[0x0]; S_projected=[0x0]; Smax=[0x0]; gen_type_code=[0x0]; gen_type=[0x0]; bisection_iterations=[0x0]; location_error=[0x0]; P_final=[0x0]; Q_final=[0x0]; V_final=[0x0]; margin_final=[0x0]; inside_final=[0x0]; final_error=[0x0]; vsc_idx=[0x0]; V_candidate=[0x0]; projection_mode=[0x0]; policy_reason=[0x0]; target_ac_mode_if_saturated=[0x0]; from_ac_mode=[0x0]; to_ac_mode=[0x0]; Vmax=[0x0]; Smax_source=[0x0]; Vmax_source=[0x0]; mode_source=[0x0]; lambda_freeze=2.93062; backoff_lambda=0; relief_action=margin_increase; margin_old=0.175; margin_new=0.18; frozen_vsc_idx=[0x0]; frozen_vsc_cols=[1x3]; vsc_margin_final=[0x0]
beerten_vsc,39,VSC_CAPABILITY_MARGIN_INCREASE,vsc_capability,81,1,2.93062,"Reached VSC-MTDC monolithic VSC capability loading limit in 81 continuation steps, lambda = 2.93062; increasing VSC saturation margin from 0.18 to 0.185 and continuing CPF.",gen_idx=[0x0]; bus=[0x0]; lambda_event=[0x0]; lambda_candidate=[0x0]; lambda_previous=[0x0]; event_location_method=[0x0]; P_candidate=[0x0]; Q_candidate=[0x0]; margin_candidate=[0x0]; margin_previous=[0x0]; previous_margin_error=[0x0]; margin_event=[0x0]; active_limit=[0x0]; P_projected=[0x0]; Q_projected=[0x0]; S_projected=[0x0]; Smax=[0x0]; gen_type_code=[0x0]; gen_type=[0x0]; bisection_iterations=[0x0]; location_error=[0x0]; P_final=[0x0]; Q_final=[0x0]; V_final=[0x0]; margin_final=[0x0]; inside_final=[0x0]; final_error=[0x0]; vsc_idx=[0x0]; V_candidate=[0x0]; projection_mode=[0x0]; policy_reason=[0x0]; target_ac_mode_if_saturated=[0x0]; from_ac_mode=[0x0]; to_ac_mode=[0x0]; Vmax=[0x0]; Smax_source=[0x0]; Vmax_source=[0x0]; mode_source=[0x0]; lambda_freeze=2.93062; backoff_lambda=0; relief_action=margin_increase; margin_old=0.18; margin_new=0.185; frozen_vsc_idx=[0x0]; frozen_vsc_cols=[1x3]; vsc_margin_final=[0x0]
beerten_vsc,40,VSC_CAPABILITY_MARGIN_INCREASE,vsc_capability,81,1,2.93062,"Reached VSC-MTDC monolithic VSC capability loading limit in 81 continuation steps, lambda = 2.93062; increasing VSC saturation margin from 0.185 to 0.19 and continuing CPF.",gen_idx=[0x0]; bus=[0x0]; lambda_event=[0x0]; lambda_candidate=[0x0]; lambda_previous=[0x0]; event_location_method=[0x0]; P_candidate=[0x0]; Q_candidate=[0x0]; margin_candidate=[0x0]; margin_previous=[0x0]; previous_margin_error=[0x0]; margin_event=[0x0]; active_limit=[0x0]; P_projected=[0x0]; Q_projected=[0x0]; S_projected=[0x0]; Smax=[0x0]; gen_type_code=[0x0]; gen_type=[0x0]; bisection_iterations=[0x0]; location_error=[0x0]; P_final=[0x0]; Q_final=[0x0]; V_final=[0x0]; margin_final=[0x0]; inside_final=[0x0]; final_error=[0x0]; vsc_idx=[0x0]; V_candidate=[0x0]; projection_mode=[0x0]; policy_reason=[0x0]; target_ac_mode_if_saturated=[0x0]; from_ac_mode=[0x0]; to_ac_mode=[0x0]; Vmax=[0x0]; Smax_source=[0x0]; Vmax_source=[0x0]; mode_source=[0x0]; lambda_freeze=2.93062; backoff_lambda=0; relief_action=margin_increase; margin_old=0.185; margin_new=0.19; frozen_vsc_idx=[0x0]; frozen_vsc_cols=[1x3]; vsc_margin_final=[0x0]
beerten_vsc,41,VSC_CAPABILITY_MARGIN_INCREASE,vsc_capability,81,1,2.93062,"Reached VSC-MTDC monolithic VSC capability loading limit in 81 continuation steps, lambda = 2.93062; increasing VSC saturation margin from 0.19 to 0.195 and continuing CPF.",gen_idx=[0x0]; bus=[0x0]; lambda_event=[0x0]; lambda_candidate=[0x0]; lambda_previous=[0x0]; event_location_method=[0x0]; P_candidate=[0x0]; Q_candidate=[0x0]; margin_candidate=[0x0]; margin_previous=[0x0]; previous_margin_error=[0x0]; margin_event=[0x0]; active_limit=[0x0]; P_projected=[0x0]; Q_projected=[0x0]; S_projected=[0x0]; Smax=[0x0]; gen_type_code=[0x0]; gen_type=[0x0]; bisection_iterations=[0x0]; location_error=[0x0]; P_final=[0x0]; Q_final=[0x0]; V_final=[0x0]; margin_final=[0x0]; inside_final=[0x0]; final_error=[0x0]; vsc_idx=[0x0]; V_candidate=[0x0]; projection_mode=[0x0]; policy_reason=[0x0]; target_ac_mode_if_saturated=[0x0]; from_ac_mode=[0x0]; to_ac_mode=[0x0]; Vmax=[0x0]; Smax_source=[0x0]; Vmax_source=[0x0]; mode_source=[0x0]; lambda_freeze=2.93062; backoff_lambda=0; relief_action=margin_increase; margin_old=0.19; margin_new=0.195; frozen_vsc_idx=[0x0]; frozen_vsc_cols=[1x3]; vsc_margin_final=[0x0]
beerten_vsc,42,VSC_CAPABILITY_MARGIN_INCREASE,vsc_capability,81,1,2.93062,"Reached VSC-MTDC monolithic VSC capability loading limit in 81 continuation steps, lambda = 2.93062; increasing VSC saturation margin from 0.195 to 0.2 and continuing CPF.",gen_idx=[0x0]; bus=[0x0]; lambda_event=[0x0]; lambda_candidate=[0x0]; lambda_previous=[0x0]; event_location_method=[0x0]; P_candidate=[0x0]; Q_candidate=[0x0]; margin_candidate=[0x0]; margin_previous=[0x0]; previous_margin_error=[0x0]; margin_event=[0x0]; active_limit=[0x0]; P_projected=[0x0]; Q_projected=[0x0]; S_projected=[0x0]; Smax=[0x0]; gen_type_code=[0x0]; gen_type=[0x0]; bisection_iterations=[0x0]; location_error=[0x0]; P_final=[0x0]; Q_final=[0x0]; V_final=[0x0]; margin_final=[0x0]; inside_final=[0x0]; final_error=[0x0]; vsc_idx=[0x0]; V_candidate=[0x0]; projection_mode=[0x0]; policy_reason=[0x0]; target_ac_mode_if_saturated=[0x0]; from_ac_mode=[0x0]; to_ac_mode=[0x0]; Vmax=[0x0]; Smax_source=[0x0]; Vmax_source=[0x0]; mode_source=[0x0]; lambda_freeze=2.93062; backoff_lambda=0; relief_action=margin_increase; margin_old=0.195; margin_new=0.2; frozen_vsc_idx=[0x0]; frozen_vsc_cols=[1x3]; vsc_margin_final=[0x0]
beerten_vsc,43,VSC_CAPABILITY_MARGIN_INCREASE,vsc_capability,81,1,2.93062,"Reached VSC-MTDC monolithic VSC capability loading limit in 81 continuation steps, lambda = 2.93062; increasing VSC saturation margin from 0.2 to 0.205 and continuing CPF.",gen_idx=[0x0]; bus=[0x0]; lambda_event=[0x0]; lambda_candidate=[0x0]; lambda_previous=[0x0]; event_location_method=[0x0]; P_candidate=[0x0]; Q_candidate=[0x0]; margin_candidate=[0x0]; margin_previous=[0x0]; previous_margin_error=[0x0]; margin_event=[0x0]; active_limit=[0x0]; P_projected=[0x0]; Q_projected=[0x0]; S_projected=[0x0]; Smax=[0x0]; gen_type_code=[0x0]; gen_type=[0x0]; bisection_iterations=[0x0]; location_error=[0x0]; P_final=[0x0]; Q_final=[0x0]; V_final=[0x0]; margin_final=[0x0]; inside_final=[0x0]; final_error=[0x0]; vsc_idx=[0x0]; V_candidate=[0x0]; projection_mode=[0x0]; policy_reason=[0x0]; target_ac_mode_if_saturated=[0x0]; from_ac_mode=[0x0]; to_ac_mode=[0x0]; Vmax=[0x0]; Smax_source=[0x0]; Vmax_source=[0x0]; mode_source=[0x0]; lambda_freeze=2.93062; backoff_lambda=0; relief_action=margin_increase; margin_old=0.2; margin_new=0.205; frozen_vsc_idx=[0x0]; frozen_vsc_cols=[1x3]; vsc_margin_final=[0x0]
beerten_vsc,44,VSC_CAPABILITY_MARGIN_INCREASE,vsc_capability,81,1,2.93062,"Reached VSC-MTDC monolithic VSC capability loading limit in 81 continuation steps, lambda = 2.93062; increasing VSC saturation margin from 0.205 to 0.21 and continuing CPF.",gen_idx=[0x0]; bus=[0x0]; lambda_event=[0x0]; lambda_candidate=[0x0]; lambda_previous=[0x0]; event_location_method=[0x0]; P_candidate=[0x0]; Q_candidate=[0x0]; margin_candidate=[0x0]; margin_previous=[0x0]; previous_margin_error=[0x0]; margin_event=[0x0]; active_limit=[0x0]; P_projected=[0x0]; Q_projected=[0x0]; S_projected=[0x0]; Smax=[0x0]; gen_type_code=[0x0]; gen_type=[0x0]; bisection_iterations=[0x0]; location_error=[0x0]; P_final=[0x0]; Q_final=[0x0]; V_final=[0x0]; margin_final=[0x0]; inside_final=[0x0]; final_error=[0x0]; vsc_idx=[0x0]; V_candidate=[0x0]; projection_mode=[0x0]; policy_reason=[0x0]; target_ac_mode_if_saturated=[0x0]; from_ac_mode=[0x0]; to_ac_mode=[0x0]; Vmax=[0x0]; Smax_source=[0x0]; Vmax_source=[0x0]; mode_source=[0x0]; lambda_freeze=2.93062; backoff_lambda=0; relief_action=margin_increase; margin_old=0.205; margin_new=0.21; frozen_vsc_idx=[0x0]; frozen_vsc_cols=[1x3]; vsc_margin_final=[0x0]
beerten_vsc,45,VSC_CAPABILITY_MARGIN_INCREASE,vsc_capability,81,1,2.93062,"Reached VSC-MTDC monolithic VSC capability loading limit in 81 continuation steps, lambda = 2.93062; increasing VSC saturation margin from 0.21 to 0.215 and continuing CPF.",gen_idx=[0x0]; bus=[0x0]; lambda_event=[0x0]; lambda_candidate=[0x0]; lambda_previous=[0x0]; event_location_method=[0x0]; P_candidate=[0x0]; Q_candidate=[0x0]; margin_candidate=[0x0]; margin_previous=[0x0]; previous_margin_error=[0x0]; margin_event=[0x0]; active_limit=[0x0]; P_projected=[0x0]; Q_projected=[0x0]; S_projected=[0x0]; Smax=[0x0]; gen_type_code=[0x0]; gen_type=[0x0]; bisection_iterations=[0x0]; location_error=[0x0]; P_final=[0x0]; Q_final=[0x0]; V_final=[0x0]; margin_final=[0x0]; inside_final=[0x0]; final_error=[0x0]; vsc_idx=[0x0]; V_candidate=[0x0]; projection_mode=[0x0]; policy_reason=[0x0]; target_ac_mode_if_saturated=[0x0]; from_ac_mode=[0x0]; to_ac_mode=[0x0]; Vmax=[0x0]; Smax_source=[0x0]; Vmax_source=[0x0]; mode_source=[0x0]; lambda_freeze=2.93062; backoff_lambda=0; relief_action=margin_increase; margin_old=0.21; margin_new=0.215; frozen_vsc_idx=[0x0]; frozen_vsc_cols=[1x3]; vsc_margin_final=[0x0]
beerten_vsc,46,VSC_CAPABILITY_MARGIN_INCREASE,vsc_capability,81,1,2.93062,"Reached VSC-MTDC monolithic VSC capability loading limit in 81 continuation steps, lambda = 2.93062; increasing VSC saturation margin from 0.215 to 0.22 and continuing CPF.",gen_idx=[0x0]; bus=[0x0]; lambda_event=[0x0]; lambda_candidate=[0x0]; lambda_previous=[0x0]; event_location_method=[0x0]; P_candidate=[0x0]; Q_candidate=[0x0]; margin_candidate=[0x0]; margin_previous=[0x0]; previous_margin_error=[0x0]; margin_event=[0x0]; active_limit=[0x0]; P_projected=[0x0]; Q_projected=[0x0]; S_projected=[0x0]; Smax=[0x0]; gen_type_code=[0x0]; gen_type=[0x0]; bisection_iterations=[0x0]; location_error=[0x0]; P_final=[0x0]; Q_final=[0x0]; V_final=[0x0]; margin_final=[0x0]; inside_final=[0x0]; final_error=[0x0]; vsc_idx=[0x0]; V_candidate=[0x0]; projection_mode=[0x0]; policy_reason=[0x0]; target_ac_mode_if_saturated=[0x0]; from_ac_mode=[0x0]; to_ac_mode=[0x0]; Vmax=[0x0]; Smax_source=[0x0]; Vmax_source=[0x0]; mode_source=[0x0]; lambda_freeze=2.93062; backoff_lambda=0; relief_action=margin_increase; margin_old=0.215; margin_new=0.22; frozen_vsc_idx=[0x0]; frozen_vsc_cols=[1x3]; vsc_margin_final=[0x0]
beerten_vsc,47,VSC_CAPABILITY_MARGIN_INCREASE,vsc_capability,81,1,2.93062,"Reached VSC-MTDC monolithic VSC capability loading limit in 81 continuation steps, lambda = 2.93062; increasing VSC saturation margin from 0.22 to 0.225 and continuing CPF.",gen_idx=[0x0]; bus=[0x0]; lambda_event=[0x0]; lambda_candidate=[0x0]; lambda_previous=[0x0]; event_location_method=[0x0]; P_candidate=[0x0]; Q_candidate=[0x0]; margin_candidate=[0x0]; margin_previous=[0x0]; previous_margin_error=[0x0]; margin_event=[0x0]; active_limit=[0x0]; P_projected=[0x0]; Q_projected=[0x0]; S_projected=[0x0]; Smax=[0x0]; gen_type_code=[0x0]; gen_type=[0x0]; bisection_iterations=[0x0]; location_error=[0x0]; P_final=[0x0]; Q_final=[0x0]; V_final=[0x0]; margin_final=[0x0]; inside_final=[0x0]; final_error=[0x0]; vsc_idx=[0x0]; V_candidate=[0x0]; projection_mode=[0x0]; policy_reason=[0x0]; target_ac_mode_if_saturated=[0x0]; from_ac_mode=[0x0]; to_ac_mode=[0x0]; Vmax=[0x0]; Smax_source=[0x0]; Vmax_source=[0x0]; mode_source=[0x0]; lambda_freeze=2.93062; backoff_lambda=0; relief_action=margin_increase; margin_old=0.22; margin_new=0.225; frozen_vsc_idx=[0x0]; frozen_vsc_cols=[1x3]; vsc_margin_final=[0x0]
beerten_vsc,48,VSC_CAPABILITY_MARGIN_INCREASE,vsc_capability,81,1,2.93062,"Reached VSC-MTDC monolithic VSC capability loading limit in 81 continuation steps, lambda = 2.93062; increasing VSC saturation margin from 0.225 to 0.23 and continuing CPF.",gen_idx=[0x0]; bus=[0x0]; lambda_event=[0x0]; lambda_candidate=[0x0]; lambda_previous=[0x0]; event_location_method=[0x0]; P_candidate=[0x0]; Q_candidate=[0x0]; margin_candidate=[0x0]; margin_previous=[0x0]; previous_margin_error=[0x0]; margin_event=[0x0]; active_limit=[0x0]; P_projected=[0x0]; Q_projected=[0x0]; S_projected=[0x0]; Smax=[0x0]; gen_type_code=[0x0]; gen_type=[0x0]; bisection_iterations=[0x0]; location_error=[0x0]; P_final=[0x0]; Q_final=[0x0]; V_final=[0x0]; margin_final=[0x0]; inside_final=[0x0]; final_error=[0x0]; vsc_idx=[0x0]; V_candidate=[0x0]; projection_mode=[0x0]; policy_reason=[0x0]; target_ac_mode_if_saturated=[0x0]; from_ac_mode=[0x0]; to_ac_mode=[0x0]; Vmax=[0x0]; Smax_source=[0x0]; Vmax_source=[0x0]; mode_source=[0x0]; lambda_freeze=2.93062; backoff_lambda=0; relief_action=margin_increase; margin_old=0.225; margin_new=0.23; frozen_vsc_idx=[0x0]; frozen_vsc_cols=[1x3]; vsc_margin_final=[0x0]
beerten_vsc,49,VSC_CAPABILITY_MARGIN_INCREASE,vsc_capability,81,1,2.93062,"Reached VSC-MTDC monolithic VSC capability loading limit in 81 continuation steps, lambda = 2.93062; increasing VSC saturation margin from 0.23 to 0.235 and continuing CPF.",gen_idx=[0x0]; bus=[0x0]; lambda_event=[0x0]; lambda_candidate=[0x0]; lambda_previous=[0x0]; event_location_method=[0x0]; P_candidate=[0x0]; Q_candidate=[0x0]; margin_candidate=[0x0]; margin_previous=[0x0]; previous_margin_error=[0x0]; margin_event=[0x0]; active_limit=[0x0]; P_projected=[0x0]; Q_projected=[0x0]; S_projected=[0x0]; Smax=[0x0]; gen_type_code=[0x0]; gen_type=[0x0]; bisection_iterations=[0x0]; location_error=[0x0]; P_final=[0x0]; Q_final=[0x0]; V_final=[0x0]; margin_final=[0x0]; inside_final=[0x0]; final_error=[0x0]; vsc_idx=[0x0]; V_candidate=[0x0]; projection_mode=[0x0]; policy_reason=[0x0]; target_ac_mode_if_saturated=[0x0]; from_ac_mode=[0x0]; to_ac_mode=[0x0]; Vmax=[0x0]; Smax_source=[0x0]; Vmax_source=[0x0]; mode_source=[0x0]; lambda_freeze=2.93062; backoff_lambda=0; relief_action=margin_increase; margin_old=0.23; margin_new=0.235; frozen_vsc_idx=[0x0]; frozen_vsc_cols=[1x3]; vsc_margin_final=[0x0]
beerten_vsc,50,VSC_CAPABILITY_MARGIN_INCREASE,vsc_capability,81,1,2.93062,"Reached VSC-MTDC monolithic VSC capability loading limit in 81 continuation steps, lambda = 2.93062; increasing VSC saturation margin from 0.235 to 0.24 and continuing CPF.",gen_idx=[0x0]; bus=[0x0]; lambda_event=[0x0]; lambda_candidate=[0x0]; lambda_previous=[0x0]; event_location_method=[0x0]; P_candidate=[0x0]; Q_candidate=[0x0]; margin_candidate=[0x0]; margin_previous=[0x0]; previous_margin_error=[0x0]; margin_event=[0x0]; active_limit=[0x0]; P_projected=[0x0]; Q_projected=[0x0]; S_projected=[0x0]; Smax=[0x0]; gen_type_code=[0x0]; gen_type=[0x0]; bisection_iterations=[0x0]; location_error=[0x0]; P_final=[0x0]; Q_final=[0x0]; V_final=[0x0]; margin_final=[0x0]; inside_final=[0x0]; final_error=[0x0]; vsc_idx=[0x0]; V_candidate=[0x0]; projection_mode=[0x0]; policy_reason=[0x0]; target_ac_mode_if_saturated=[0x0]; from_ac_mode=[0x0]; to_ac_mode=[0x0]; Vmax=[0x0]; Smax_source=[0x0]; Vmax_source=[0x0]; mode_source=[0x0]; lambda_freeze=2.93062; backoff_lambda=0; relief_action=margin_increase; margin_old=0.235; margin_new=0.24; frozen_vsc_idx=[0x0]; frozen_vsc_cols=[1x3]; vsc_margin_final=[0x0]
beerten_vsc,51,VSC_CAPABILITY_MARGIN_INCREASE,vsc_capability,81,1,2.93062,"Reached VSC-MTDC monolithic VSC capability loading limit in 81 continuation steps, lambda = 2.93062; increasing VSC saturation margin from 0.24 to 0.245 and continuing CPF.",gen_idx=[0x0]; bus=[0x0]; lambda_event=[0x0]; lambda_candidate=[0x0]; lambda_previous=[0x0]; event_location_method=[0x0]; P_candidate=[0x0]; Q_candidate=[0x0]; margin_candidate=[0x0]; margin_previous=[0x0]; previous_margin_error=[0x0]; margin_event=[0x0]; active_limit=[0x0]; P_projected=[0x0]; Q_projected=[0x0]; S_projected=[0x0]; Smax=[0x0]; gen_type_code=[0x0]; gen_type=[0x0]; bisection_iterations=[0x0]; location_error=[0x0]; P_final=[0x0]; Q_final=[0x0]; V_final=[0x0]; margin_final=[0x0]; inside_final=[0x0]; final_error=[0x0]; vsc_idx=[0x0]; V_candidate=[0x0]; projection_mode=[0x0]; policy_reason=[0x0]; target_ac_mode_if_saturated=[0x0]; from_ac_mode=[0x0]; to_ac_mode=[0x0]; Vmax=[0x0]; Smax_source=[0x0]; Vmax_source=[0x0]; mode_source=[0x0]; lambda_freeze=2.93062; backoff_lambda=0; relief_action=margin_increase; margin_old=0.24; margin_new=0.245; frozen_vsc_idx=[0x0]; frozen_vsc_cols=[1x3]; vsc_margin_final=[0x0]
beerten_vsc,52,VSC_CAPABILITY_MARGIN_INCREASE,vsc_capability,81,1,2.93062,"Reached VSC-MTDC monolithic VSC capability loading limit in 81 continuation steps, lambda = 2.93062; increasing VSC saturation margin from 0.245 to 0.25 and continuing CPF.",gen_idx=[0x0]; bus=[0x0]; lambda_event=[0x0]; lambda_candidate=[0x0]; lambda_previous=[0x0]; event_location_method=[0x0]; P_candidate=[0x0]; Q_candidate=[0x0]; margin_candidate=[0x0]; margin_previous=[0x0]; previous_margin_error=[0x0]; margin_event=[0x0]; active_limit=[0x0]; P_projected=[0x0]; Q_projected=[0x0]; S_projected=[0x0]; Smax=[0x0]; gen_type_code=[0x0]; gen_type=[0x0]; bisection_iterations=[0x0]; location_error=[0x0]; P_final=[0x0]; Q_final=[0x0]; V_final=[0x0]; margin_final=[0x0]; inside_final=[0x0]; final_error=[0x0]; vsc_idx=[0x0]; V_candidate=[0x0]; projection_mode=[0x0]; policy_reason=[0x0]; target_ac_mode_if_saturated=[0x0]; from_ac_mode=[0x0]; to_ac_mode=[0x0]; Vmax=[0x0]; Smax_source=[0x0]; Vmax_source=[0x0]; mode_source=[0x0]; lambda_freeze=2.93062; backoff_lambda=0; relief_action=margin_increase; margin_old=0.245; margin_new=0.25; frozen_vsc_idx=[0x0]; frozen_vsc_cols=[1x3]; vsc_margin_final=[0x0]
beerten_vsc,53,VSC_CAPABILITY_MARGIN_INCREASE,vsc_capability,81,1,2.93062,"Reached VSC-MTDC monolithic VSC capability loading limit in 81 continuation steps, lambda = 2.93062; increasing VSC saturation margin from 0.25 to 0.255 and continuing CPF.",gen_idx=[0x0]; bus=[0x0]; lambda_event=[0x0]; lambda_candidate=[0x0]; lambda_previous=[0x0]; event_location_method=[0x0]; P_candidate=[0x0]; Q_candidate=[0x0]; margin_candidate=[0x0]; margin_previous=[0x0]; previous_margin_error=[0x0]; margin_event=[0x0]; active_limit=[0x0]; P_projected=[0x0]; Q_projected=[0x0]; S_projected=[0x0]; Smax=[0x0]; gen_type_code=[0x0]; gen_type=[0x0]; bisection_iterations=[0x0]; location_error=[0x0]; P_final=[0x0]; Q_final=[0x0]; V_final=[0x0]; margin_final=[0x0]; inside_final=[0x0]; final_error=[0x0]; vsc_idx=[0x0]; V_candidate=[0x0]; projection_mode=[0x0]; policy_reason=[0x0]; target_ac_mode_if_saturated=[0x0]; from_ac_mode=[0x0]; to_ac_mode=[0x0]; Vmax=[0x0]; Smax_source=[0x0]; Vmax_source=[0x0]; mode_source=[0x0]; lambda_freeze=2.93062; backoff_lambda=0; relief_action=margin_increase; margin_old=0.25; margin_new=0.255; frozen_vsc_idx=[0x0]; frozen_vsc_cols=[1x3]; vsc_margin_final=[0x0]
beerten_vsc,54,VSC_CAPABILITY_MARGIN_INCREASE,vsc_capability,81,1,2.93062,"Reached VSC-MTDC monolithic VSC capability loading limit in 81 continuation steps, lambda = 2.93062; increasing VSC saturation margin from 0.255 to 0.26 and continuing CPF.",gen_idx=[0x0]; bus=[0x0]; lambda_event=[0x0]; lambda_candidate=[0x0]; lambda_previous=[0x0]; event_location_method=[0x0]; P_candidate=[0x0]; Q_candidate=[0x0]; margin_candidate=[0x0]; margin_previous=[0x0]; previous_margin_error=[0x0]; margin_event=[0x0]; active_limit=[0x0]; P_projected=[0x0]; Q_projected=[0x0]; S_projected=[0x0]; Smax=[0x0]; gen_type_code=[0x0]; gen_type=[0x0]; bisection_iterations=[0x0]; location_error=[0x0]; P_final=[0x0]; Q_final=[0x0]; V_final=[0x0]; margin_final=[0x0]; inside_final=[0x0]; final_error=[0x0]; vsc_idx=[0x0]; V_candidate=[0x0]; projection_mode=[0x0]; policy_reason=[0x0]; target_ac_mode_if_saturated=[0x0]; from_ac_mode=[0x0]; to_ac_mode=[0x0]; Vmax=[0x0]; Smax_source=[0x0]; Vmax_source=[0x0]; mode_source=[0x0]; lambda_freeze=2.93062; backoff_lambda=0; relief_action=margin_increase; margin_old=0.255; margin_new=0.26; frozen_vsc_idx=[0x0]; frozen_vsc_cols=[1x3]; vsc_margin_final=[0x0]
beerten_vsc,55,VSC_CAPABILITY_MARGIN_INCREASE,vsc_capability,81,1,2.93062,"Reached VSC-MTDC monolithic VSC capability loading limit in 81 continuation steps, lambda = 2.93062; increasing VSC saturation margin from 0.26 to 0.265 and continuing CPF.",gen_idx=[0x0]; bus=[0x0]; lambda_event=[0x0]; lambda_candidate=[0x0]; lambda_previous=[0x0]; event_location_method=[0x0]; P_candidate=[0x0]; Q_candidate=[0x0]; margin_candidate=[0x0]; margin_previous=[0x0]; previous_margin_error=[0x0]; margin_event=[0x0]; active_limit=[0x0]; P_projected=[0x0]; Q_projected=[0x0]; S_projected=[0x0]; Smax=[0x0]; gen_type_code=[0x0]; gen_type=[0x0]; bisection_iterations=[0x0]; location_error=[0x0]; P_final=[0x0]; Q_final=[0x0]; V_final=[0x0]; margin_final=[0x0]; inside_final=[0x0]; final_error=[0x0]; vsc_idx=[0x0]; V_candidate=[0x0]; projection_mode=[0x0]; policy_reason=[0x0]; target_ac_mode_if_saturated=[0x0]; from_ac_mode=[0x0]; to_ac_mode=[0x0]; Vmax=[0x0]; Smax_source=[0x0]; Vmax_source=[0x0]; mode_source=[0x0]; lambda_freeze=2.93062; backoff_lambda=0; relief_action=margin_increase; margin_old=0.26; margin_new=0.265; frozen_vsc_idx=[0x0]; frozen_vsc_cols=[1x3]; vsc_margin_final=[0x0]
beerten_vsc,56,VSC_CAPABILITY_MARGIN_INCREASE,vsc_capability,81,1,2.93062,"Reached VSC-MTDC monolithic VSC capability loading limit in 81 continuation steps, lambda = 2.93062; increasing VSC saturation margin from 0.265 to 0.27 and continuing CPF.",gen_idx=[0x0]; bus=[0x0]; lambda_event=[0x0]; lambda_candidate=[0x0]; lambda_previous=[0x0]; event_location_method=[0x0]; P_candidate=[0x0]; Q_candidate=[0x0]; margin_candidate=[0x0]; margin_previous=[0x0]; previous_margin_error=[0x0]; margin_event=[0x0]; active_limit=[0x0]; P_projected=[0x0]; Q_projected=[0x0]; S_projected=[0x0]; Smax=[0x0]; gen_type_code=[0x0]; gen_type=[0x0]; bisection_iterations=[0x0]; location_error=[0x0]; P_final=[0x0]; Q_final=[0x0]; V_final=[0x0]; margin_final=[0x0]; inside_final=[0x0]; final_error=[0x0]; vsc_idx=[0x0]; V_candidate=[0x0]; projection_mode=[0x0]; policy_reason=[0x0]; target_ac_mode_if_saturated=[0x0]; from_ac_mode=[0x0]; to_ac_mode=[0x0]; Vmax=[0x0]; Smax_source=[0x0]; Vmax_source=[0x0]; mode_source=[0x0]; lambda_freeze=2.93062; backoff_lambda=0; relief_action=margin_increase; margin_old=0.265; margin_new=0.27; frozen_vsc_idx=[0x0]; frozen_vsc_cols=[1x3]; vsc_margin_final=[0x0]
beerten_vsc,57,VSC_CAPABILITY_MARGIN_INCREASE,vsc_capability,81,1,2.93062,"Reached VSC-MTDC monolithic VSC capability loading limit in 81 continuation steps, lambda = 2.93062; increasing VSC saturation margin from 0.27 to 0.275 and continuing CPF.",gen_idx=[0x0]; bus=[0x0]; lambda_event=[0x0]; lambda_candidate=[0x0]; lambda_previous=[0x0]; event_location_method=[0x0]; P_candidate=[0x0]; Q_candidate=[0x0]; margin_candidate=[0x0]; margin_previous=[0x0]; previous_margin_error=[0x0]; margin_event=[0x0]; active_limit=[0x0]; P_projected=[0x0]; Q_projected=[0x0]; S_projected=[0x0]; Smax=[0x0]; gen_type_code=[0x0]; gen_type=[0x0]; bisection_iterations=[0x0]; location_error=[0x0]; P_final=[0x0]; Q_final=[0x0]; V_final=[0x0]; margin_final=[0x0]; inside_final=[0x0]; final_error=[0x0]; vsc_idx=[0x0]; V_candidate=[0x0]; projection_mode=[0x0]; policy_reason=[0x0]; target_ac_mode_if_saturated=[0x0]; from_ac_mode=[0x0]; to_ac_mode=[0x0]; Vmax=[0x0]; Smax_source=[0x0]; Vmax_source=[0x0]; mode_source=[0x0]; lambda_freeze=2.93062; backoff_lambda=0; relief_action=margin_increase; margin_old=0.27; margin_new=0.275; frozen_vsc_idx=[0x0]; frozen_vsc_cols=[1x3]; vsc_margin_final=[0x0]
beerten_vsc,58,VSC_CAPABILITY_MARGIN_INCREASE,vsc_capability,81,1,2.93062,"Reached VSC-MTDC monolithic VSC capability loading limit in 81 continuation steps, lambda = 2.93062; increasing VSC saturation margin from 0.275 to 0.28 and continuing CPF.",gen_idx=[0x0]; bus=[0x0]; lambda_event=[0x0]; lambda_candidate=[0x0]; lambda_previous=[0x0]; event_location_method=[0x0]; P_candidate=[0x0]; Q_candidate=[0x0]; margin_candidate=[0x0]; margin_previous=[0x0]; previous_margin_error=[0x0]; margin_event=[0x0]; active_limit=[0x0]; P_projected=[0x0]; Q_projected=[0x0]; S_projected=[0x0]; Smax=[0x0]; gen_type_code=[0x0]; gen_type=[0x0]; bisection_iterations=[0x0]; location_error=[0x0]; P_final=[0x0]; Q_final=[0x0]; V_final=[0x0]; margin_final=[0x0]; inside_final=[0x0]; final_error=[0x0]; vsc_idx=[0x0]; V_candidate=[0x0]; projection_mode=[0x0]; policy_reason=[0x0]; target_ac_mode_if_saturated=[0x0]; from_ac_mode=[0x0]; to_ac_mode=[0x0]; Vmax=[0x0]; Smax_source=[0x0]; Vmax_source=[0x0]; mode_source=[0x0]; lambda_freeze=2.93062; backoff_lambda=0; relief_action=margin_increase; margin_old=0.275; margin_new=0.28; frozen_vsc_idx=[0x0]; frozen_vsc_cols=[1x3]; vsc_margin_final=[0x0]
beerten_vsc,59,VSC_CAPABILITY_MARGIN_INCREASE,vsc_capability,81,1,2.93062,"Reached VSC-MTDC monolithic VSC capability loading limit in 81 continuation steps, lambda = 2.93062; increasing VSC saturation margin from 0.28 to 0.285 and continuing CPF.",gen_idx=[0x0]; bus=[0x0]; lambda_event=[0x0]; lambda_candidate=[0x0]; lambda_previous=[0x0]; event_location_method=[0x0]; P_candidate=[0x0]; Q_candidate=[0x0]; margin_candidate=[0x0]; margin_previous=[0x0]; previous_margin_error=[0x0]; margin_event=[0x0]; active_limit=[0x0]; P_projected=[0x0]; Q_projected=[0x0]; S_projected=[0x0]; Smax=[0x0]; gen_type_code=[0x0]; gen_type=[0x0]; bisection_iterations=[0x0]; location_error=[0x0]; P_final=[0x0]; Q_final=[0x0]; V_final=[0x0]; margin_final=[0x0]; inside_final=[0x0]; final_error=[0x0]; vsc_idx=[0x0]; V_candidate=[0x0]; projection_mode=[0x0]; policy_reason=[0x0]; target_ac_mode_if_saturated=[0x0]; from_ac_mode=[0x0]; to_ac_mode=[0x0]; Vmax=[0x0]; Smax_source=[0x0]; Vmax_source=[0x0]; mode_source=[0x0]; lambda_freeze=2.93062; backoff_lambda=0; relief_action=margin_increase; margin_old=0.28; margin_new=0.285; frozen_vsc_idx=[0x0]; frozen_vsc_cols=[1x3]; vsc_margin_final=[0x0]
beerten_vsc,60,VSC_CAPABILITY_MARGIN_INCREASE,vsc_capability,81,1,2.93062,"Reached VSC-MTDC monolithic VSC capability loading limit in 81 continuation steps, lambda = 2.93062; increasing VSC saturation margin from 0.285 to 0.29 and continuing CPF.",gen_idx=[0x0]; bus=[0x0]; lambda_event=[0x0]; lambda_candidate=[0x0]; lambda_previous=[0x0]; event_location_method=[0x0]; P_candidate=[0x0]; Q_candidate=[0x0]; margin_candidate=[0x0]; margin_previous=[0x0]; previous_margin_error=[0x0]; margin_event=[0x0]; active_limit=[0x0]; P_projected=[0x0]; Q_projected=[0x0]; S_projected=[0x0]; Smax=[0x0]; gen_type_code=[0x0]; gen_type=[0x0]; bisection_iterations=[0x0]; location_error=[0x0]; P_final=[0x0]; Q_final=[0x0]; V_final=[0x0]; margin_final=[0x0]; inside_final=[0x0]; final_error=[0x0]; vsc_idx=[0x0]; V_candidate=[0x0]; projection_mode=[0x0]; policy_reason=[0x0]; target_ac_mode_if_saturated=[0x0]; from_ac_mode=[0x0]; to_ac_mode=[0x0]; Vmax=[0x0]; Smax_source=[0x0]; Vmax_source=[0x0]; mode_source=[0x0]; lambda_freeze=2.93062; backoff_lambda=0; relief_action=margin_increase; margin_old=0.285; margin_new=0.29; frozen_vsc_idx=[0x0]; frozen_vsc_cols=[1x3]; vsc_margin_final=[0x0]
beerten_vsc,61,VSC_CAPABILITY_MARGIN_INCREASE,vsc_capability,81,1,2.93062,"Reached VSC-MTDC monolithic VSC capability loading limit in 81 continuation steps, lambda = 2.93062; increasing VSC saturation margin from 0.29 to 0.295 and continuing CPF.",gen_idx=[0x0]; bus=[0x0]; lambda_event=[0x0]; lambda_candidate=[0x0]; lambda_previous=[0x0]; event_location_method=[0x0]; P_candidate=[0x0]; Q_candidate=[0x0]; margin_candidate=[0x0]; margin_previous=[0x0]; previous_margin_error=[0x0]; margin_event=[0x0]; active_limit=[0x0]; P_projected=[0x0]; Q_projected=[0x0]; S_projected=[0x0]; Smax=[0x0]; gen_type_code=[0x0]; gen_type=[0x0]; bisection_iterations=[0x0]; location_error=[0x0]; P_final=[0x0]; Q_final=[0x0]; V_final=[0x0]; margin_final=[0x0]; inside_final=[0x0]; final_error=[0x0]; vsc_idx=[0x0]; V_candidate=[0x0]; projection_mode=[0x0]; policy_reason=[0x0]; target_ac_mode_if_saturated=[0x0]; from_ac_mode=[0x0]; to_ac_mode=[0x0]; Vmax=[0x0]; Smax_source=[0x0]; Vmax_source=[0x0]; mode_source=[0x0]; lambda_freeze=2.93062; backoff_lambda=0; relief_action=margin_increase; margin_old=0.29; margin_new=0.295; frozen_vsc_idx=[0x0]; frozen_vsc_cols=[1x3]; vsc_margin_final=[0x0]
beerten_vsc,62,VSC_CAPABILITY_MARGIN_INCREASE,vsc_capability,81,1,2.93062,"Reached VSC-MTDC monolithic VSC capability loading limit in 81 continuation steps, lambda = 2.93062; increasing VSC saturation margin from 0.295 to 0.3 and continuing CPF.",gen_idx=[0x0]; bus=[0x0]; lambda_event=[0x0]; lambda_candidate=[0x0]; lambda_previous=[0x0]; event_location_method=[0x0]; P_candidate=[0x0]; Q_candidate=[0x0]; margin_candidate=[0x0]; margin_previous=[0x0]; previous_margin_error=[0x0]; margin_event=[0x0]; active_limit=[0x0]; P_projected=[0x0]; Q_projected=[0x0]; S_projected=[0x0]; Smax=[0x0]; gen_type_code=[0x0]; gen_type=[0x0]; bisection_iterations=[0x0]; location_error=[0x0]; P_final=[0x0]; Q_final=[0x0]; V_final=[0x0]; margin_final=[0x0]; inside_final=[0x0]; final_error=[0x0]; vsc_idx=[0x0]; V_candidate=[0x0]; projection_mode=[0x0]; policy_reason=[0x0]; target_ac_mode_if_saturated=[0x0]; from_ac_mode=[0x0]; to_ac_mode=[0x0]; Vmax=[0x0]; Smax_source=[0x0]; Vmax_source=[0x0]; mode_source=[0x0]; lambda_freeze=2.93062; backoff_lambda=0; relief_action=margin_increase; margin_old=0.295; margin_new=0.3; frozen_vsc_idx=[0x0]; frozen_vsc_cols=[1x3]; vsc_margin_final=[0x0]
beerten_vsc,63,VSC_CAPABILITY_MARGIN_INCREASE,vsc_capability,81,1,2.93062,"Reached VSC-MTDC monolithic VSC capability loading limit in 81 continuation steps, lambda = 2.93062; increasing VSC saturation margin from 0.3 to 0.305 and continuing CPF.",gen_idx=[0x0]; bus=[0x0]; lambda_event=[0x0]; lambda_candidate=[0x0]; lambda_previous=[0x0]; event_location_method=[0x0]; P_candidate=[0x0]; Q_candidate=[0x0]; margin_candidate=[0x0]; margin_previous=[0x0]; previous_margin_error=[0x0]; margin_event=[0x0]; active_limit=[0x0]; P_projected=[0x0]; Q_projected=[0x0]; S_projected=[0x0]; Smax=[0x0]; gen_type_code=[0x0]; gen_type=[0x0]; bisection_iterations=[0x0]; location_error=[0x0]; P_final=[0x0]; Q_final=[0x0]; V_final=[0x0]; margin_final=[0x0]; inside_final=[0x0]; final_error=[0x0]; vsc_idx=[0x0]; V_candidate=[0x0]; projection_mode=[0x0]; policy_reason=[0x0]; target_ac_mode_if_saturated=[0x0]; from_ac_mode=[0x0]; to_ac_mode=[0x0]; Vmax=[0x0]; Smax_source=[0x0]; Vmax_source=[0x0]; mode_source=[0x0]; lambda_freeze=2.93062; backoff_lambda=0; relief_action=margin_increase; margin_old=0.3; margin_new=0.305; frozen_vsc_idx=[0x0]; frozen_vsc_cols=[1x3]; vsc_margin_final=[0x0]
beerten_vsc,64,VSC_CAPABILITY_MARGIN_INCREASE,vsc_capability,81,1,2.93062,"Reached VSC-MTDC monolithic VSC capability loading limit in 81 continuation steps, lambda = 2.93062; increasing VSC saturation margin from 0.305 to 0.31 and continuing CPF.",gen_idx=[0x0]; bus=[0x0]; lambda_event=[0x0]; lambda_candidate=[0x0]; lambda_previous=[0x0]; event_location_method=[0x0]; P_candidate=[0x0]; Q_candidate=[0x0]; margin_candidate=[0x0]; margin_previous=[0x0]; previous_margin_error=[0x0]; margin_event=[0x0]; active_limit=[0x0]; P_projected=[0x0]; Q_projected=[0x0]; S_projected=[0x0]; Smax=[0x0]; gen_type_code=[0x0]; gen_type=[0x0]; bisection_iterations=[0x0]; location_error=[0x0]; P_final=[0x0]; Q_final=[0x0]; V_final=[0x0]; margin_final=[0x0]; inside_final=[0x0]; final_error=[0x0]; vsc_idx=[0x0]; V_candidate=[0x0]; projection_mode=[0x0]; policy_reason=[0x0]; target_ac_mode_if_saturated=[0x0]; from_ac_mode=[0x0]; to_ac_mode=[0x0]; Vmax=[0x0]; Smax_source=[0x0]; Vmax_source=[0x0]; mode_source=[0x0]; lambda_freeze=2.93062; backoff_lambda=0; relief_action=margin_increase; margin_old=0.305; margin_new=0.31; frozen_vsc_idx=[0x0]; frozen_vsc_cols=[1x3]; vsc_margin_final=[0x0]
beerten_vsc,65,VSC_CAPABILITY_MARGIN_INCREASE,vsc_capability,81,1,2.93062,"Reached VSC-MTDC monolithic VSC capability loading limit in 81 continuation steps, lambda = 2.93062; increasing VSC saturation margin from 0.31 to 0.315 and continuing CPF.",gen_idx=[0x0]; bus=[0x0]; lambda_event=[0x0]; lambda_candidate=[0x0]; lambda_previous=[0x0]; event_location_method=[0x0]; P_candidate=[0x0]; Q_candidate=[0x0]; margin_candidate=[0x0]; margin_previous=[0x0]; previous_margin_error=[0x0]; margin_event=[0x0]; active_limit=[0x0]; P_projected=[0x0]; Q_projected=[0x0]; S_projected=[0x0]; Smax=[0x0]; gen_type_code=[0x0]; gen_type=[0x0]; bisection_iterations=[0x0]; location_error=[0x0]; P_final=[0x0]; Q_final=[0x0]; V_final=[0x0]; margin_final=[0x0]; inside_final=[0x0]; final_error=[0x0]; vsc_idx=[0x0]; V_candidate=[0x0]; projection_mode=[0x0]; policy_reason=[0x0]; target_ac_mode_if_saturated=[0x0]; from_ac_mode=[0x0]; to_ac_mode=[0x0]; Vmax=[0x0]; Smax_source=[0x0]; Vmax_source=[0x0]; mode_source=[0x0]; lambda_freeze=2.93062; backoff_lambda=0; relief_action=margin_increase; margin_old=0.31; margin_new=0.315; frozen_vsc_idx=[0x0]; frozen_vsc_cols=[1x3]; vsc_margin_final=[0x0]
beerten_vsc,66,VSC_CAPABILITY_MARGIN_INCREASE,vsc_capability,81,1,2.93062,"Reached VSC-MTDC monolithic VSC capability loading limit in 81 continuation steps, lambda = 2.93062; increasing VSC saturation margin from 0.315 to 0.32 and continuing CPF.",gen_idx=[0x0]; bus=[0x0]; lambda_event=[0x0]; lambda_candidate=[0x0]; lambda_previous=[0x0]; event_location_method=[0x0]; P_candidate=[0x0]; Q_candidate=[0x0]; margin_candidate=[0x0]; margin_previous=[0x0]; previous_margin_error=[0x0]; margin_event=[0x0]; active_limit=[0x0]; P_projected=[0x0]; Q_projected=[0x0]; S_projected=[0x0]; Smax=[0x0]; gen_type_code=[0x0]; gen_type=[0x0]; bisection_iterations=[0x0]; location_error=[0x0]; P_final=[0x0]; Q_final=[0x0]; V_final=[0x0]; margin_final=[0x0]; inside_final=[0x0]; final_error=[0x0]; vsc_idx=[0x0]; V_candidate=[0x0]; projection_mode=[0x0]; policy_reason=[0x0]; target_ac_mode_if_saturated=[0x0]; from_ac_mode=[0x0]; to_ac_mode=[0x0]; Vmax=[0x0]; Smax_source=[0x0]; Vmax_source=[0x0]; mode_source=[0x0]; lambda_freeze=2.93062; backoff_lambda=0; relief_action=margin_increase; margin_old=0.315; margin_new=0.32; frozen_vsc_idx=[0x0]; frozen_vsc_cols=[1x3]; vsc_margin_final=[0x0]
beerten_vsc,67,VSC_CAPABILITY_MARGIN_INCREASE,vsc_capability,81,1,2.93062,"Reached VSC-MTDC monolithic VSC capability loading limit in 81 continuation steps, lambda = 2.93062; increasing VSC saturation margin from 0.32 to 0.325 and continuing CPF.",gen_idx=[0x0]; bus=[0x0]; lambda_event=[0x0]; lambda_candidate=[0x0]; lambda_previous=[0x0]; event_location_method=[0x0]; P_candidate=[0x0]; Q_candidate=[0x0]; margin_candidate=[0x0]; margin_previous=[0x0]; previous_margin_error=[0x0]; margin_event=[0x0]; active_limit=[0x0]; P_projected=[0x0]; Q_projected=[0x0]; S_projected=[0x0]; Smax=[0x0]; gen_type_code=[0x0]; gen_type=[0x0]; bisection_iterations=[0x0]; location_error=[0x0]; P_final=[0x0]; Q_final=[0x0]; V_final=[0x0]; margin_final=[0x0]; inside_final=[0x0]; final_error=[0x0]; vsc_idx=[0x0]; V_candidate=[0x0]; projection_mode=[0x0]; policy_reason=[0x0]; target_ac_mode_if_saturated=[0x0]; from_ac_mode=[0x0]; to_ac_mode=[0x0]; Vmax=[0x0]; Smax_source=[0x0]; Vmax_source=[0x0]; mode_source=[0x0]; lambda_freeze=2.93062; backoff_lambda=0; relief_action=margin_increase; margin_old=0.32; margin_new=0.325; frozen_vsc_idx=[0x0]; frozen_vsc_cols=[1x3]; vsc_margin_final=[0x0]
beerten_vsc,68,VSC_CAPABILITY_MARGIN_INCREASE,vsc_capability,81,1,2.93062,"Reached VSC-MTDC monolithic VSC capability loading limit in 81 continuation steps, lambda = 2.93062; increasing VSC saturation margin from 0.325 to 0.33 and continuing CPF.",gen_idx=[0x0]; bus=[0x0]; lambda_event=[0x0]; lambda_candidate=[0x0]; lambda_previous=[0x0]; event_location_method=[0x0]; P_candidate=[0x0]; Q_candidate=[0x0]; margin_candidate=[0x0]; margin_previous=[0x0]; previous_margin_error=[0x0]; margin_event=[0x0]; active_limit=[0x0]; P_projected=[0x0]; Q_projected=[0x0]; S_projected=[0x0]; Smax=[0x0]; gen_type_code=[0x0]; gen_type=[0x0]; bisection_iterations=[0x0]; location_error=[0x0]; P_final=[0x0]; Q_final=[0x0]; V_final=[0x0]; margin_final=[0x0]; inside_final=[0x0]; final_error=[0x0]; vsc_idx=[0x0]; V_candidate=[0x0]; projection_mode=[0x0]; policy_reason=[0x0]; target_ac_mode_if_saturated=[0x0]; from_ac_mode=[0x0]; to_ac_mode=[0x0]; Vmax=[0x0]; Smax_source=[0x0]; Vmax_source=[0x0]; mode_source=[0x0]; lambda_freeze=2.93062; backoff_lambda=0; relief_action=margin_increase; margin_old=0.325; margin_new=0.33; frozen_vsc_idx=[0x0]; frozen_vsc_cols=[1x3]; vsc_margin_final=[0x0]
beerten_vsc,69,VSC_CAPABILITY_MARGIN_INCREASE,vsc_capability,81,1,2.93062,"Reached VSC-MTDC monolithic VSC capability loading limit in 81 continuation steps, lambda = 2.93062; increasing VSC saturation margin from 0.33 to 0.335 and continuing CPF.",gen_idx=[0x0]; bus=[0x0]; lambda_event=[0x0]; lambda_candidate=[0x0]; lambda_previous=[0x0]; event_location_method=[0x0]; P_candidate=[0x0]; Q_candidate=[0x0]; margin_candidate=[0x0]; margin_previous=[0x0]; previous_margin_error=[0x0]; margin_event=[0x0]; active_limit=[0x0]; P_projected=[0x0]; Q_projected=[0x0]; S_projected=[0x0]; Smax=[0x0]; gen_type_code=[0x0]; gen_type=[0x0]; bisection_iterations=[0x0]; location_error=[0x0]; P_final=[0x0]; Q_final=[0x0]; V_final=[0x0]; margin_final=[0x0]; inside_final=[0x0]; final_error=[0x0]; vsc_idx=[0x0]; V_candidate=[0x0]; projection_mode=[0x0]; policy_reason=[0x0]; target_ac_mode_if_saturated=[0x0]; from_ac_mode=[0x0]; to_ac_mode=[0x0]; Vmax=[0x0]; Smax_source=[0x0]; Vmax_source=[0x0]; mode_source=[0x0]; lambda_freeze=2.93062; backoff_lambda=0; relief_action=margin_increase; margin_old=0.33; margin_new=0.335; frozen_vsc_idx=[0x0]; frozen_vsc_cols=[1x3]; vsc_margin_final=[0x0]
beerten_vsc,70,VSC_CAPABILITY_MARGIN_INCREASE,vsc_capability,81,1,2.93062,"Reached VSC-MTDC monolithic VSC capability loading limit in 81 continuation steps, lambda = 2.93062; increasing VSC saturation margin from 0.335 to 0.34 and continuing CPF.",gen_idx=[0x0]; bus=[0x0]; lambda_event=[0x0]; lambda_candidate=[0x0]; lambda_previous=[0x0]; event_location_method=[0x0]; P_candidate=[0x0]; Q_candidate=[0x0]; margin_candidate=[0x0]; margin_previous=[0x0]; previous_margin_error=[0x0]; margin_event=[0x0]; active_limit=[0x0]; P_projected=[0x0]; Q_projected=[0x0]; S_projected=[0x0]; Smax=[0x0]; gen_type_code=[0x0]; gen_type=[0x0]; bisection_iterations=[0x0]; location_error=[0x0]; P_final=[0x0]; Q_final=[0x0]; V_final=[0x0]; margin_final=[0x0]; inside_final=[0x0]; final_error=[0x0]; vsc_idx=[0x0]; V_candidate=[0x0]; projection_mode=[0x0]; policy_reason=[0x0]; target_ac_mode_if_saturated=[0x0]; from_ac_mode=[0x0]; to_ac_mode=[0x0]; Vmax=[0x0]; Smax_source=[0x0]; Vmax_source=[0x0]; mode_source=[0x0]; lambda_freeze=2.93062; backoff_lambda=0; relief_action=margin_increase; margin_old=0.335; margin_new=0.34; frozen_vsc_idx=[0x0]; frozen_vsc_cols=[1x3]; vsc_margin_final=[0x0]
beerten_vsc,71,VSC_CAPABILITY_MARGIN_INCREASE,vsc_capability,81,1,2.93062,"Reached VSC-MTDC monolithic VSC capability loading limit in 81 continuation steps, lambda = 2.93062; increasing VSC saturation margin from 0.34 to 0.345 and continuing CPF.",gen_idx=[0x0]; bus=[0x0]; lambda_event=[0x0]; lambda_candidate=[0x0]; lambda_previous=[0x0]; event_location_method=[0x0]; P_candidate=[0x0]; Q_candidate=[0x0]; margin_candidate=[0x0]; margin_previous=[0x0]; previous_margin_error=[0x0]; margin_event=[0x0]; active_limit=[0x0]; P_projected=[0x0]; Q_projected=[0x0]; S_projected=[0x0]; Smax=[0x0]; gen_type_code=[0x0]; gen_type=[0x0]; bisection_iterations=[0x0]; location_error=[0x0]; P_final=[0x0]; Q_final=[0x0]; V_final=[0x0]; margin_final=[0x0]; inside_final=[0x0]; final_error=[0x0]; vsc_idx=[0x0]; V_candidate=[0x0]; projection_mode=[0x0]; policy_reason=[0x0]; target_ac_mode_if_saturated=[0x0]; from_ac_mode=[0x0]; to_ac_mode=[0x0]; Vmax=[0x0]; Smax_source=[0x0]; Vmax_source=[0x0]; mode_source=[0x0]; lambda_freeze=2.93062; backoff_lambda=0; relief_action=margin_increase; margin_old=0.34; margin_new=0.345; frozen_vsc_idx=[0x0]; frozen_vsc_cols=[1x3]; vsc_margin_final=[0x0]
beerten_vsc,72,VSC_CAPABILITY_MARGIN_INCREASE,vsc_capability,81,1,2.93062,"Reached VSC-MTDC monolithic VSC capability loading limit in 81 continuation steps, lambda = 2.93062; increasing VSC saturation margin from 0.345 to 0.35 and continuing CPF.",gen_idx=[0x0]; bus=[0x0]; lambda_event=[0x0]; lambda_candidate=[0x0]; lambda_previous=[0x0]; event_location_method=[0x0]; P_candidate=[0x0]; Q_candidate=[0x0]; margin_candidate=[0x0]; margin_previous=[0x0]; previous_margin_error=[0x0]; margin_event=[0x0]; active_limit=[0x0]; P_projected=[0x0]; Q_projected=[0x0]; S_projected=[0x0]; Smax=[0x0]; gen_type_code=[0x0]; gen_type=[0x0]; bisection_iterations=[0x0]; location_error=[0x0]; P_final=[0x0]; Q_final=[0x0]; V_final=[0x0]; margin_final=[0x0]; inside_final=[0x0]; final_error=[0x0]; vsc_idx=[0x0]; V_candidate=[0x0]; projection_mode=[0x0]; policy_reason=[0x0]; target_ac_mode_if_saturated=[0x0]; from_ac_mode=[0x0]; to_ac_mode=[0x0]; Vmax=[0x0]; Smax_source=[0x0]; Vmax_source=[0x0]; mode_source=[0x0]; lambda_freeze=2.93062; backoff_lambda=0; relief_action=margin_increase; margin_old=0.345; margin_new=0.35; frozen_vsc_idx=[0x0]; frozen_vsc_cols=[1x3]; vsc_margin_final=[0x0]
beerten_vsc,73,VSC_CAPABILITY_MARGIN_INCREASE,vsc_capability,81,1,2.93062,"Reached VSC-MTDC monolithic VSC capability loading limit in 81 continuation steps, lambda = 2.93062; increasing VSC saturation margin from 0.35 to 0.355 and continuing CPF.",gen_idx=[0x0]; bus=[0x0]; lambda_event=[0x0]; lambda_candidate=[0x0]; lambda_previous=[0x0]; event_location_method=[0x0]; P_candidate=[0x0]; Q_candidate=[0x0]; margin_candidate=[0x0]; margin_previous=[0x0]; previous_margin_error=[0x0]; margin_event=[0x0]; active_limit=[0x0]; P_projected=[0x0]; Q_projected=[0x0]; S_projected=[0x0]; Smax=[0x0]; gen_type_code=[0x0]; gen_type=[0x0]; bisection_iterations=[0x0]; location_error=[0x0]; P_final=[0x0]; Q_final=[0x0]; V_final=[0x0]; margin_final=[0x0]; inside_final=[0x0]; final_error=[0x0]; vsc_idx=[0x0]; V_candidate=[0x0]; projection_mode=[0x0]; policy_reason=[0x0]; target_ac_mode_if_saturated=[0x0]; from_ac_mode=[0x0]; to_ac_mode=[0x0]; Vmax=[0x0]; Smax_source=[0x0]; Vmax_source=[0x0]; mode_source=[0x0]; lambda_freeze=2.93062; backoff_lambda=0; relief_action=margin_increase; margin_old=0.35; margin_new=0.355; frozen_vsc_idx=[0x0]; frozen_vsc_cols=[1x3]; vsc_margin_final=[0x0]
beerten_vsc,74,VSC_CAPABILITY_MARGIN_INCREASE,vsc_capability,81,1,2.93062,"Reached VSC-MTDC monolithic VSC capability loading limit in 81 continuation steps, lambda = 2.93062; increasing VSC saturation margin from 0.355 to 0.36 and continuing CPF.",gen_idx=[0x0]; bus=[0x0]; lambda_event=[0x0]; lambda_candidate=[0x0]; lambda_previous=[0x0]; event_location_method=[0x0]; P_candidate=[0x0]; Q_candidate=[0x0]; margin_candidate=[0x0]; margin_previous=[0x0]; previous_margin_error=[0x0]; margin_event=[0x0]; active_limit=[0x0]; P_projected=[0x0]; Q_projected=[0x0]; S_projected=[0x0]; Smax=[0x0]; gen_type_code=[0x0]; gen_type=[0x0]; bisection_iterations=[0x0]; location_error=[0x0]; P_final=[0x0]; Q_final=[0x0]; V_final=[0x0]; margin_final=[0x0]; inside_final=[0x0]; final_error=[0x0]; vsc_idx=[0x0]; V_candidate=[0x0]; projection_mode=[0x0]; policy_reason=[0x0]; target_ac_mode_if_saturated=[0x0]; from_ac_mode=[0x0]; to_ac_mode=[0x0]; Vmax=[0x0]; Smax_source=[0x0]; Vmax_source=[0x0]; mode_source=[0x0]; lambda_freeze=2.93062; backoff_lambda=0; relief_action=margin_increase; margin_old=0.355; margin_new=0.36; frozen_vsc_idx=[0x0]; frozen_vsc_cols=[1x3]; vsc_margin_final=[0x0]
beerten_vsc,75,VSC_CAPABILITY_MARGIN_INCREASE,vsc_capability,81,1,2.93062,"Reached VSC-MTDC monolithic VSC capability loading limit in 81 continuation steps, lambda = 2.93062; increasing VSC saturation margin from 0.36 to 0.365 and continuing CPF.",gen_idx=[0x0]; bus=[0x0]; lambda_event=[0x0]; lambda_candidate=[0x0]; lambda_previous=[0x0]; event_location_method=[0x0]; P_candidate=[0x0]; Q_candidate=[0x0]; margin_candidate=[0x0]; margin_previous=[0x0]; previous_margin_error=[0x0]; margin_event=[0x0]; active_limit=[0x0]; P_projected=[0x0]; Q_projected=[0x0]; S_projected=[0x0]; Smax=[0x0]; gen_type_code=[0x0]; gen_type=[0x0]; bisection_iterations=[0x0]; location_error=[0x0]; P_final=[0x0]; Q_final=[0x0]; V_final=[0x0]; margin_final=[0x0]; inside_final=[0x0]; final_error=[0x0]; vsc_idx=[0x0]; V_candidate=[0x0]; projection_mode=[0x0]; policy_reason=[0x0]; target_ac_mode_if_saturated=[0x0]; from_ac_mode=[0x0]; to_ac_mode=[0x0]; Vmax=[0x0]; Smax_source=[0x0]; Vmax_source=[0x0]; mode_source=[0x0]; lambda_freeze=2.93062; backoff_lambda=0; relief_action=margin_increase; margin_old=0.36; margin_new=0.365; frozen_vsc_idx=[0x0]; frozen_vsc_cols=[1x3]; vsc_margin_final=[0x0]
beerten_vsc,76,VSC_CAPABILITY_MARGIN_INCREASE,vsc_capability,81,1,2.93062,"Reached VSC-MTDC monolithic VSC capability loading limit in 81 continuation steps, lambda = 2.93062; increasing VSC saturation margin from 0.365 to 0.37 and continuing CPF.",gen_idx=[0x0]; bus=[0x0]; lambda_event=[0x0]; lambda_candidate=[0x0]; lambda_previous=[0x0]; event_location_method=[0x0]; P_candidate=[0x0]; Q_candidate=[0x0]; margin_candidate=[0x0]; margin_previous=[0x0]; previous_margin_error=[0x0]; margin_event=[0x0]; active_limit=[0x0]; P_projected=[0x0]; Q_projected=[0x0]; S_projected=[0x0]; Smax=[0x0]; gen_type_code=[0x0]; gen_type=[0x0]; bisection_iterations=[0x0]; location_error=[0x0]; P_final=[0x0]; Q_final=[0x0]; V_final=[0x0]; margin_final=[0x0]; inside_final=[0x0]; final_error=[0x0]; vsc_idx=[0x0]; V_candidate=[0x0]; projection_mode=[0x0]; policy_reason=[0x0]; target_ac_mode_if_saturated=[0x0]; from_ac_mode=[0x0]; to_ac_mode=[0x0]; Vmax=[0x0]; Smax_source=[0x0]; Vmax_source=[0x0]; mode_source=[0x0]; lambda_freeze=2.93062; backoff_lambda=0; relief_action=margin_increase; margin_old=0.365; margin_new=0.37; frozen_vsc_idx=[0x0]; frozen_vsc_cols=[1x3]; vsc_margin_final=[0x0]
beerten_vsc,77,VSC_CAPABILITY_MARGIN_INCREASE,vsc_capability,81,1,2.93062,"Reached VSC-MTDC monolithic VSC capability loading limit in 81 continuation steps, lambda = 2.93062; increasing VSC saturation margin from 0.37 to 0.375 and continuing CPF.",gen_idx=[0x0]; bus=[0x0]; lambda_event=[0x0]; lambda_candidate=[0x0]; lambda_previous=[0x0]; event_location_method=[0x0]; P_candidate=[0x0]; Q_candidate=[0x0]; margin_candidate=[0x0]; margin_previous=[0x0]; previous_margin_error=[0x0]; margin_event=[0x0]; active_limit=[0x0]; P_projected=[0x0]; Q_projected=[0x0]; S_projected=[0x0]; Smax=[0x0]; gen_type_code=[0x0]; gen_type=[0x0]; bisection_iterations=[0x0]; location_error=[0x0]; P_final=[0x0]; Q_final=[0x0]; V_final=[0x0]; margin_final=[0x0]; inside_final=[0x0]; final_error=[0x0]; vsc_idx=[0x0]; V_candidate=[0x0]; projection_mode=[0x0]; policy_reason=[0x0]; target_ac_mode_if_saturated=[0x0]; from_ac_mode=[0x0]; to_ac_mode=[0x0]; Vmax=[0x0]; Smax_source=[0x0]; Vmax_source=[0x0]; mode_source=[0x0]; lambda_freeze=2.93062; backoff_lambda=0; relief_action=margin_increase; margin_old=0.37; margin_new=0.375; frozen_vsc_idx=[0x0]; frozen_vsc_cols=[1x3]; vsc_margin_final=[0x0]
beerten_vsc,78,VSC_CAPABILITY_MARGIN_INCREASE,vsc_capability,81,1,2.93062,"Reached VSC-MTDC monolithic VSC capability loading limit in 81 continuation steps, lambda = 2.93062; increasing VSC saturation margin from 0.375 to 0.38 and continuing CPF.",gen_idx=[0x0]; bus=[0x0]; lambda_event=[0x0]; lambda_candidate=[0x0]; lambda_previous=[0x0]; event_location_method=[0x0]; P_candidate=[0x0]; Q_candidate=[0x0]; margin_candidate=[0x0]; margin_previous=[0x0]; previous_margin_error=[0x0]; margin_event=[0x0]; active_limit=[0x0]; P_projected=[0x0]; Q_projected=[0x0]; S_projected=[0x0]; Smax=[0x0]; gen_type_code=[0x0]; gen_type=[0x0]; bisection_iterations=[0x0]; location_error=[0x0]; P_final=[0x0]; Q_final=[0x0]; V_final=[0x0]; margin_final=[0x0]; inside_final=[0x0]; final_error=[0x0]; vsc_idx=[0x0]; V_candidate=[0x0]; projection_mode=[0x0]; policy_reason=[0x0]; target_ac_mode_if_saturated=[0x0]; from_ac_mode=[0x0]; to_ac_mode=[0x0]; Vmax=[0x0]; Smax_source=[0x0]; Vmax_source=[0x0]; mode_source=[0x0]; lambda_freeze=2.93062; backoff_lambda=0; relief_action=margin_increase; margin_old=0.375; margin_new=0.38; frozen_vsc_idx=[0x0]; frozen_vsc_cols=[1x3]; vsc_margin_final=[0x0]
beerten_vsc,79,VSC_CAPABILITY_MARGIN_INCREASE,vsc_capability,81,1,2.93062,"Reached VSC-MTDC monolithic VSC capability loading limit in 81 continuation steps, lambda = 2.93062; increasing VSC saturation margin from 0.38 to 0.385 and continuing CPF.",gen_idx=[0x0]; bus=[0x0]; lambda_event=[0x0]; lambda_candidate=[0x0]; lambda_previous=[0x0]; event_location_method=[0x0]; P_candidate=[0x0]; Q_candidate=[0x0]; margin_candidate=[0x0]; margin_previous=[0x0]; previous_margin_error=[0x0]; margin_event=[0x0]; active_limit=[0x0]; P_projected=[0x0]; Q_projected=[0x0]; S_projected=[0x0]; Smax=[0x0]; gen_type_code=[0x0]; gen_type=[0x0]; bisection_iterations=[0x0]; location_error=[0x0]; P_final=[0x0]; Q_final=[0x0]; V_final=[0x0]; margin_final=[0x0]; inside_final=[0x0]; final_error=[0x0]; vsc_idx=[0x0]; V_candidate=[0x0]; projection_mode=[0x0]; policy_reason=[0x0]; target_ac_mode_if_saturated=[0x0]; from_ac_mode=[0x0]; to_ac_mode=[0x0]; Vmax=[0x0]; Smax_source=[0x0]; Vmax_source=[0x0]; mode_source=[0x0]; lambda_freeze=2.93062; backoff_lambda=0; relief_action=margin_increase; margin_old=0.38; margin_new=0.385; frozen_vsc_idx=[0x0]; frozen_vsc_cols=[1x3]; vsc_margin_final=[0x0]
beerten_vsc,80,VSC_CAPABILITY_MARGIN_INCREASE,vsc_capability,81,1,2.93062,"Reached VSC-MTDC monolithic VSC capability loading limit in 81 continuation steps, lambda = 2.93062; increasing VSC saturation margin from 0.385 to 0.39 and continuing CPF.",gen_idx=[0x0]; bus=[0x0]; lambda_event=[0x0]; lambda_candidate=[0x0]; lambda_previous=[0x0]; event_location_method=[0x0]; P_candidate=[0x0]; Q_candidate=[0x0]; margin_candidate=[0x0]; margin_previous=[0x0]; previous_margin_error=[0x0]; margin_event=[0x0]; active_limit=[0x0]; P_projected=[0x0]; Q_projected=[0x0]; S_projected=[0x0]; Smax=[0x0]; gen_type_code=[0x0]; gen_type=[0x0]; bisection_iterations=[0x0]; location_error=[0x0]; P_final=[0x0]; Q_final=[0x0]; V_final=[0x0]; margin_final=[0x0]; inside_final=[0x0]; final_error=[0x0]; vsc_idx=[0x0]; V_candidate=[0x0]; projection_mode=[0x0]; policy_reason=[0x0]; target_ac_mode_if_saturated=[0x0]; from_ac_mode=[0x0]; to_ac_mode=[0x0]; Vmax=[0x0]; Smax_source=[0x0]; Vmax_source=[0x0]; mode_source=[0x0]; lambda_freeze=2.93062; backoff_lambda=0; relief_action=margin_increase; margin_old=0.385; margin_new=0.39; frozen_vsc_idx=[0x0]; frozen_vsc_cols=[1x3]; vsc_margin_final=[0x0]
beerten_vsc,81,VSC_CAPABILITY_MARGIN_INCREASE,vsc_capability,81,1,2.93062,"Reached VSC-MTDC monolithic VSC capability loading limit in 81 continuation steps, lambda = 2.93062; increasing VSC saturation margin from 0.39 to 0.395 and continuing CPF.",gen_idx=[0x0]; bus=[0x0]; lambda_event=[0x0]; lambda_candidate=[0x0]; lambda_previous=[0x0]; event_location_method=[0x0]; P_candidate=[0x0]; Q_candidate=[0x0]; margin_candidate=[0x0]; margin_previous=[0x0]; previous_margin_error=[0x0]; margin_event=[0x0]; active_limit=[0x0]; P_projected=[0x0]; Q_projected=[0x0]; S_projected=[0x0]; Smax=[0x0]; gen_type_code=[0x0]; gen_type=[0x0]; bisection_iterations=[0x0]; location_error=[0x0]; P_final=[0x0]; Q_final=[0x0]; V_final=[0x0]; margin_final=[0x0]; inside_final=[0x0]; final_error=[0x0]; vsc_idx=[0x0]; V_candidate=[0x0]; projection_mode=[0x0]; policy_reason=[0x0]; target_ac_mode_if_saturated=[0x0]; from_ac_mode=[0x0]; to_ac_mode=[0x0]; Vmax=[0x0]; Smax_source=[0x0]; Vmax_source=[0x0]; mode_source=[0x0]; lambda_freeze=2.93062; backoff_lambda=0; relief_action=margin_increase; margin_old=0.39; margin_new=0.395; frozen_vsc_idx=[0x0]; frozen_vsc_cols=[1x3]; vsc_margin_final=[0x0]
beerten_vsc,82,VSC_CAPABILITY_MARGIN_INCREASE,vsc_capability,81,1,2.93062,"Reached VSC-MTDC monolithic VSC capability loading limit in 81 continuation steps, lambda = 2.93062; increasing VSC saturation margin from 0.395 to 0.4 and continuing CPF.",gen_idx=[0x0]; bus=[0x0]; lambda_event=[0x0]; lambda_candidate=[0x0]; lambda_previous=[0x0]; event_location_method=[0x0]; P_candidate=[0x0]; Q_candidate=[0x0]; margin_candidate=[0x0]; margin_previous=[0x0]; previous_margin_error=[0x0]; margin_event=[0x0]; active_limit=[0x0]; P_projected=[0x0]; Q_projected=[0x0]; S_projected=[0x0]; Smax=[0x0]; gen_type_code=[0x0]; gen_type=[0x0]; bisection_iterations=[0x0]; location_error=[0x0]; P_final=[0x0]; Q_final=[0x0]; V_final=[0x0]; margin_final=[0x0]; inside_final=[0x0]; final_error=[0x0]; vsc_idx=[0x0]; V_candidate=[0x0]; projection_mode=[0x0]; policy_reason=[0x0]; target_ac_mode_if_saturated=[0x0]; from_ac_mode=[0x0]; to_ac_mode=[0x0]; Vmax=[0x0]; Smax_source=[0x0]; Vmax_source=[0x0]; mode_source=[0x0]; lambda_freeze=2.93062; backoff_lambda=0; relief_action=margin_increase; margin_old=0.395; margin_new=0.4; frozen_vsc_idx=[0x0]; frozen_vsc_cols=[1x3]; vsc_margin_final=[0x0]
beerten_vsc,83,VSC_CAPABILITY_MARGIN_INCREASE,vsc_capability,81,1,2.93062,"Reached VSC-MTDC monolithic VSC capability loading limit in 81 continuation steps, lambda = 2.93062; increasing VSC saturation margin from 0.4 to 0.405 and continuing CPF.",gen_idx=[0x0]; bus=[0x0]; lambda_event=[0x0]; lambda_candidate=[0x0]; lambda_previous=[0x0]; event_location_method=[0x0]; P_candidate=[0x0]; Q_candidate=[0x0]; margin_candidate=[0x0]; margin_previous=[0x0]; previous_margin_error=[0x0]; margin_event=[0x0]; active_limit=[0x0]; P_projected=[0x0]; Q_projected=[0x0]; S_projected=[0x0]; Smax=[0x0]; gen_type_code=[0x0]; gen_type=[0x0]; bisection_iterations=[0x0]; location_error=[0x0]; P_final=[0x0]; Q_final=[0x0]; V_final=[0x0]; margin_final=[0x0]; inside_final=[0x0]; final_error=[0x0]; vsc_idx=[0x0]; V_candidate=[0x0]; projection_mode=[0x0]; policy_reason=[0x0]; target_ac_mode_if_saturated=[0x0]; from_ac_mode=[0x0]; to_ac_mode=[0x0]; Vmax=[0x0]; Smax_source=[0x0]; Vmax_source=[0x0]; mode_source=[0x0]; lambda_freeze=2.93062; backoff_lambda=0; relief_action=margin_increase; margin_old=0.4; margin_new=0.405; frozen_vsc_idx=[0x0]; frozen_vsc_cols=[1x3]; vsc_margin_final=[0x0]
beerten_vsc,84,VSC_CAPABILITY_MARGIN_INCREASE,vsc_capability,81,1,2.93062,"Reached VSC-MTDC monolithic VSC capability loading limit in 81 continuation steps, lambda = 2.93062; increasing VSC saturation margin from 0.405 to 0.41 and continuing CPF.",gen_idx=[0x0]; bus=[0x0]; lambda_event=[0x0]; lambda_candidate=[0x0]; lambda_previous=[0x0]; event_location_method=[0x0]; P_candidate=[0x0]; Q_candidate=[0x0]; margin_candidate=[0x0]; margin_previous=[0x0]; previous_margin_error=[0x0]; margin_event=[0x0]; active_limit=[0x0]; P_projected=[0x0]; Q_projected=[0x0]; S_projected=[0x0]; Smax=[0x0]; gen_type_code=[0x0]; gen_type=[0x0]; bisection_iterations=[0x0]; location_error=[0x0]; P_final=[0x0]; Q_final=[0x0]; V_final=[0x0]; margin_final=[0x0]; inside_final=[0x0]; final_error=[0x0]; vsc_idx=[0x0]; V_candidate=[0x0]; projection_mode=[0x0]; policy_reason=[0x0]; target_ac_mode_if_saturated=[0x0]; from_ac_mode=[0x0]; to_ac_mode=[0x0]; Vmax=[0x0]; Smax_source=[0x0]; Vmax_source=[0x0]; mode_source=[0x0]; lambda_freeze=2.93062; backoff_lambda=0; relief_action=margin_increase; margin_old=0.405; margin_new=0.41; frozen_vsc_idx=[0x0]; frozen_vsc_cols=[1x3]; vsc_margin_final=[0x0]
beerten_vsc,85,VSC_CAPABILITY_MARGIN_INCREASE,vsc_capability,81,1,2.93062,"Reached VSC-MTDC monolithic VSC capability loading limit in 81 continuation steps, lambda = 2.93062; increasing VSC saturation margin from 0.41 to 0.415 and continuing CPF.",gen_idx=[0x0]; bus=[0x0]; lambda_event=[0x0]; lambda_candidate=[0x0]; lambda_previous=[0x0]; event_location_method=[0x0]; P_candidate=[0x0]; Q_candidate=[0x0]; margin_candidate=[0x0]; margin_previous=[0x0]; previous_margin_error=[0x0]; margin_event=[0x0]; active_limit=[0x0]; P_projected=[0x0]; Q_projected=[0x0]; S_projected=[0x0]; Smax=[0x0]; gen_type_code=[0x0]; gen_type=[0x0]; bisection_iterations=[0x0]; location_error=[0x0]; P_final=[0x0]; Q_final=[0x0]; V_final=[0x0]; margin_final=[0x0]; inside_final=[0x0]; final_error=[0x0]; vsc_idx=[0x0]; V_candidate=[0x0]; projection_mode=[0x0]; policy_reason=[0x0]; target_ac_mode_if_saturated=[0x0]; from_ac_mode=[0x0]; to_ac_mode=[0x0]; Vmax=[0x0]; Smax_source=[0x0]; Vmax_source=[0x0]; mode_source=[0x0]; lambda_freeze=2.93062; backoff_lambda=0; relief_action=margin_increase; margin_old=0.41; margin_new=0.415; frozen_vsc_idx=[0x0]; frozen_vsc_cols=[1x3]; vsc_margin_final=[0x0]
beerten_vsc,86,VSC_CAPABILITY_MARGIN_INCREASE,vsc_capability,81,1,2.93062,"Reached VSC-MTDC monolithic VSC capability loading limit in 81 continuation steps, lambda = 2.93062; increasing VSC saturation margin from 0.415 to 0.42 and continuing CPF.",gen_idx=[0x0]; bus=[0x0]; lambda_event=[0x0]; lambda_candidate=[0x0]; lambda_previous=[0x0]; event_location_method=[0x0]; P_candidate=[0x0]; Q_candidate=[0x0]; margin_candidate=[0x0]; margin_previous=[0x0]; previous_margin_error=[0x0]; margin_event=[0x0]; active_limit=[0x0]; P_projected=[0x0]; Q_projected=[0x0]; S_projected=[0x0]; Smax=[0x0]; gen_type_code=[0x0]; gen_type=[0x0]; bisection_iterations=[0x0]; location_error=[0x0]; P_final=[0x0]; Q_final=[0x0]; V_final=[0x0]; margin_final=[0x0]; inside_final=[0x0]; final_error=[0x0]; vsc_idx=[0x0]; V_candidate=[0x0]; projection_mode=[0x0]; policy_reason=[0x0]; target_ac_mode_if_saturated=[0x0]; from_ac_mode=[0x0]; to_ac_mode=[0x0]; Vmax=[0x0]; Smax_source=[0x0]; Vmax_source=[0x0]; mode_source=[0x0]; lambda_freeze=2.93062; backoff_lambda=0; relief_action=margin_increase; margin_old=0.415; margin_new=0.42; frozen_vsc_idx=[0x0]; frozen_vsc_cols=[1x3]; vsc_margin_final=[0x0]
beerten_vsc,87,VSC_CAPABILITY_MARGIN_INCREASE,vsc_capability,81,1,2.93062,"Reached VSC-MTDC monolithic VSC capability loading limit in 81 continuation steps, lambda = 2.93062; increasing VSC saturation margin from 0.42 to 0.425 and continuing CPF.",gen_idx=[0x0]; bus=[0x0]; lambda_event=[0x0]; lambda_candidate=[0x0]; lambda_previous=[0x0]; event_location_method=[0x0]; P_candidate=[0x0]; Q_candidate=[0x0]; margin_candidate=[0x0]; margin_previous=[0x0]; previous_margin_error=[0x0]; margin_event=[0x0]; active_limit=[0x0]; P_projected=[0x0]; Q_projected=[0x0]; S_projected=[0x0]; Smax=[0x0]; gen_type_code=[0x0]; gen_type=[0x0]; bisection_iterations=[0x0]; location_error=[0x0]; P_final=[0x0]; Q_final=[0x0]; V_final=[0x0]; margin_final=[0x0]; inside_final=[0x0]; final_error=[0x0]; vsc_idx=[0x0]; V_candidate=[0x0]; projection_mode=[0x0]; policy_reason=[0x0]; target_ac_mode_if_saturated=[0x0]; from_ac_mode=[0x0]; to_ac_mode=[0x0]; Vmax=[0x0]; Smax_source=[0x0]; Vmax_source=[0x0]; mode_source=[0x0]; lambda_freeze=2.93062; backoff_lambda=0; relief_action=margin_increase; margin_old=0.42; margin_new=0.425; frozen_vsc_idx=[0x0]; frozen_vsc_cols=[1x3]; vsc_margin_final=[0x0]
beerten_vsc,88,VSC_CAPABILITY_MARGIN_INCREASE,vsc_capability,81,1,2.93062,"Reached VSC-MTDC monolithic VSC capability loading limit in 81 continuation steps, lambda = 2.93062; increasing VSC saturation margin from 0.425 to 0.43 and continuing CPF.",gen_idx=[0x0]; bus=[0x0]; lambda_event=[0x0]; lambda_candidate=[0x0]; lambda_previous=[0x0]; event_location_method=[0x0]; P_candidate=[0x0]; Q_candidate=[0x0]; margin_candidate=[0x0]; margin_previous=[0x0]; previous_margin_error=[0x0]; margin_event=[0x0]; active_limit=[0x0]; P_projected=[0x0]; Q_projected=[0x0]; S_projected=[0x0]; Smax=[0x0]; gen_type_code=[0x0]; gen_type=[0x0]; bisection_iterations=[0x0]; location_error=[0x0]; P_final=[0x0]; Q_final=[0x0]; V_final=[0x0]; margin_final=[0x0]; inside_final=[0x0]; final_error=[0x0]; vsc_idx=[0x0]; V_candidate=[0x0]; projection_mode=[0x0]; policy_reason=[0x0]; target_ac_mode_if_saturated=[0x0]; from_ac_mode=[0x0]; to_ac_mode=[0x0]; Vmax=[0x0]; Smax_source=[0x0]; Vmax_source=[0x0]; mode_source=[0x0]; lambda_freeze=2.93062; backoff_lambda=0; relief_action=margin_increase; margin_old=0.425; margin_new=0.43; frozen_vsc_idx=[0x0]; frozen_vsc_cols=[1x3]; vsc_margin_final=[0x0]
beerten_vsc,89,VSC_CAPABILITY_MARGIN_INCREASE,vsc_capability,81,1,2.93062,"Reached VSC-MTDC monolithic VSC capability loading limit in 81 continuation steps, lambda = 2.93062; increasing VSC saturation margin from 0.43 to 0.435 and continuing CPF.",gen_idx=[0x0]; bus=[0x0]; lambda_event=[0x0]; lambda_candidate=[0x0]; lambda_previous=[0x0]; event_location_method=[0x0]; P_candidate=[0x0]; Q_candidate=[0x0]; margin_candidate=[0x0]; margin_previous=[0x0]; previous_margin_error=[0x0]; margin_event=[0x0]; active_limit=[0x0]; P_projected=[0x0]; Q_projected=[0x0]; S_projected=[0x0]; Smax=[0x0]; gen_type_code=[0x0]; gen_type=[0x0]; bisection_iterations=[0x0]; location_error=[0x0]; P_final=[0x0]; Q_final=[0x0]; V_final=[0x0]; margin_final=[0x0]; inside_final=[0x0]; final_error=[0x0]; vsc_idx=[0x0]; V_candidate=[0x0]; projection_mode=[0x0]; policy_reason=[0x0]; target_ac_mode_if_saturated=[0x0]; from_ac_mode=[0x0]; to_ac_mode=[0x0]; Vmax=[0x0]; Smax_source=[0x0]; Vmax_source=[0x0]; mode_source=[0x0]; lambda_freeze=2.93062; backoff_lambda=0; relief_action=margin_increase; margin_old=0.43; margin_new=0.435; frozen_vsc_idx=[0x0]; frozen_vsc_cols=[1x3]; vsc_margin_final=[0x0]
beerten_vsc,90,VSC_CAPABILITY_MARGIN_INCREASE,vsc_capability,81,1,2.93062,"Reached VSC-MTDC monolithic VSC capability loading limit in 81 continuation steps, lambda = 2.93062; increasing VSC saturation margin from 0.435 to 0.44 and continuing CPF.",gen_idx=[0x0]; bus=[0x0]; lambda_event=[0x0]; lambda_candidate=[0x0]; lambda_previous=[0x0]; event_location_method=[0x0]; P_candidate=[0x0]; Q_candidate=[0x0]; margin_candidate=[0x0]; margin_previous=[0x0]; previous_margin_error=[0x0]; margin_event=[0x0]; active_limit=[0x0]; P_projected=[0x0]; Q_projected=[0x0]; S_projected=[0x0]; Smax=[0x0]; gen_type_code=[0x0]; gen_type=[0x0]; bisection_iterations=[0x0]; location_error=[0x0]; P_final=[0x0]; Q_final=[0x0]; V_final=[0x0]; margin_final=[0x0]; inside_final=[0x0]; final_error=[0x0]; vsc_idx=[0x0]; V_candidate=[0x0]; projection_mode=[0x0]; policy_reason=[0x0]; target_ac_mode_if_saturated=[0x0]; from_ac_mode=[0x0]; to_ac_mode=[0x0]; Vmax=[0x0]; Smax_source=[0x0]; Vmax_source=[0x0]; mode_source=[0x0]; lambda_freeze=2.93062; backoff_lambda=0; relief_action=margin_increase; margin_old=0.435; margin_new=0.44; frozen_vsc_idx=[0x0]; frozen_vsc_cols=[1x3]; vsc_margin_final=[0x0]
beerten_vsc,91,VSC_CAPABILITY_MARGIN_INCREASE,vsc_capability,81,1,2.93062,"Reached VSC-MTDC monolithic VSC capability loading limit in 81 continuation steps, lambda = 2.93062; increasing VSC saturation margin from 0.44 to 0.445 and continuing CPF.",gen_idx=[0x0]; bus=[0x0]; lambda_event=[0x0]; lambda_candidate=[0x0]; lambda_previous=[0x0]; event_location_method=[0x0]; P_candidate=[0x0]; Q_candidate=[0x0]; margin_candidate=[0x0]; margin_previous=[0x0]; previous_margin_error=[0x0]; margin_event=[0x0]; active_limit=[0x0]; P_projected=[0x0]; Q_projected=[0x0]; S_projected=[0x0]; Smax=[0x0]; gen_type_code=[0x0]; gen_type=[0x0]; bisection_iterations=[0x0]; location_error=[0x0]; P_final=[0x0]; Q_final=[0x0]; V_final=[0x0]; margin_final=[0x0]; inside_final=[0x0]; final_error=[0x0]; vsc_idx=[0x0]; V_candidate=[0x0]; projection_mode=[0x0]; policy_reason=[0x0]; target_ac_mode_if_saturated=[0x0]; from_ac_mode=[0x0]; to_ac_mode=[0x0]; Vmax=[0x0]; Smax_source=[0x0]; Vmax_source=[0x0]; mode_source=[0x0]; lambda_freeze=2.93062; backoff_lambda=0; relief_action=margin_increase; margin_old=0.44; margin_new=0.445; frozen_vsc_idx=[0x0]; frozen_vsc_cols=[1x3]; vsc_margin_final=[0x0]
beerten_vsc,92,VSC_CAPABILITY_MARGIN_INCREASE,vsc_capability,81,1,2.93062,"Reached VSC-MTDC monolithic VSC capability loading limit in 81 continuation steps, lambda = 2.93062; increasing VSC saturation margin from 0.445 to 0.45 and continuing CPF.",gen_idx=[0x0]; bus=[0x0]; lambda_event=[0x0]; lambda_candidate=[0x0]; lambda_previous=[0x0]; event_location_method=[0x0]; P_candidate=[0x0]; Q_candidate=[0x0]; margin_candidate=[0x0]; margin_previous=[0x0]; previous_margin_error=[0x0]; margin_event=[0x0]; active_limit=[0x0]; P_projected=[0x0]; Q_projected=[0x0]; S_projected=[0x0]; Smax=[0x0]; gen_type_code=[0x0]; gen_type=[0x0]; bisection_iterations=[0x0]; location_error=[0x0]; P_final=[0x0]; Q_final=[0x0]; V_final=[0x0]; margin_final=[0x0]; inside_final=[0x0]; final_error=[0x0]; vsc_idx=[0x0]; V_candidate=[0x0]; projection_mode=[0x0]; policy_reason=[0x0]; target_ac_mode_if_saturated=[0x0]; from_ac_mode=[0x0]; to_ac_mode=[0x0]; Vmax=[0x0]; Smax_source=[0x0]; Vmax_source=[0x0]; mode_source=[0x0]; lambda_freeze=2.93062; backoff_lambda=0; relief_action=margin_increase; margin_old=0.445; margin_new=0.45; frozen_vsc_idx=[0x0]; frozen_vsc_cols=[1x3]; vsc_margin_final=[0x0]
beerten_vsc,93,VSC_CAPABILITY_MARGIN_INCREASE,vsc_capability,81,1,2.93062,"Reached VSC-MTDC monolithic VSC capability loading limit in 81 continuation steps, lambda = 2.93062; increasing VSC saturation margin from 0.45 to 0.455 and continuing CPF.",gen_idx=[0x0]; bus=[0x0]; lambda_event=[0x0]; lambda_candidate=[0x0]; lambda_previous=[0x0]; event_location_method=[0x0]; P_candidate=[0x0]; Q_candidate=[0x0]; margin_candidate=[0x0]; margin_previous=[0x0]; previous_margin_error=[0x0]; margin_event=[0x0]; active_limit=[0x0]; P_projected=[0x0]; Q_projected=[0x0]; S_projected=[0x0]; Smax=[0x0]; gen_type_code=[0x0]; gen_type=[0x0]; bisection_iterations=[0x0]; location_error=[0x0]; P_final=[0x0]; Q_final=[0x0]; V_final=[0x0]; margin_final=[0x0]; inside_final=[0x0]; final_error=[0x0]; vsc_idx=[0x0]; V_candidate=[0x0]; projection_mode=[0x0]; policy_reason=[0x0]; target_ac_mode_if_saturated=[0x0]; from_ac_mode=[0x0]; to_ac_mode=[0x0]; Vmax=[0x0]; Smax_source=[0x0]; Vmax_source=[0x0]; mode_source=[0x0]; lambda_freeze=2.93062; backoff_lambda=0; relief_action=margin_increase; margin_old=0.45; margin_new=0.455; frozen_vsc_idx=[0x0]; frozen_vsc_cols=[1x3]; vsc_margin_final=[0x0]
beerten_vsc,94,VSC_CAPABILITY_MARGIN_INCREASE,vsc_capability,81,1,2.93062,"Reached VSC-MTDC monolithic VSC capability loading limit in 81 continuation steps, lambda = 2.93062; increasing VSC saturation margin from 0.455 to 0.46 and continuing CPF.",gen_idx=[0x0]; bus=[0x0]; lambda_event=[0x0]; lambda_candidate=[0x0]; lambda_previous=[0x0]; event_location_method=[0x0]; P_candidate=[0x0]; Q_candidate=[0x0]; margin_candidate=[0x0]; margin_previous=[0x0]; previous_margin_error=[0x0]; margin_event=[0x0]; active_limit=[0x0]; P_projected=[0x0]; Q_projected=[0x0]; S_projected=[0x0]; Smax=[0x0]; gen_type_code=[0x0]; gen_type=[0x0]; bisection_iterations=[0x0]; location_error=[0x0]; P_final=[0x0]; Q_final=[0x0]; V_final=[0x0]; margin_final=[0x0]; inside_final=[0x0]; final_error=[0x0]; vsc_idx=[0x0]; V_candidate=[0x0]; projection_mode=[0x0]; policy_reason=[0x0]; target_ac_mode_if_saturated=[0x0]; from_ac_mode=[0x0]; to_ac_mode=[0x0]; Vmax=[0x0]; Smax_source=[0x0]; Vmax_source=[0x0]; mode_source=[0x0]; lambda_freeze=2.93062; backoff_lambda=0; relief_action=margin_increase; margin_old=0.455; margin_new=0.46; frozen_vsc_idx=[0x0]; frozen_vsc_cols=[1x3]; vsc_margin_final=[0x0]
beerten_vsc,95,VSC_CAPABILITY_MARGIN_INCREASE,vsc_capability,81,1,2.93062,"Reached VSC-MTDC monolithic VSC capability loading limit in 81 continuation steps, lambda = 2.93062; increasing VSC saturation margin from 0.46 to 0.465 and continuing CPF.",gen_idx=[0x0]; bus=[0x0]; lambda_event=[0x0]; lambda_candidate=[0x0]; lambda_previous=[0x0]; event_location_method=[0x0]; P_candidate=[0x0]; Q_candidate=[0x0]; margin_candidate=[0x0]; margin_previous=[0x0]; previous_margin_error=[0x0]; margin_event=[0x0]; active_limit=[0x0]; P_projected=[0x0]; Q_projected=[0x0]; S_projected=[0x0]; Smax=[0x0]; gen_type_code=[0x0]; gen_type=[0x0]; bisection_iterations=[0x0]; location_error=[0x0]; P_final=[0x0]; Q_final=[0x0]; V_final=[0x0]; margin_final=[0x0]; inside_final=[0x0]; final_error=[0x0]; vsc_idx=[0x0]; V_candidate=[0x0]; projection_mode=[0x0]; policy_reason=[0x0]; target_ac_mode_if_saturated=[0x0]; from_ac_mode=[0x0]; to_ac_mode=[0x0]; Vmax=[0x0]; Smax_source=[0x0]; Vmax_source=[0x0]; mode_source=[0x0]; lambda_freeze=2.93062; backoff_lambda=0; relief_action=margin_increase; margin_old=0.46; margin_new=0.465; frozen_vsc_idx=[0x0]; frozen_vsc_cols=[1x3]; vsc_margin_final=[0x0]
beerten_vsc,96,VSC_CAPABILITY_MARGIN_INCREASE,vsc_capability,81,1,2.93062,"Reached VSC-MTDC monolithic VSC capability loading limit in 81 continuation steps, lambda = 2.93062; increasing VSC saturation margin from 0.465 to 0.47 and continuing CPF.",gen_idx=[0x0]; bus=[0x0]; lambda_event=[0x0]; lambda_candidate=[0x0]; lambda_previous=[0x0]; event_location_method=[0x0]; P_candidate=[0x0]; Q_candidate=[0x0]; margin_candidate=[0x0]; margin_previous=[0x0]; previous_margin_error=[0x0]; margin_event=[0x0]; active_limit=[0x0]; P_projected=[0x0]; Q_projected=[0x0]; S_projected=[0x0]; Smax=[0x0]; gen_type_code=[0x0]; gen_type=[0x0]; bisection_iterations=[0x0]; location_error=[0x0]; P_final=[0x0]; Q_final=[0x0]; V_final=[0x0]; margin_final=[0x0]; inside_final=[0x0]; final_error=[0x0]; vsc_idx=[0x0]; V_candidate=[0x0]; projection_mode=[0x0]; policy_reason=[0x0]; target_ac_mode_if_saturated=[0x0]; from_ac_mode=[0x0]; to_ac_mode=[0x0]; Vmax=[0x0]; Smax_source=[0x0]; Vmax_source=[0x0]; mode_source=[0x0]; lambda_freeze=2.93062; backoff_lambda=0; relief_action=margin_increase; margin_old=0.465; margin_new=0.47; frozen_vsc_idx=[0x0]; frozen_vsc_cols=[1x3]; vsc_margin_final=[0x0]
beerten_vsc,97,VSC_CAPABILITY_MARGIN_INCREASE,vsc_capability,81,1,2.93062,"Reached VSC-MTDC monolithic VSC capability loading limit in 81 continuation steps, lambda = 2.93062; increasing VSC saturation margin from 0.47 to 0.475 and continuing CPF.",gen_idx=[0x0]; bus=[0x0]; lambda_event=[0x0]; lambda_candidate=[0x0]; lambda_previous=[0x0]; event_location_method=[0x0]; P_candidate=[0x0]; Q_candidate=[0x0]; margin_candidate=[0x0]; margin_previous=[0x0]; previous_margin_error=[0x0]; margin_event=[0x0]; active_limit=[0x0]; P_projected=[0x0]; Q_projected=[0x0]; S_projected=[0x0]; Smax=[0x0]; gen_type_code=[0x0]; gen_type=[0x0]; bisection_iterations=[0x0]; location_error=[0x0]; P_final=[0x0]; Q_final=[0x0]; V_final=[0x0]; margin_final=[0x0]; inside_final=[0x0]; final_error=[0x0]; vsc_idx=[0x0]; V_candidate=[0x0]; projection_mode=[0x0]; policy_reason=[0x0]; target_ac_mode_if_saturated=[0x0]; from_ac_mode=[0x0]; to_ac_mode=[0x0]; Vmax=[0x0]; Smax_source=[0x0]; Vmax_source=[0x0]; mode_source=[0x0]; lambda_freeze=2.93062; backoff_lambda=0; relief_action=margin_increase; margin_old=0.47; margin_new=0.475; frozen_vsc_idx=[0x0]; frozen_vsc_cols=[1x3]; vsc_margin_final=[0x0]
beerten_vsc,98,VSC_CAPABILITY_MARGIN_INCREASE,vsc_capability,81,1,2.93062,"Reached VSC-MTDC monolithic VSC capability loading limit in 81 continuation steps, lambda = 2.93062; increasing VSC saturation margin from 0.475 to 0.48 and continuing CPF.",gen_idx=[0x0]; bus=[0x0]; lambda_event=[0x0]; lambda_candidate=[0x0]; lambda_previous=[0x0]; event_location_method=[0x0]; P_candidate=[0x0]; Q_candidate=[0x0]; margin_candidate=[0x0]; margin_previous=[0x0]; previous_margin_error=[0x0]; margin_event=[0x0]; active_limit=[0x0]; P_projected=[0x0]; Q_projected=[0x0]; S_projected=[0x0]; Smax=[0x0]; gen_type_code=[0x0]; gen_type=[0x0]; bisection_iterations=[0x0]; location_error=[0x0]; P_final=[0x0]; Q_final=[0x0]; V_final=[0x0]; margin_final=[0x0]; inside_final=[0x0]; final_error=[0x0]; vsc_idx=[0x0]; V_candidate=[0x0]; projection_mode=[0x0]; policy_reason=[0x0]; target_ac_mode_if_saturated=[0x0]; from_ac_mode=[0x0]; to_ac_mode=[0x0]; Vmax=[0x0]; Smax_source=[0x0]; Vmax_source=[0x0]; mode_source=[0x0]; lambda_freeze=2.93062; backoff_lambda=0; relief_action=margin_increase; margin_old=0.475; margin_new=0.48; frozen_vsc_idx=[0x0]; frozen_vsc_cols=[1x3]; vsc_margin_final=[0x0]
beerten_vsc,99,VSC_CAPABILITY_MARGIN_INCREASE,vsc_capability,81,1,2.93062,"Reached VSC-MTDC monolithic VSC capability loading limit in 81 continuation steps, lambda = 2.93062; increasing VSC saturation margin from 0.48 to 0.485 and continuing CPF.",gen_idx=[0x0]; bus=[0x0]; lambda_event=[0x0]; lambda_candidate=[0x0]; lambda_previous=[0x0]; event_location_method=[0x0]; P_candidate=[0x0]; Q_candidate=[0x0]; margin_candidate=[0x0]; margin_previous=[0x0]; previous_margin_error=[0x0]; margin_event=[0x0]; active_limit=[0x0]; P_projected=[0x0]; Q_projected=[0x0]; S_projected=[0x0]; Smax=[0x0]; gen_type_code=[0x0]; gen_type=[0x0]; bisection_iterations=[0x0]; location_error=[0x0]; P_final=[0x0]; Q_final=[0x0]; V_final=[0x0]; margin_final=[0x0]; inside_final=[0x0]; final_error=[0x0]; vsc_idx=[0x0]; V_candidate=[0x0]; projection_mode=[0x0]; policy_reason=[0x0]; target_ac_mode_if_saturated=[0x0]; from_ac_mode=[0x0]; to_ac_mode=[0x0]; Vmax=[0x0]; Smax_source=[0x0]; Vmax_source=[0x0]; mode_source=[0x0]; lambda_freeze=2.93062; backoff_lambda=0; relief_action=margin_increase; margin_old=0.48; margin_new=0.485; frozen_vsc_idx=[0x0]; frozen_vsc_cols=[1x3]; vsc_margin_final=[0x0]
beerten_vsc,100,VSC_CAPABILITY_MARGIN_INCREASE,vsc_capability,81,1,2.93062,"Reached VSC-MTDC monolithic VSC capability loading limit in 81 continuation steps, lambda = 2.93062; increasing VSC saturation margin from 0.485 to 0.49 and continuing CPF.",gen_idx=[0x0]; bus=[0x0]; lambda_event=[0x0]; lambda_candidate=[0x0]; lambda_previous=[0x0]; event_location_method=[0x0]; P_candidate=[0x0]; Q_candidate=[0x0]; margin_candidate=[0x0]; margin_previous=[0x0]; previous_margin_error=[0x0]; margin_event=[0x0]; active_limit=[0x0]; P_projected=[0x0]; Q_projected=[0x0]; S_projected=[0x0]; Smax=[0x0]; gen_type_code=[0x0]; gen_type=[0x0]; bisection_iterations=[0x0]; location_error=[0x0]; P_final=[0x0]; Q_final=[0x0]; V_final=[0x0]; margin_final=[0x0]; inside_final=[0x0]; final_error=[0x0]; vsc_idx=[0x0]; V_candidate=[0x0]; projection_mode=[0x0]; policy_reason=[0x0]; target_ac_mode_if_saturated=[0x0]; from_ac_mode=[0x0]; to_ac_mode=[0x0]; Vmax=[0x0]; Smax_source=[0x0]; Vmax_source=[0x0]; mode_source=[0x0]; lambda_freeze=2.93062; backoff_lambda=0; relief_action=margin_increase; margin_old=0.485; margin_new=0.49; frozen_vsc_idx=[0x0]; frozen_vsc_cols=[1x3]; vsc_margin_final=[0x0]
beerten_vsc,101,VSC_CAPABILITY_MARGIN_INCREASE,vsc_capability,81,1,2.93062,"Reached VSC-MTDC monolithic VSC capability loading limit in 81 continuation steps, lambda = 2.93062; increasing VSC saturation margin from 0.49 to 0.495 and continuing CPF.",gen_idx=[0x0]; bus=[0x0]; lambda_event=[0x0]; lambda_candidate=[0x0]; lambda_previous=[0x0]; event_location_method=[0x0]; P_candidate=[0x0]; Q_candidate=[0x0]; margin_candidate=[0x0]; margin_previous=[0x0]; previous_margin_error=[0x0]; margin_event=[0x0]; active_limit=[0x0]; P_projected=[0x0]; Q_projected=[0x0]; S_projected=[0x0]; Smax=[0x0]; gen_type_code=[0x0]; gen_type=[0x0]; bisection_iterations=[0x0]; location_error=[0x0]; P_final=[0x0]; Q_final=[0x0]; V_final=[0x0]; margin_final=[0x0]; inside_final=[0x0]; final_error=[0x0]; vsc_idx=[0x0]; V_candidate=[0x0]; projection_mode=[0x0]; policy_reason=[0x0]; target_ac_mode_if_saturated=[0x0]; from_ac_mode=[0x0]; to_ac_mode=[0x0]; Vmax=[0x0]; Smax_source=[0x0]; Vmax_source=[0x0]; mode_source=[0x0]; lambda_freeze=2.93062; backoff_lambda=0; relief_action=margin_increase; margin_old=0.49; margin_new=0.495; frozen_vsc_idx=[0x0]; frozen_vsc_cols=[1x3]; vsc_margin_final=[0x0]
beerten_vsc,102,VSC_CAPABILITY_MARGIN_INCREASE,vsc_capability,81,1,2.93062,"Reached VSC-MTDC monolithic VSC capability loading limit in 81 continuation steps, lambda = 2.93062; increasing VSC saturation margin from 0.495 to 0.5 and continuing CPF.",gen_idx=[0x0]; bus=[0x0]; lambda_event=[0x0]; lambda_candidate=[0x0]; lambda_previous=[0x0]; event_location_method=[0x0]; P_candidate=[0x0]; Q_candidate=[0x0]; margin_candidate=[0x0]; margin_previous=[0x0]; previous_margin_error=[0x0]; margin_event=[0x0]; active_limit=[0x0]; P_projected=[0x0]; Q_projected=[0x0]; S_projected=[0x0]; Smax=[0x0]; gen_type_code=[0x0]; gen_type=[0x0]; bisection_iterations=[0x0]; location_error=[0x0]; P_final=[0x0]; Q_final=[0x0]; V_final=[0x0]; margin_final=[0x0]; inside_final=[0x0]; final_error=[0x0]; vsc_idx=[0x0]; V_candidate=[0x0]; projection_mode=[0x0]; policy_reason=[0x0]; target_ac_mode_if_saturated=[0x0]; from_ac_mode=[0x0]; to_ac_mode=[0x0]; Vmax=[0x0]; Smax_source=[0x0]; Vmax_source=[0x0]; mode_source=[0x0]; lambda_freeze=2.93062; backoff_lambda=0; relief_action=margin_increase; margin_old=0.495; margin_new=0.5; frozen_vsc_idx=[0x0]; frozen_vsc_cols=[1x3]; vsc_margin_final=[0x0]
beerten_vsc,103,VSC_CAPABILITY_MARGIN_INCREASE,vsc_capability,81,1,2.93062,"Reached VSC-MTDC monolithic VSC capability loading limit in 81 continuation steps, lambda = 2.93062; increasing VSC saturation margin from 0.5 to 0.505 and continuing CPF.",gen_idx=[0x0]; bus=[0x0]; lambda_event=[0x0]; lambda_candidate=[0x0]; lambda_previous=[0x0]; event_location_method=[0x0]; P_candidate=[0x0]; Q_candidate=[0x0]; margin_candidate=[0x0]; margin_previous=[0x0]; previous_margin_error=[0x0]; margin_event=[0x0]; active_limit=[0x0]; P_projected=[0x0]; Q_projected=[0x0]; S_projected=[0x0]; Smax=[0x0]; gen_type_code=[0x0]; gen_type=[0x0]; bisection_iterations=[0x0]; location_error=[0x0]; P_final=[0x0]; Q_final=[0x0]; V_final=[0x0]; margin_final=[0x0]; inside_final=[0x0]; final_error=[0x0]; vsc_idx=[0x0]; V_candidate=[0x0]; projection_mode=[0x0]; policy_reason=[0x0]; target_ac_mode_if_saturated=[0x0]; from_ac_mode=[0x0]; to_ac_mode=[0x0]; Vmax=[0x0]; Smax_source=[0x0]; Vmax_source=[0x0]; mode_source=[0x0]; lambda_freeze=2.93062; backoff_lambda=0; relief_action=margin_increase; margin_old=0.5; margin_new=0.505; frozen_vsc_idx=[0x0]; frozen_vsc_cols=[1x3]; vsc_margin_final=[0x0]
beerten_vsc,104,VSC_CAPABILITY_MARGIN_INCREASE,vsc_capability,81,1,2.93062,"Reached VSC-MTDC monolithic VSC capability loading limit in 81 continuation steps, lambda = 2.93062; increasing VSC saturation margin from 0.505 to 0.51 and continuing CPF.",gen_idx=[0x0]; bus=[0x0]; lambda_event=[0x0]; lambda_candidate=[0x0]; lambda_previous=[0x0]; event_location_method=[0x0]; P_candidate=[0x0]; Q_candidate=[0x0]; margin_candidate=[0x0]; margin_previous=[0x0]; previous_margin_error=[0x0]; margin_event=[0x0]; active_limit=[0x0]; P_projected=[0x0]; Q_projected=[0x0]; S_projected=[0x0]; Smax=[0x0]; gen_type_code=[0x0]; gen_type=[0x0]; bisection_iterations=[0x0]; location_error=[0x0]; P_final=[0x0]; Q_final=[0x0]; V_final=[0x0]; margin_final=[0x0]; inside_final=[0x0]; final_error=[0x0]; vsc_idx=[0x0]; V_candidate=[0x0]; projection_mode=[0x0]; policy_reason=[0x0]; target_ac_mode_if_saturated=[0x0]; from_ac_mode=[0x0]; to_ac_mode=[0x0]; Vmax=[0x0]; Smax_source=[0x0]; Vmax_source=[0x0]; mode_source=[0x0]; lambda_freeze=2.93062; backoff_lambda=0; relief_action=margin_increase; margin_old=0.505; margin_new=0.51; frozen_vsc_idx=[0x0]; frozen_vsc_cols=[1x3]; vsc_margin_final=[0x0]
beerten_vsc,105,VSC_CAPABILITY_MARGIN_INCREASE,vsc_capability,81,1,2.93062,"Reached VSC-MTDC monolithic VSC capability loading limit in 81 continuation steps, lambda = 2.93062; increasing VSC saturation margin from 0.51 to 0.515 and continuing CPF.",gen_idx=[0x0]; bus=[0x0]; lambda_event=[0x0]; lambda_candidate=[0x0]; lambda_previous=[0x0]; event_location_method=[0x0]; P_candidate=[0x0]; Q_candidate=[0x0]; margin_candidate=[0x0]; margin_previous=[0x0]; previous_margin_error=[0x0]; margin_event=[0x0]; active_limit=[0x0]; P_projected=[0x0]; Q_projected=[0x0]; S_projected=[0x0]; Smax=[0x0]; gen_type_code=[0x0]; gen_type=[0x0]; bisection_iterations=[0x0]; location_error=[0x0]; P_final=[0x0]; Q_final=[0x0]; V_final=[0x0]; margin_final=[0x0]; inside_final=[0x0]; final_error=[0x0]; vsc_idx=[0x0]; V_candidate=[0x0]; projection_mode=[0x0]; policy_reason=[0x0]; target_ac_mode_if_saturated=[0x0]; from_ac_mode=[0x0]; to_ac_mode=[0x0]; Vmax=[0x0]; Smax_source=[0x0]; Vmax_source=[0x0]; mode_source=[0x0]; lambda_freeze=2.93062; backoff_lambda=0; relief_action=margin_increase; margin_old=0.51; margin_new=0.515; frozen_vsc_idx=[0x0]; frozen_vsc_cols=[1x3]; vsc_margin_final=[0x0]
beerten_vsc,106,VSC_CAPABILITY_MARGIN_INCREASE,vsc_capability,81,1,2.93062,"Reached VSC-MTDC monolithic VSC capability loading limit in 81 continuation steps, lambda = 2.93062; increasing VSC saturation margin from 0.515 to 0.52 and continuing CPF.",gen_idx=[0x0]; bus=[0x0]; lambda_event=[0x0]; lambda_candidate=[0x0]; lambda_previous=[0x0]; event_location_method=[0x0]; P_candidate=[0x0]; Q_candidate=[0x0]; margin_candidate=[0x0]; margin_previous=[0x0]; previous_margin_error=[0x0]; margin_event=[0x0]; active_limit=[0x0]; P_projected=[0x0]; Q_projected=[0x0]; S_projected=[0x0]; Smax=[0x0]; gen_type_code=[0x0]; gen_type=[0x0]; bisection_iterations=[0x0]; location_error=[0x0]; P_final=[0x0]; Q_final=[0x0]; V_final=[0x0]; margin_final=[0x0]; inside_final=[0x0]; final_error=[0x0]; vsc_idx=[0x0]; V_candidate=[0x0]; projection_mode=[0x0]; policy_reason=[0x0]; target_ac_mode_if_saturated=[0x0]; from_ac_mode=[0x0]; to_ac_mode=[0x0]; Vmax=[0x0]; Smax_source=[0x0]; Vmax_source=[0x0]; mode_source=[0x0]; lambda_freeze=2.93062; backoff_lambda=0; relief_action=margin_increase; margin_old=0.515; margin_new=0.52; frozen_vsc_idx=[0x0]; frozen_vsc_cols=[1x3]; vsc_margin_final=[0x0]
beerten_vsc,107,VSC_CAPABILITY_MARGIN_INCREASE,vsc_capability,81,1,2.93062,"Reached VSC-MTDC monolithic VSC capability loading limit in 81 continuation steps, lambda = 2.93062; increasing VSC saturation margin from 0.52 to 0.525 and continuing CPF.",gen_idx=[0x0]; bus=[0x0]; lambda_event=[0x0]; lambda_candidate=[0x0]; lambda_previous=[0x0]; event_location_method=[0x0]; P_candidate=[0x0]; Q_candidate=[0x0]; margin_candidate=[0x0]; margin_previous=[0x0]; previous_margin_error=[0x0]; margin_event=[0x0]; active_limit=[0x0]; P_projected=[0x0]; Q_projected=[0x0]; S_projected=[0x0]; Smax=[0x0]; gen_type_code=[0x0]; gen_type=[0x0]; bisection_iterations=[0x0]; location_error=[0x0]; P_final=[0x0]; Q_final=[0x0]; V_final=[0x0]; margin_final=[0x0]; inside_final=[0x0]; final_error=[0x0]; vsc_idx=[0x0]; V_candidate=[0x0]; projection_mode=[0x0]; policy_reason=[0x0]; target_ac_mode_if_saturated=[0x0]; from_ac_mode=[0x0]; to_ac_mode=[0x0]; Vmax=[0x0]; Smax_source=[0x0]; Vmax_source=[0x0]; mode_source=[0x0]; lambda_freeze=2.93062; backoff_lambda=0; relief_action=margin_increase; margin_old=0.52; margin_new=0.525; frozen_vsc_idx=[0x0]; frozen_vsc_cols=[1x3]; vsc_margin_final=[0x0]
beerten_vsc,108,VSC_CAPABILITY_MARGIN_INCREASE,vsc_capability,81,1,2.93062,"Reached VSC-MTDC monolithic VSC capability loading limit in 81 continuation steps, lambda = 2.93062; increasing VSC saturation margin from 0.525 to 0.53 and continuing CPF.",gen_idx=[0x0]; bus=[0x0]; lambda_event=[0x0]; lambda_candidate=[0x0]; lambda_previous=[0x0]; event_location_method=[0x0]; P_candidate=[0x0]; Q_candidate=[0x0]; margin_candidate=[0x0]; margin_previous=[0x0]; previous_margin_error=[0x0]; margin_event=[0x0]; active_limit=[0x0]; P_projected=[0x0]; Q_projected=[0x0]; S_projected=[0x0]; Smax=[0x0]; gen_type_code=[0x0]; gen_type=[0x0]; bisection_iterations=[0x0]; location_error=[0x0]; P_final=[0x0]; Q_final=[0x0]; V_final=[0x0]; margin_final=[0x0]; inside_final=[0x0]; final_error=[0x0]; vsc_idx=[0x0]; V_candidate=[0x0]; projection_mode=[0x0]; policy_reason=[0x0]; target_ac_mode_if_saturated=[0x0]; from_ac_mode=[0x0]; to_ac_mode=[0x0]; Vmax=[0x0]; Smax_source=[0x0]; Vmax_source=[0x0]; mode_source=[0x0]; lambda_freeze=2.93062; backoff_lambda=0; relief_action=margin_increase; margin_old=0.525; margin_new=0.53; frozen_vsc_idx=[0x0]; frozen_vsc_cols=[1x3]; vsc_margin_final=[0x0]
beerten_vsc,109,VSC_CAPABILITY_MARGIN_INCREASE,vsc_capability,81,1,2.93062,"Reached VSC-MTDC monolithic VSC capability loading limit in 81 continuation steps, lambda = 2.93062; increasing VSC saturation margin from 0.53 to 0.535 and continuing CPF.",gen_idx=[0x0]; bus=[0x0]; lambda_event=[0x0]; lambda_candidate=[0x0]; lambda_previous=[0x0]; event_location_method=[0x0]; P_candidate=[0x0]; Q_candidate=[0x0]; margin_candidate=[0x0]; margin_previous=[0x0]; previous_margin_error=[0x0]; margin_event=[0x0]; active_limit=[0x0]; P_projected=[0x0]; Q_projected=[0x0]; S_projected=[0x0]; Smax=[0x0]; gen_type_code=[0x0]; gen_type=[0x0]; bisection_iterations=[0x0]; location_error=[0x0]; P_final=[0x0]; Q_final=[0x0]; V_final=[0x0]; margin_final=[0x0]; inside_final=[0x0]; final_error=[0x0]; vsc_idx=[0x0]; V_candidate=[0x0]; projection_mode=[0x0]; policy_reason=[0x0]; target_ac_mode_if_saturated=[0x0]; from_ac_mode=[0x0]; to_ac_mode=[0x0]; Vmax=[0x0]; Smax_source=[0x0]; Vmax_source=[0x0]; mode_source=[0x0]; lambda_freeze=2.93062; backoff_lambda=0; relief_action=margin_increase; margin_old=0.53; margin_new=0.535; frozen_vsc_idx=[0x0]; frozen_vsc_cols=[1x3]; vsc_margin_final=[0x0]
beerten_vsc,110,VSC_CAPABILITY_MARGIN_INCREASE,vsc_capability,81,1,2.93062,"Reached VSC-MTDC monolithic VSC capability loading limit in 81 continuation steps, lambda = 2.93062; increasing VSC saturation margin from 0.535 to 0.54 and continuing CPF.",gen_idx=[0x0]; bus=[0x0]; lambda_event=[0x0]; lambda_candidate=[0x0]; lambda_previous=[0x0]; event_location_method=[0x0]; P_candidate=[0x0]; Q_candidate=[0x0]; margin_candidate=[0x0]; margin_previous=[0x0]; previous_margin_error=[0x0]; margin_event=[0x0]; active_limit=[0x0]; P_projected=[0x0]; Q_projected=[0x0]; S_projected=[0x0]; Smax=[0x0]; gen_type_code=[0x0]; gen_type=[0x0]; bisection_iterations=[0x0]; location_error=[0x0]; P_final=[0x0]; Q_final=[0x0]; V_final=[0x0]; margin_final=[0x0]; inside_final=[0x0]; final_error=[0x0]; vsc_idx=[0x0]; V_candidate=[0x0]; projection_mode=[0x0]; policy_reason=[0x0]; target_ac_mode_if_saturated=[0x0]; from_ac_mode=[0x0]; to_ac_mode=[0x0]; Vmax=[0x0]; Smax_source=[0x0]; Vmax_source=[0x0]; mode_source=[0x0]; lambda_freeze=2.93062; backoff_lambda=0; relief_action=margin_increase; margin_old=0.535; margin_new=0.54; frozen_vsc_idx=[0x0]; frozen_vsc_cols=[1x3]; vsc_margin_final=[0x0]
beerten_vsc,111,VSC_CAPABILITY_MARGIN_INCREASE,vsc_capability,81,1,2.93062,"Reached VSC-MTDC monolithic VSC capability loading limit in 81 continuation steps, lambda = 2.93062; increasing VSC saturation margin from 0.54 to 0.545 and continuing CPF.",gen_idx=[0x0]; bus=[0x0]; lambda_event=[0x0]; lambda_candidate=[0x0]; lambda_previous=[0x0]; event_location_method=[0x0]; P_candidate=[0x0]; Q_candidate=[0x0]; margin_candidate=[0x0]; margin_previous=[0x0]; previous_margin_error=[0x0]; margin_event=[0x0]; active_limit=[0x0]; P_projected=[0x0]; Q_projected=[0x0]; S_projected=[0x0]; Smax=[0x0]; gen_type_code=[0x0]; gen_type=[0x0]; bisection_iterations=[0x0]; location_error=[0x0]; P_final=[0x0]; Q_final=[0x0]; V_final=[0x0]; margin_final=[0x0]; inside_final=[0x0]; final_error=[0x0]; vsc_idx=[0x0]; V_candidate=[0x0]; projection_mode=[0x0]; policy_reason=[0x0]; target_ac_mode_if_saturated=[0x0]; from_ac_mode=[0x0]; to_ac_mode=[0x0]; Vmax=[0x0]; Smax_source=[0x0]; Vmax_source=[0x0]; mode_source=[0x0]; lambda_freeze=2.93062; backoff_lambda=0; relief_action=margin_increase; margin_old=0.54; margin_new=0.545; frozen_vsc_idx=[0x0]; frozen_vsc_cols=[1x3]; vsc_margin_final=[0x0]
beerten_vsc,112,VSC_CAPABILITY_MARGIN_INCREASE,vsc_capability,81,1,2.93062,"Reached VSC-MTDC monolithic VSC capability loading limit in 81 continuation steps, lambda = 2.93062; increasing VSC saturation margin from 0.545 to 0.55 and continuing CPF.",gen_idx=[0x0]; bus=[0x0]; lambda_event=[0x0]; lambda_candidate=[0x0]; lambda_previous=[0x0]; event_location_method=[0x0]; P_candidate=[0x0]; Q_candidate=[0x0]; margin_candidate=[0x0]; margin_previous=[0x0]; previous_margin_error=[0x0]; margin_event=[0x0]; active_limit=[0x0]; P_projected=[0x0]; Q_projected=[0x0]; S_projected=[0x0]; Smax=[0x0]; gen_type_code=[0x0]; gen_type=[0x0]; bisection_iterations=[0x0]; location_error=[0x0]; P_final=[0x0]; Q_final=[0x0]; V_final=[0x0]; margin_final=[0x0]; inside_final=[0x0]; final_error=[0x0]; vsc_idx=[0x0]; V_candidate=[0x0]; projection_mode=[0x0]; policy_reason=[0x0]; target_ac_mode_if_saturated=[0x0]; from_ac_mode=[0x0]; to_ac_mode=[0x0]; Vmax=[0x0]; Smax_source=[0x0]; Vmax_source=[0x0]; mode_source=[0x0]; lambda_freeze=2.93062; backoff_lambda=0; relief_action=margin_increase; margin_old=0.545; margin_new=0.55; frozen_vsc_idx=[0x0]; frozen_vsc_cols=[1x3]; vsc_margin_final=[0x0]
beerten_vsc,113,VSC_CAPABILITY_MARGIN_INCREASE,vsc_capability,81,1,2.93062,"Reached VSC-MTDC monolithic VSC capability loading limit in 81 continuation steps, lambda = 2.93062; increasing VSC saturation margin from 0.55 to 0.555 and continuing CPF.",gen_idx=[0x0]; bus=[0x0]; lambda_event=[0x0]; lambda_candidate=[0x0]; lambda_previous=[0x0]; event_location_method=[0x0]; P_candidate=[0x0]; Q_candidate=[0x0]; margin_candidate=[0x0]; margin_previous=[0x0]; previous_margin_error=[0x0]; margin_event=[0x0]; active_limit=[0x0]; P_projected=[0x0]; Q_projected=[0x0]; S_projected=[0x0]; Smax=[0x0]; gen_type_code=[0x0]; gen_type=[0x0]; bisection_iterations=[0x0]; location_error=[0x0]; P_final=[0x0]; Q_final=[0x0]; V_final=[0x0]; margin_final=[0x0]; inside_final=[0x0]; final_error=[0x0]; vsc_idx=[0x0]; V_candidate=[0x0]; projection_mode=[0x0]; policy_reason=[0x0]; target_ac_mode_if_saturated=[0x0]; from_ac_mode=[0x0]; to_ac_mode=[0x0]; Vmax=[0x0]; Smax_source=[0x0]; Vmax_source=[0x0]; mode_source=[0x0]; lambda_freeze=2.93062; backoff_lambda=0; relief_action=margin_increase; margin_old=0.55; margin_new=0.555; frozen_vsc_idx=[0x0]; frozen_vsc_cols=[1x3]; vsc_margin_final=[0x0]
beerten_vsc,114,VSC_CAPABILITY_MARGIN_INCREASE,vsc_capability,81,1,2.93062,"Reached VSC-MTDC monolithic VSC capability loading limit in 81 continuation steps, lambda = 2.93062; increasing VSC saturation margin from 0.555 to 0.56 and continuing CPF.",gen_idx=[0x0]; bus=[0x0]; lambda_event=[0x0]; lambda_candidate=[0x0]; lambda_previous=[0x0]; event_location_method=[0x0]; P_candidate=[0x0]; Q_candidate=[0x0]; margin_candidate=[0x0]; margin_previous=[0x0]; previous_margin_error=[0x0]; margin_event=[0x0]; active_limit=[0x0]; P_projected=[0x0]; Q_projected=[0x0]; S_projected=[0x0]; Smax=[0x0]; gen_type_code=[0x0]; gen_type=[0x0]; bisection_iterations=[0x0]; location_error=[0x0]; P_final=[0x0]; Q_final=[0x0]; V_final=[0x0]; margin_final=[0x0]; inside_final=[0x0]; final_error=[0x0]; vsc_idx=[0x0]; V_candidate=[0x0]; projection_mode=[0x0]; policy_reason=[0x0]; target_ac_mode_if_saturated=[0x0]; from_ac_mode=[0x0]; to_ac_mode=[0x0]; Vmax=[0x0]; Smax_source=[0x0]; Vmax_source=[0x0]; mode_source=[0x0]; lambda_freeze=2.93062; backoff_lambda=0; relief_action=margin_increase; margin_old=0.555; margin_new=0.56; frozen_vsc_idx=[0x0]; frozen_vsc_cols=[1x3]; vsc_margin_final=[0x0]
beerten_vsc,115,VSC_CAPABILITY_MARGIN_INCREASE,vsc_capability,81,1,2.93062,"Reached VSC-MTDC monolithic VSC capability loading limit in 81 continuation steps, lambda = 2.93062; increasing VSC saturation margin from 0.56 to 0.565 and continuing CPF.",gen_idx=[0x0]; bus=[0x0]; lambda_event=[0x0]; lambda_candidate=[0x0]; lambda_previous=[0x0]; event_location_method=[0x0]; P_candidate=[0x0]; Q_candidate=[0x0]; margin_candidate=[0x0]; margin_previous=[0x0]; previous_margin_error=[0x0]; margin_event=[0x0]; active_limit=[0x0]; P_projected=[0x0]; Q_projected=[0x0]; S_projected=[0x0]; Smax=[0x0]; gen_type_code=[0x0]; gen_type=[0x0]; bisection_iterations=[0x0]; location_error=[0x0]; P_final=[0x0]; Q_final=[0x0]; V_final=[0x0]; margin_final=[0x0]; inside_final=[0x0]; final_error=[0x0]; vsc_idx=[0x0]; V_candidate=[0x0]; projection_mode=[0x0]; policy_reason=[0x0]; target_ac_mode_if_saturated=[0x0]; from_ac_mode=[0x0]; to_ac_mode=[0x0]; Vmax=[0x0]; Smax_source=[0x0]; Vmax_source=[0x0]; mode_source=[0x0]; lambda_freeze=2.93062; backoff_lambda=0; relief_action=margin_increase; margin_old=0.56; margin_new=0.565; frozen_vsc_idx=[0x0]; frozen_vsc_cols=[1x3]; vsc_margin_final=[0x0]
beerten_vsc,116,VSC_CAPABILITY_MARGIN_INCREASE,vsc_capability,81,1,2.93062,"Reached VSC-MTDC monolithic VSC capability loading limit in 81 continuation steps, lambda = 2.93062; increasing VSC saturation margin from 0.565 to 0.57 and continuing CPF.",gen_idx=[0x0]; bus=[0x0]; lambda_event=[0x0]; lambda_candidate=[0x0]; lambda_previous=[0x0]; event_location_method=[0x0]; P_candidate=[0x0]; Q_candidate=[0x0]; margin_candidate=[0x0]; margin_previous=[0x0]; previous_margin_error=[0x0]; margin_event=[0x0]; active_limit=[0x0]; P_projected=[0x0]; Q_projected=[0x0]; S_projected=[0x0]; Smax=[0x0]; gen_type_code=[0x0]; gen_type=[0x0]; bisection_iterations=[0x0]; location_error=[0x0]; P_final=[0x0]; Q_final=[0x0]; V_final=[0x0]; margin_final=[0x0]; inside_final=[0x0]; final_error=[0x0]; vsc_idx=[0x0]; V_candidate=[0x0]; projection_mode=[0x0]; policy_reason=[0x0]; target_ac_mode_if_saturated=[0x0]; from_ac_mode=[0x0]; to_ac_mode=[0x0]; Vmax=[0x0]; Smax_source=[0x0]; Vmax_source=[0x0]; mode_source=[0x0]; lambda_freeze=2.93062; backoff_lambda=0; relief_action=margin_increase; margin_old=0.565; margin_new=0.57; frozen_vsc_idx=[0x0]; frozen_vsc_cols=[1x3]; vsc_margin_final=[0x0]
beerten_vsc,117,VSC_CAPABILITY_MARGIN_INCREASE,vsc_capability,81,1,2.93062,"Reached VSC-MTDC monolithic VSC capability loading limit in 81 continuation steps, lambda = 2.93062; increasing VSC saturation margin from 0.57 to 0.575 and continuing CPF.",gen_idx=[0x0]; bus=[0x0]; lambda_event=[0x0]; lambda_candidate=[0x0]; lambda_previous=[0x0]; event_location_method=[0x0]; P_candidate=[0x0]; Q_candidate=[0x0]; margin_candidate=[0x0]; margin_previous=[0x0]; previous_margin_error=[0x0]; margin_event=[0x0]; active_limit=[0x0]; P_projected=[0x0]; Q_projected=[0x0]; S_projected=[0x0]; Smax=[0x0]; gen_type_code=[0x0]; gen_type=[0x0]; bisection_iterations=[0x0]; location_error=[0x0]; P_final=[0x0]; Q_final=[0x0]; V_final=[0x0]; margin_final=[0x0]; inside_final=[0x0]; final_error=[0x0]; vsc_idx=[0x0]; V_candidate=[0x0]; projection_mode=[0x0]; policy_reason=[0x0]; target_ac_mode_if_saturated=[0x0]; from_ac_mode=[0x0]; to_ac_mode=[0x0]; Vmax=[0x0]; Smax_source=[0x0]; Vmax_source=[0x0]; mode_source=[0x0]; lambda_freeze=2.93062; backoff_lambda=0; relief_action=margin_increase; margin_old=0.57; margin_new=0.575; frozen_vsc_idx=[0x0]; frozen_vsc_cols=[1x3]; vsc_margin_final=[0x0]
beerten_vsc,118,VSC_CAPABILITY_MARGIN_INCREASE,vsc_capability,81,1,2.93062,"Reached VSC-MTDC monolithic VSC capability loading limit in 81 continuation steps, lambda = 2.93062; increasing VSC saturation margin from 0.575 to 0.58 and continuing CPF.",gen_idx=[0x0]; bus=[0x0]; lambda_event=[0x0]; lambda_candidate=[0x0]; lambda_previous=[0x0]; event_location_method=[0x0]; P_candidate=[0x0]; Q_candidate=[0x0]; margin_candidate=[0x0]; margin_previous=[0x0]; previous_margin_error=[0x0]; margin_event=[0x0]; active_limit=[0x0]; P_projected=[0x0]; Q_projected=[0x0]; S_projected=[0x0]; Smax=[0x0]; gen_type_code=[0x0]; gen_type=[0x0]; bisection_iterations=[0x0]; location_error=[0x0]; P_final=[0x0]; Q_final=[0x0]; V_final=[0x0]; margin_final=[0x0]; inside_final=[0x0]; final_error=[0x0]; vsc_idx=[0x0]; V_candidate=[0x0]; projection_mode=[0x0]; policy_reason=[0x0]; target_ac_mode_if_saturated=[0x0]; from_ac_mode=[0x0]; to_ac_mode=[0x0]; Vmax=[0x0]; Smax_source=[0x0]; Vmax_source=[0x0]; mode_source=[0x0]; lambda_freeze=2.93062; backoff_lambda=0; relief_action=margin_increase; margin_old=0.575; margin_new=0.58; frozen_vsc_idx=[0x0]; frozen_vsc_cols=[1x3]; vsc_margin_final=[0x0]
beerten_vsc,119,VSC_CAPABILITY_MARGIN_INCREASE,vsc_capability,81,1,2.93062,"Reached VSC-MTDC monolithic VSC capability loading limit in 81 continuation steps, lambda = 2.93062; increasing VSC saturation margin from 0.58 to 0.585 and continuing CPF.",gen_idx=[0x0]; bus=[0x0]; lambda_event=[0x0]; lambda_candidate=[0x0]; lambda_previous=[0x0]; event_location_method=[0x0]; P_candidate=[0x0]; Q_candidate=[0x0]; margin_candidate=[0x0]; margin_previous=[0x0]; previous_margin_error=[0x0]; margin_event=[0x0]; active_limit=[0x0]; P_projected=[0x0]; Q_projected=[0x0]; S_projected=[0x0]; Smax=[0x0]; gen_type_code=[0x0]; gen_type=[0x0]; bisection_iterations=[0x0]; location_error=[0x0]; P_final=[0x0]; Q_final=[0x0]; V_final=[0x0]; margin_final=[0x0]; inside_final=[0x0]; final_error=[0x0]; vsc_idx=[0x0]; V_candidate=[0x0]; projection_mode=[0x0]; policy_reason=[0x0]; target_ac_mode_if_saturated=[0x0]; from_ac_mode=[0x0]; to_ac_mode=[0x0]; Vmax=[0x0]; Smax_source=[0x0]; Vmax_source=[0x0]; mode_source=[0x0]; lambda_freeze=2.93062; backoff_lambda=0; relief_action=margin_increase; margin_old=0.58; margin_new=0.585; frozen_vsc_idx=[0x0]; frozen_vsc_cols=[1x3]; vsc_margin_final=[0x0]
beerten_vsc,120,VSC_CAPABILITY_MARGIN_INCREASE,vsc_capability,81,1,2.93062,"Reached VSC-MTDC monolithic VSC capability loading limit in 81 continuation steps, lambda = 2.93062; increasing VSC saturation margin from 0.585 to 0.59 and continuing CPF.",gen_idx=[0x0]; bus=[0x0]; lambda_event=[0x0]; lambda_candidate=[0x0]; lambda_previous=[0x0]; event_location_method=[0x0]; P_candidate=[0x0]; Q_candidate=[0x0]; margin_candidate=[0x0]; margin_previous=[0x0]; previous_margin_error=[0x0]; margin_event=[0x0]; active_limit=[0x0]; P_projected=[0x0]; Q_projected=[0x0]; S_projected=[0x0]; Smax=[0x0]; gen_type_code=[0x0]; gen_type=[0x0]; bisection_iterations=[0x0]; location_error=[0x0]; P_final=[0x0]; Q_final=[0x0]; V_final=[0x0]; margin_final=[0x0]; inside_final=[0x0]; final_error=[0x0]; vsc_idx=[0x0]; V_candidate=[0x0]; projection_mode=[0x0]; policy_reason=[0x0]; target_ac_mode_if_saturated=[0x0]; from_ac_mode=[0x0]; to_ac_mode=[0x0]; Vmax=[0x0]; Smax_source=[0x0]; Vmax_source=[0x0]; mode_source=[0x0]; lambda_freeze=2.93062; backoff_lambda=0; relief_action=margin_increase; margin_old=0.585; margin_new=0.59; frozen_vsc_idx=[0x0]; frozen_vsc_cols=[1x3]; vsc_margin_final=[0x0]
beerten_vsc,121,VSC_CAPABILITY_MARGIN_INCREASE,vsc_capability,81,1,2.93062,"Reached VSC-MTDC monolithic VSC capability loading limit in 81 continuation steps, lambda = 2.93062; increasing VSC saturation margin from 0.59 to 0.595 and continuing CPF.",gen_idx=[0x0]; bus=[0x0]; lambda_event=[0x0]; lambda_candidate=[0x0]; lambda_previous=[0x0]; event_location_method=[0x0]; P_candidate=[0x0]; Q_candidate=[0x0]; margin_candidate=[0x0]; margin_previous=[0x0]; previous_margin_error=[0x0]; margin_event=[0x0]; active_limit=[0x0]; P_projected=[0x0]; Q_projected=[0x0]; S_projected=[0x0]; Smax=[0x0]; gen_type_code=[0x0]; gen_type=[0x0]; bisection_iterations=[0x0]; location_error=[0x0]; P_final=[0x0]; Q_final=[0x0]; V_final=[0x0]; margin_final=[0x0]; inside_final=[0x0]; final_error=[0x0]; vsc_idx=[0x0]; V_candidate=[0x0]; projection_mode=[0x0]; policy_reason=[0x0]; target_ac_mode_if_saturated=[0x0]; from_ac_mode=[0x0]; to_ac_mode=[0x0]; Vmax=[0x0]; Smax_source=[0x0]; Vmax_source=[0x0]; mode_source=[0x0]; lambda_freeze=2.93062; backoff_lambda=0; relief_action=margin_increase; margin_old=0.59; margin_new=0.595; frozen_vsc_idx=[0x0]; frozen_vsc_cols=[1x3]; vsc_margin_final=[0x0]
beerten_vsc,122,VSC_CAPABILITY_MARGIN_INCREASE,vsc_capability,81,1,2.93062,"Reached VSC-MTDC monolithic VSC capability loading limit in 81 continuation steps, lambda = 2.93062; increasing VSC saturation margin from 0.595 to 0.6 and continuing CPF.",gen_idx=[0x0]; bus=[0x0]; lambda_event=[0x0]; lambda_candidate=[0x0]; lambda_previous=[0x0]; event_location_method=[0x0]; P_candidate=[0x0]; Q_candidate=[0x0]; margin_candidate=[0x0]; margin_previous=[0x0]; previous_margin_error=[0x0]; margin_event=[0x0]; active_limit=[0x0]; P_projected=[0x0]; Q_projected=[0x0]; S_projected=[0x0]; Smax=[0x0]; gen_type_code=[0x0]; gen_type=[0x0]; bisection_iterations=[0x0]; location_error=[0x0]; P_final=[0x0]; Q_final=[0x0]; V_final=[0x0]; margin_final=[0x0]; inside_final=[0x0]; final_error=[0x0]; vsc_idx=[0x0]; V_candidate=[0x0]; projection_mode=[0x0]; policy_reason=[0x0]; target_ac_mode_if_saturated=[0x0]; from_ac_mode=[0x0]; to_ac_mode=[0x0]; Vmax=[0x0]; Smax_source=[0x0]; Vmax_source=[0x0]; mode_source=[0x0]; lambda_freeze=2.93062; backoff_lambda=0; relief_action=margin_increase; margin_old=0.595; margin_new=0.6; frozen_vsc_idx=[0x0]; frozen_vsc_cols=[1x3]; vsc_margin_final=[0x0]
beerten_vsc,123,VSC_CAPABILITY_MARGIN_INCREASE,vsc_capability,81,1,2.93062,"Reached VSC-MTDC monolithic VSC capability loading limit in 81 continuation steps, lambda = 2.93062; increasing VSC saturation margin from 0.6 to 0.605 and continuing CPF.",gen_idx=[0x0]; bus=[0x0]; lambda_event=[0x0]; lambda_candidate=[0x0]; lambda_previous=[0x0]; event_location_method=[0x0]; P_candidate=[0x0]; Q_candidate=[0x0]; margin_candidate=[0x0]; margin_previous=[0x0]; previous_margin_error=[0x0]; margin_event=[0x0]; active_limit=[0x0]; P_projected=[0x0]; Q_projected=[0x0]; S_projected=[0x0]; Smax=[0x0]; gen_type_code=[0x0]; gen_type=[0x0]; bisection_iterations=[0x0]; location_error=[0x0]; P_final=[0x0]; Q_final=[0x0]; V_final=[0x0]; margin_final=[0x0]; inside_final=[0x0]; final_error=[0x0]; vsc_idx=[0x0]; V_candidate=[0x0]; projection_mode=[0x0]; policy_reason=[0x0]; target_ac_mode_if_saturated=[0x0]; from_ac_mode=[0x0]; to_ac_mode=[0x0]; Vmax=[0x0]; Smax_source=[0x0]; Vmax_source=[0x0]; mode_source=[0x0]; lambda_freeze=2.93062; backoff_lambda=0; relief_action=margin_increase; margin_old=0.6; margin_new=0.605; frozen_vsc_idx=[0x0]; frozen_vsc_cols=[1x3]; vsc_margin_final=[0x0]
beerten_vsc,124,VSC_CAPABILITY_MARGIN_INCREASE,vsc_capability,81,1,2.93062,"Reached VSC-MTDC monolithic VSC capability loading limit in 81 continuation steps, lambda = 2.93062; increasing VSC saturation margin from 0.605 to 0.61 and continuing CPF.",gen_idx=[0x0]; bus=[0x0]; lambda_event=[0x0]; lambda_candidate=[0x0]; lambda_previous=[0x0]; event_location_method=[0x0]; P_candidate=[0x0]; Q_candidate=[0x0]; margin_candidate=[0x0]; margin_previous=[0x0]; previous_margin_error=[0x0]; margin_event=[0x0]; active_limit=[0x0]; P_projected=[0x0]; Q_projected=[0x0]; S_projected=[0x0]; Smax=[0x0]; gen_type_code=[0x0]; gen_type=[0x0]; bisection_iterations=[0x0]; location_error=[0x0]; P_final=[0x0]; Q_final=[0x0]; V_final=[0x0]; margin_final=[0x0]; inside_final=[0x0]; final_error=[0x0]; vsc_idx=[0x0]; V_candidate=[0x0]; projection_mode=[0x0]; policy_reason=[0x0]; target_ac_mode_if_saturated=[0x0]; from_ac_mode=[0x0]; to_ac_mode=[0x0]; Vmax=[0x0]; Smax_source=[0x0]; Vmax_source=[0x0]; mode_source=[0x0]; lambda_freeze=2.93062; backoff_lambda=0; relief_action=margin_increase; margin_old=0.605; margin_new=0.61; frozen_vsc_idx=[0x0]; frozen_vsc_cols=[1x3]; vsc_margin_final=[0x0]
beerten_vsc,125,VSC_CAPABILITY_MARGIN_INCREASE,vsc_capability,81,1,2.93062,"Reached VSC-MTDC monolithic VSC capability loading limit in 81 continuation steps, lambda = 2.93062; increasing VSC saturation margin from 0.61 to 0.615 and continuing CPF.",gen_idx=[0x0]; bus=[0x0]; lambda_event=[0x0]; lambda_candidate=[0x0]; lambda_previous=[0x0]; event_location_method=[0x0]; P_candidate=[0x0]; Q_candidate=[0x0]; margin_candidate=[0x0]; margin_previous=[0x0]; previous_margin_error=[0x0]; margin_event=[0x0]; active_limit=[0x0]; P_projected=[0x0]; Q_projected=[0x0]; S_projected=[0x0]; Smax=[0x0]; gen_type_code=[0x0]; gen_type=[0x0]; bisection_iterations=[0x0]; location_error=[0x0]; P_final=[0x0]; Q_final=[0x0]; V_final=[0x0]; margin_final=[0x0]; inside_final=[0x0]; final_error=[0x0]; vsc_idx=[0x0]; V_candidate=[0x0]; projection_mode=[0x0]; policy_reason=[0x0]; target_ac_mode_if_saturated=[0x0]; from_ac_mode=[0x0]; to_ac_mode=[0x0]; Vmax=[0x0]; Smax_source=[0x0]; Vmax_source=[0x0]; mode_source=[0x0]; lambda_freeze=2.93062; backoff_lambda=0; relief_action=margin_increase; margin_old=0.61; margin_new=0.615; frozen_vsc_idx=[0x0]; frozen_vsc_cols=[1x3]; vsc_margin_final=[0x0]
beerten_vsc,126,VSC_CAPABILITY_MARGIN_INCREASE,vsc_capability,81,1,2.93062,"Reached VSC-MTDC monolithic VSC capability loading limit in 81 continuation steps, lambda = 2.93062; increasing VSC saturation margin from 0.615 to 0.62 and continuing CPF.",gen_idx=[0x0]; bus=[0x0]; lambda_event=[0x0]; lambda_candidate=[0x0]; lambda_previous=[0x0]; event_location_method=[0x0]; P_candidate=[0x0]; Q_candidate=[0x0]; margin_candidate=[0x0]; margin_previous=[0x0]; previous_margin_error=[0x0]; margin_event=[0x0]; active_limit=[0x0]; P_projected=[0x0]; Q_projected=[0x0]; S_projected=[0x0]; Smax=[0x0]; gen_type_code=[0x0]; gen_type=[0x0]; bisection_iterations=[0x0]; location_error=[0x0]; P_final=[0x0]; Q_final=[0x0]; V_final=[0x0]; margin_final=[0x0]; inside_final=[0x0]; final_error=[0x0]; vsc_idx=[0x0]; V_candidate=[0x0]; projection_mode=[0x0]; policy_reason=[0x0]; target_ac_mode_if_saturated=[0x0]; from_ac_mode=[0x0]; to_ac_mode=[0x0]; Vmax=[0x0]; Smax_source=[0x0]; Vmax_source=[0x0]; mode_source=[0x0]; lambda_freeze=2.93062; backoff_lambda=0; relief_action=margin_increase; margin_old=0.615; margin_new=0.62; frozen_vsc_idx=[0x0]; frozen_vsc_cols=[1x3]; vsc_margin_final=[0x0]
beerten_vsc,127,VSC_CAPABILITY_MARGIN_INCREASE,vsc_capability,81,1,2.93062,"Reached VSC-MTDC monolithic VSC capability loading limit in 81 continuation steps, lambda = 2.93062; increasing VSC saturation margin from 0.62 to 0.625 and continuing CPF.",gen_idx=[0x0]; bus=[0x0]; lambda_event=[0x0]; lambda_candidate=[0x0]; lambda_previous=[0x0]; event_location_method=[0x0]; P_candidate=[0x0]; Q_candidate=[0x0]; margin_candidate=[0x0]; margin_previous=[0x0]; previous_margin_error=[0x0]; margin_event=[0x0]; active_limit=[0x0]; P_projected=[0x0]; Q_projected=[0x0]; S_projected=[0x0]; Smax=[0x0]; gen_type_code=[0x0]; gen_type=[0x0]; bisection_iterations=[0x0]; location_error=[0x0]; P_final=[0x0]; Q_final=[0x0]; V_final=[0x0]; margin_final=[0x0]; inside_final=[0x0]; final_error=[0x0]; vsc_idx=[0x0]; V_candidate=[0x0]; projection_mode=[0x0]; policy_reason=[0x0]; target_ac_mode_if_saturated=[0x0]; from_ac_mode=[0x0]; to_ac_mode=[0x0]; Vmax=[0x0]; Smax_source=[0x0]; Vmax_source=[0x0]; mode_source=[0x0]; lambda_freeze=2.93062; backoff_lambda=0; relief_action=margin_increase; margin_old=0.62; margin_new=0.625; frozen_vsc_idx=[0x0]; frozen_vsc_cols=[1x3]; vsc_margin_final=[0x0]
beerten_vsc,128,VSC_CAPABILITY_MARGIN_INCREASE,vsc_capability,81,1,2.93062,"Reached VSC-MTDC monolithic VSC capability loading limit in 81 continuation steps, lambda = 2.93062; increasing VSC saturation margin from 0.625 to 0.63 and continuing CPF.",gen_idx=[0x0]; bus=[0x0]; lambda_event=[0x0]; lambda_candidate=[0x0]; lambda_previous=[0x0]; event_location_method=[0x0]; P_candidate=[0x0]; Q_candidate=[0x0]; margin_candidate=[0x0]; margin_previous=[0x0]; previous_margin_error=[0x0]; margin_event=[0x0]; active_limit=[0x0]; P_projected=[0x0]; Q_projected=[0x0]; S_projected=[0x0]; Smax=[0x0]; gen_type_code=[0x0]; gen_type=[0x0]; bisection_iterations=[0x0]; location_error=[0x0]; P_final=[0x0]; Q_final=[0x0]; V_final=[0x0]; margin_final=[0x0]; inside_final=[0x0]; final_error=[0x0]; vsc_idx=[0x0]; V_candidate=[0x0]; projection_mode=[0x0]; policy_reason=[0x0]; target_ac_mode_if_saturated=[0x0]; from_ac_mode=[0x0]; to_ac_mode=[0x0]; Vmax=[0x0]; Smax_source=[0x0]; Vmax_source=[0x0]; mode_source=[0x0]; lambda_freeze=2.93062; backoff_lambda=0; relief_action=margin_increase; margin_old=0.625; margin_new=0.63; frozen_vsc_idx=[0x0]; frozen_vsc_cols=[1x3]; vsc_margin_final=[0x0]
beerten_vsc,129,VSC_CAPABILITY_MARGIN_INCREASE,vsc_capability,81,1,2.93062,"Reached VSC-MTDC monolithic VSC capability loading limit in 81 continuation steps, lambda = 2.93062; increasing VSC saturation margin from 0.63 to 0.635 and continuing CPF.",gen_idx=[0x0]; bus=[0x0]; lambda_event=[0x0]; lambda_candidate=[0x0]; lambda_previous=[0x0]; event_location_method=[0x0]; P_candidate=[0x0]; Q_candidate=[0x0]; margin_candidate=[0x0]; margin_previous=[0x0]; previous_margin_error=[0x0]; margin_event=[0x0]; active_limit=[0x0]; P_projected=[0x0]; Q_projected=[0x0]; S_projected=[0x0]; Smax=[0x0]; gen_type_code=[0x0]; gen_type=[0x0]; bisection_iterations=[0x0]; location_error=[0x0]; P_final=[0x0]; Q_final=[0x0]; V_final=[0x0]; margin_final=[0x0]; inside_final=[0x0]; final_error=[0x0]; vsc_idx=[0x0]; V_candidate=[0x0]; projection_mode=[0x0]; policy_reason=[0x0]; target_ac_mode_if_saturated=[0x0]; from_ac_mode=[0x0]; to_ac_mode=[0x0]; Vmax=[0x0]; Smax_source=[0x0]; Vmax_source=[0x0]; mode_source=[0x0]; lambda_freeze=2.93062; backoff_lambda=0; relief_action=margin_increase; margin_old=0.63; margin_new=0.635; frozen_vsc_idx=[0x0]; frozen_vsc_cols=[1x3]; vsc_margin_final=[0x0]
beerten_vsc,130,VSC_CAPABILITY_MARGIN_INCREASE,vsc_capability,81,1,2.93062,"Reached VSC-MTDC monolithic VSC capability loading limit in 81 continuation steps, lambda = 2.93062; increasing VSC saturation margin from 0.635 to 0.64 and continuing CPF.",gen_idx=[0x0]; bus=[0x0]; lambda_event=[0x0]; lambda_candidate=[0x0]; lambda_previous=[0x0]; event_location_method=[0x0]; P_candidate=[0x0]; Q_candidate=[0x0]; margin_candidate=[0x0]; margin_previous=[0x0]; previous_margin_error=[0x0]; margin_event=[0x0]; active_limit=[0x0]; P_projected=[0x0]; Q_projected=[0x0]; S_projected=[0x0]; Smax=[0x0]; gen_type_code=[0x0]; gen_type=[0x0]; bisection_iterations=[0x0]; location_error=[0x0]; P_final=[0x0]; Q_final=[0x0]; V_final=[0x0]; margin_final=[0x0]; inside_final=[0x0]; final_error=[0x0]; vsc_idx=[0x0]; V_candidate=[0x0]; projection_mode=[0x0]; policy_reason=[0x0]; target_ac_mode_if_saturated=[0x0]; from_ac_mode=[0x0]; to_ac_mode=[0x0]; Vmax=[0x0]; Smax_source=[0x0]; Vmax_source=[0x0]; mode_source=[0x0]; lambda_freeze=2.93062; backoff_lambda=0; relief_action=margin_increase; margin_old=0.635; margin_new=0.64; frozen_vsc_idx=[0x0]; frozen_vsc_cols=[1x3]; vsc_margin_final=[0x0]
beerten_vsc,131,VSC_CAPABILITY_MARGIN_INCREASE,vsc_capability,81,1,2.93062,"Reached VSC-MTDC monolithic VSC capability loading limit in 81 continuation steps, lambda = 2.93062; increasing VSC saturation margin from 0.64 to 0.645 and continuing CPF.",gen_idx=[0x0]; bus=[0x0]; lambda_event=[0x0]; lambda_candidate=[0x0]; lambda_previous=[0x0]; event_location_method=[0x0]; P_candidate=[0x0]; Q_candidate=[0x0]; margin_candidate=[0x0]; margin_previous=[0x0]; previous_margin_error=[0x0]; margin_event=[0x0]; active_limit=[0x0]; P_projected=[0x0]; Q_projected=[0x0]; S_projected=[0x0]; Smax=[0x0]; gen_type_code=[0x0]; gen_type=[0x0]; bisection_iterations=[0x0]; location_error=[0x0]; P_final=[0x0]; Q_final=[0x0]; V_final=[0x0]; margin_final=[0x0]; inside_final=[0x0]; final_error=[0x0]; vsc_idx=[0x0]; V_candidate=[0x0]; projection_mode=[0x0]; policy_reason=[0x0]; target_ac_mode_if_saturated=[0x0]; from_ac_mode=[0x0]; to_ac_mode=[0x0]; Vmax=[0x0]; Smax_source=[0x0]; Vmax_source=[0x0]; mode_source=[0x0]; lambda_freeze=2.93062; backoff_lambda=0; relief_action=margin_increase; margin_old=0.64; margin_new=0.645; frozen_vsc_idx=[0x0]; frozen_vsc_cols=[1x3]; vsc_margin_final=[0x0]
beerten_vsc,132,VSC_CAPABILITY_MARGIN_INCREASE,vsc_capability,81,1,2.93062,"Reached VSC-MTDC monolithic VSC capability loading limit in 81 continuation steps, lambda = 2.93062; increasing VSC saturation margin from 0.645 to 0.65 and continuing CPF.",gen_idx=[0x0]; bus=[0x0]; lambda_event=[0x0]; lambda_candidate=[0x0]; lambda_previous=[0x0]; event_location_method=[0x0]; P_candidate=[0x0]; Q_candidate=[0x0]; margin_candidate=[0x0]; margin_previous=[0x0]; previous_margin_error=[0x0]; margin_event=[0x0]; active_limit=[0x0]; P_projected=[0x0]; Q_projected=[0x0]; S_projected=[0x0]; Smax=[0x0]; gen_type_code=[0x0]; gen_type=[0x0]; bisection_iterations=[0x0]; location_error=[0x0]; P_final=[0x0]; Q_final=[0x0]; V_final=[0x0]; margin_final=[0x0]; inside_final=[0x0]; final_error=[0x0]; vsc_idx=[0x0]; V_candidate=[0x0]; projection_mode=[0x0]; policy_reason=[0x0]; target_ac_mode_if_saturated=[0x0]; from_ac_mode=[0x0]; to_ac_mode=[0x0]; Vmax=[0x0]; Smax_source=[0x0]; Vmax_source=[0x0]; mode_source=[0x0]; lambda_freeze=2.93062; backoff_lambda=0; relief_action=margin_increase; margin_old=0.645; margin_new=0.65; frozen_vsc_idx=[0x0]; frozen_vsc_cols=[1x3]; vsc_margin_final=[0x0]
beerten_vsc,133,VSC_CAPABILITY_MARGIN_INCREASE,vsc_capability,81,1,2.93062,"Reached VSC-MTDC monolithic VSC capability loading limit in 81 continuation steps, lambda = 2.93062; increasing VSC saturation margin from 0.65 to 0.655 and continuing CPF.",gen_idx=[0x0]; bus=[0x0]; lambda_event=[0x0]; lambda_candidate=[0x0]; lambda_previous=[0x0]; event_location_method=[0x0]; P_candidate=[0x0]; Q_candidate=[0x0]; margin_candidate=[0x0]; margin_previous=[0x0]; previous_margin_error=[0x0]; margin_event=[0x0]; active_limit=[0x0]; P_projected=[0x0]; Q_projected=[0x0]; S_projected=[0x0]; Smax=[0x0]; gen_type_code=[0x0]; gen_type=[0x0]; bisection_iterations=[0x0]; location_error=[0x0]; P_final=[0x0]; Q_final=[0x0]; V_final=[0x0]; margin_final=[0x0]; inside_final=[0x0]; final_error=[0x0]; vsc_idx=[0x0]; V_candidate=[0x0]; projection_mode=[0x0]; policy_reason=[0x0]; target_ac_mode_if_saturated=[0x0]; from_ac_mode=[0x0]; to_ac_mode=[0x0]; Vmax=[0x0]; Smax_source=[0x0]; Vmax_source=[0x0]; mode_source=[0x0]; lambda_freeze=2.93062; backoff_lambda=0; relief_action=margin_increase; margin_old=0.65; margin_new=0.655; frozen_vsc_idx=[0x0]; frozen_vsc_cols=[1x3]; vsc_margin_final=[0x0]
beerten_vsc,134,VSC_CAPABILITY_MARGIN_INCREASE,vsc_capability,81,1,2.93062,"Reached VSC-MTDC monolithic VSC capability loading limit in 81 continuation steps, lambda = 2.93062; increasing VSC saturation margin from 0.655 to 0.66 and continuing CPF.",gen_idx=[0x0]; bus=[0x0]; lambda_event=[0x0]; lambda_candidate=[0x0]; lambda_previous=[0x0]; event_location_method=[0x0]; P_candidate=[0x0]; Q_candidate=[0x0]; margin_candidate=[0x0]; margin_previous=[0x0]; previous_margin_error=[0x0]; margin_event=[0x0]; active_limit=[0x0]; P_projected=[0x0]; Q_projected=[0x0]; S_projected=[0x0]; Smax=[0x0]; gen_type_code=[0x0]; gen_type=[0x0]; bisection_iterations=[0x0]; location_error=[0x0]; P_final=[0x0]; Q_final=[0x0]; V_final=[0x0]; margin_final=[0x0]; inside_final=[0x0]; final_error=[0x0]; vsc_idx=[0x0]; V_candidate=[0x0]; projection_mode=[0x0]; policy_reason=[0x0]; target_ac_mode_if_saturated=[0x0]; from_ac_mode=[0x0]; to_ac_mode=[0x0]; Vmax=[0x0]; Smax_source=[0x0]; Vmax_source=[0x0]; mode_source=[0x0]; lambda_freeze=2.93062; backoff_lambda=0; relief_action=margin_increase; margin_old=0.655; margin_new=0.66; frozen_vsc_idx=[0x0]; frozen_vsc_cols=[1x3]; vsc_margin_final=[0x0]
beerten_vsc,135,VSC_CAPABILITY_MARGIN_INCREASE,vsc_capability,81,1,2.93062,"Reached VSC-MTDC monolithic VSC capability loading limit in 81 continuation steps, lambda = 2.93062; increasing VSC saturation margin from 0.66 to 0.665 and continuing CPF.",gen_idx=[0x0]; bus=[0x0]; lambda_event=[0x0]; lambda_candidate=[0x0]; lambda_previous=[0x0]; event_location_method=[0x0]; P_candidate=[0x0]; Q_candidate=[0x0]; margin_candidate=[0x0]; margin_previous=[0x0]; previous_margin_error=[0x0]; margin_event=[0x0]; active_limit=[0x0]; P_projected=[0x0]; Q_projected=[0x0]; S_projected=[0x0]; Smax=[0x0]; gen_type_code=[0x0]; gen_type=[0x0]; bisection_iterations=[0x0]; location_error=[0x0]; P_final=[0x0]; Q_final=[0x0]; V_final=[0x0]; margin_final=[0x0]; inside_final=[0x0]; final_error=[0x0]; vsc_idx=[0x0]; V_candidate=[0x0]; projection_mode=[0x0]; policy_reason=[0x0]; target_ac_mode_if_saturated=[0x0]; from_ac_mode=[0x0]; to_ac_mode=[0x0]; Vmax=[0x0]; Smax_source=[0x0]; Vmax_source=[0x0]; mode_source=[0x0]; lambda_freeze=2.93062; backoff_lambda=0; relief_action=margin_increase; margin_old=0.66; margin_new=0.665; frozen_vsc_idx=[0x0]; frozen_vsc_cols=[1x3]; vsc_margin_final=[0x0]
beerten_vsc,136,VSC_CAPABILITY_MARGIN_INCREASE,vsc_capability,81,1,2.93062,"Reached VSC-MTDC monolithic VSC capability loading limit in 81 continuation steps, lambda = 2.93062; increasing VSC saturation margin from 0.665 to 0.67 and continuing CPF.",gen_idx=[0x0]; bus=[0x0]; lambda_event=[0x0]; lambda_candidate=[0x0]; lambda_previous=[0x0]; event_location_method=[0x0]; P_candidate=[0x0]; Q_candidate=[0x0]; margin_candidate=[0x0]; margin_previous=[0x0]; previous_margin_error=[0x0]; margin_event=[0x0]; active_limit=[0x0]; P_projected=[0x0]; Q_projected=[0x0]; S_projected=[0x0]; Smax=[0x0]; gen_type_code=[0x0]; gen_type=[0x0]; bisection_iterations=[0x0]; location_error=[0x0]; P_final=[0x0]; Q_final=[0x0]; V_final=[0x0]; margin_final=[0x0]; inside_final=[0x0]; final_error=[0x0]; vsc_idx=[0x0]; V_candidate=[0x0]; projection_mode=[0x0]; policy_reason=[0x0]; target_ac_mode_if_saturated=[0x0]; from_ac_mode=[0x0]; to_ac_mode=[0x0]; Vmax=[0x0]; Smax_source=[0x0]; Vmax_source=[0x0]; mode_source=[0x0]; lambda_freeze=2.93062; backoff_lambda=0; relief_action=margin_increase; margin_old=0.665; margin_new=0.67; frozen_vsc_idx=[0x0]; frozen_vsc_cols=[1x3]; vsc_margin_final=[0x0]
beerten_vsc,137,VSC_CAPABILITY_MARGIN_INCREASE,vsc_capability,81,1,2.93062,"Reached VSC-MTDC monolithic VSC capability loading limit in 81 continuation steps, lambda = 2.93062; increasing VSC saturation margin from 0.67 to 0.675 and continuing CPF.",gen_idx=[0x0]; bus=[0x0]; lambda_event=[0x0]; lambda_candidate=[0x0]; lambda_previous=[0x0]; event_location_method=[0x0]; P_candidate=[0x0]; Q_candidate=[0x0]; margin_candidate=[0x0]; margin_previous=[0x0]; previous_margin_error=[0x0]; margin_event=[0x0]; active_limit=[0x0]; P_projected=[0x0]; Q_projected=[0x0]; S_projected=[0x0]; Smax=[0x0]; gen_type_code=[0x0]; gen_type=[0x0]; bisection_iterations=[0x0]; location_error=[0x0]; P_final=[0x0]; Q_final=[0x0]; V_final=[0x0]; margin_final=[0x0]; inside_final=[0x0]; final_error=[0x0]; vsc_idx=[0x0]; V_candidate=[0x0]; projection_mode=[0x0]; policy_reason=[0x0]; target_ac_mode_if_saturated=[0x0]; from_ac_mode=[0x0]; to_ac_mode=[0x0]; Vmax=[0x0]; Smax_source=[0x0]; Vmax_source=[0x0]; mode_source=[0x0]; lambda_freeze=2.93062; backoff_lambda=0; relief_action=margin_increase; margin_old=0.67; margin_new=0.675; frozen_vsc_idx=[0x0]; frozen_vsc_cols=[1x3]; vsc_margin_final=[0x0]
beerten_vsc,138,VSC_CAPABILITY_MARGIN_INCREASE,vsc_capability,81,1,2.93062,"Reached VSC-MTDC monolithic VSC capability loading limit in 81 continuation steps, lambda = 2.93062; increasing VSC saturation margin from 0.675 to 0.68 and continuing CPF.",gen_idx=[0x0]; bus=[0x0]; lambda_event=[0x0]; lambda_candidate=[0x0]; lambda_previous=[0x0]; event_location_method=[0x0]; P_candidate=[0x0]; Q_candidate=[0x0]; margin_candidate=[0x0]; margin_previous=[0x0]; previous_margin_error=[0x0]; margin_event=[0x0]; active_limit=[0x0]; P_projected=[0x0]; Q_projected=[0x0]; S_projected=[0x0]; Smax=[0x0]; gen_type_code=[0x0]; gen_type=[0x0]; bisection_iterations=[0x0]; location_error=[0x0]; P_final=[0x0]; Q_final=[0x0]; V_final=[0x0]; margin_final=[0x0]; inside_final=[0x0]; final_error=[0x0]; vsc_idx=[0x0]; V_candidate=[0x0]; projection_mode=[0x0]; policy_reason=[0x0]; target_ac_mode_if_saturated=[0x0]; from_ac_mode=[0x0]; to_ac_mode=[0x0]; Vmax=[0x0]; Smax_source=[0x0]; Vmax_source=[0x0]; mode_source=[0x0]; lambda_freeze=2.93062; backoff_lambda=0; relief_action=margin_increase; margin_old=0.675; margin_new=0.68; frozen_vsc_idx=[0x0]; frozen_vsc_cols=[1x3]; vsc_margin_final=[0x0]
beerten_vsc,139,VSC_CAPABILITY_MARGIN_INCREASE,vsc_capability,81,1,2.93062,"Reached VSC-MTDC monolithic VSC capability loading limit in 81 continuation steps, lambda = 2.93062; increasing VSC saturation margin from 0.68 to 0.685 and continuing CPF.",gen_idx=[0x0]; bus=[0x0]; lambda_event=[0x0]; lambda_candidate=[0x0]; lambda_previous=[0x0]; event_location_method=[0x0]; P_candidate=[0x0]; Q_candidate=[0x0]; margin_candidate=[0x0]; margin_previous=[0x0]; previous_margin_error=[0x0]; margin_event=[0x0]; active_limit=[0x0]; P_projected=[0x0]; Q_projected=[0x0]; S_projected=[0x0]; Smax=[0x0]; gen_type_code=[0x0]; gen_type=[0x0]; bisection_iterations=[0x0]; location_error=[0x0]; P_final=[0x0]; Q_final=[0x0]; V_final=[0x0]; margin_final=[0x0]; inside_final=[0x0]; final_error=[0x0]; vsc_idx=[0x0]; V_candidate=[0x0]; projection_mode=[0x0]; policy_reason=[0x0]; target_ac_mode_if_saturated=[0x0]; from_ac_mode=[0x0]; to_ac_mode=[0x0]; Vmax=[0x0]; Smax_source=[0x0]; Vmax_source=[0x0]; mode_source=[0x0]; lambda_freeze=2.93062; backoff_lambda=0; relief_action=margin_increase; margin_old=0.68; margin_new=0.685; frozen_vsc_idx=[0x0]; frozen_vsc_cols=[1x3]; vsc_margin_final=[0x0]
beerten_vsc,140,VSC_CAPABILITY_MARGIN_INCREASE,vsc_capability,81,1,2.93062,"Reached VSC-MTDC monolithic VSC capability loading limit in 81 continuation steps, lambda = 2.93062; increasing VSC saturation margin from 0.685 to 0.69 and continuing CPF.",gen_idx=[0x0]; bus=[0x0]; lambda_event=[0x0]; lambda_candidate=[0x0]; lambda_previous=[0x0]; event_location_method=[0x0]; P_candidate=[0x0]; Q_candidate=[0x0]; margin_candidate=[0x0]; margin_previous=[0x0]; previous_margin_error=[0x0]; margin_event=[0x0]; active_limit=[0x0]; P_projected=[0x0]; Q_projected=[0x0]; S_projected=[0x0]; Smax=[0x0]; gen_type_code=[0x0]; gen_type=[0x0]; bisection_iterations=[0x0]; location_error=[0x0]; P_final=[0x0]; Q_final=[0x0]; V_final=[0x0]; margin_final=[0x0]; inside_final=[0x0]; final_error=[0x0]; vsc_idx=[0x0]; V_candidate=[0x0]; projection_mode=[0x0]; policy_reason=[0x0]; target_ac_mode_if_saturated=[0x0]; from_ac_mode=[0x0]; to_ac_mode=[0x0]; Vmax=[0x0]; Smax_source=[0x0]; Vmax_source=[0x0]; mode_source=[0x0]; lambda_freeze=2.93062; backoff_lambda=0; relief_action=margin_increase; margin_old=0.685; margin_new=0.69; frozen_vsc_idx=[0x0]; frozen_vsc_cols=[1x3]; vsc_margin_final=[0x0]
beerten_vsc,141,VSC_CAPABILITY_MARGIN_INCREASE,vsc_capability,81,1,2.93062,"Reached VSC-MTDC monolithic VSC capability loading limit in 81 continuation steps, lambda = 2.93062; increasing VSC saturation margin from 0.69 to 0.695 and continuing CPF.",gen_idx=[0x0]; bus=[0x0]; lambda_event=[0x0]; lambda_candidate=[0x0]; lambda_previous=[0x0]; event_location_method=[0x0]; P_candidate=[0x0]; Q_candidate=[0x0]; margin_candidate=[0x0]; margin_previous=[0x0]; previous_margin_error=[0x0]; margin_event=[0x0]; active_limit=[0x0]; P_projected=[0x0]; Q_projected=[0x0]; S_projected=[0x0]; Smax=[0x0]; gen_type_code=[0x0]; gen_type=[0x0]; bisection_iterations=[0x0]; location_error=[0x0]; P_final=[0x0]; Q_final=[0x0]; V_final=[0x0]; margin_final=[0x0]; inside_final=[0x0]; final_error=[0x0]; vsc_idx=[0x0]; V_candidate=[0x0]; projection_mode=[0x0]; policy_reason=[0x0]; target_ac_mode_if_saturated=[0x0]; from_ac_mode=[0x0]; to_ac_mode=[0x0]; Vmax=[0x0]; Smax_source=[0x0]; Vmax_source=[0x0]; mode_source=[0x0]; lambda_freeze=2.93062; backoff_lambda=0; relief_action=margin_increase; margin_old=0.69; margin_new=0.695; frozen_vsc_idx=[0x0]; frozen_vsc_cols=[1x3]; vsc_margin_final=[0x0]
beerten_vsc,142,VSC_CAPABILITY_MARGIN_INCREASE,vsc_capability,81,1,2.93062,"Reached VSC-MTDC monolithic VSC capability loading limit in 81 continuation steps, lambda = 2.93062; increasing VSC saturation margin from 0.695 to 0.7 and continuing CPF.",gen_idx=[0x0]; bus=[0x0]; lambda_event=[0x0]; lambda_candidate=[0x0]; lambda_previous=[0x0]; event_location_method=[0x0]; P_candidate=[0x0]; Q_candidate=[0x0]; margin_candidate=[0x0]; margin_previous=[0x0]; previous_margin_error=[0x0]; margin_event=[0x0]; active_limit=[0x0]; P_projected=[0x0]; Q_projected=[0x0]; S_projected=[0x0]; Smax=[0x0]; gen_type_code=[0x0]; gen_type=[0x0]; bisection_iterations=[0x0]; location_error=[0x0]; P_final=[0x0]; Q_final=[0x0]; V_final=[0x0]; margin_final=[0x0]; inside_final=[0x0]; final_error=[0x0]; vsc_idx=[0x0]; V_candidate=[0x0]; projection_mode=[0x0]; policy_reason=[0x0]; target_ac_mode_if_saturated=[0x0]; from_ac_mode=[0x0]; to_ac_mode=[0x0]; Vmax=[0x0]; Smax_source=[0x0]; Vmax_source=[0x0]; mode_source=[0x0]; lambda_freeze=2.93062; backoff_lambda=0; relief_action=margin_increase; margin_old=0.695; margin_new=0.7; frozen_vsc_idx=[0x0]; frozen_vsc_cols=[1x3]; vsc_margin_final=[0x0]
beerten_vsc,143,VSC_CAPABILITY_MARGIN_INCREASE,vsc_capability,81,1,2.93062,"Reached VSC-MTDC monolithic VSC capability loading limit in 81 continuation steps, lambda = 2.93062; increasing VSC saturation margin from 0.7 to 0.705 and continuing CPF.",gen_idx=[0x0]; bus=[0x0]; lambda_event=[0x0]; lambda_candidate=[0x0]; lambda_previous=[0x0]; event_location_method=[0x0]; P_candidate=[0x0]; Q_candidate=[0x0]; margin_candidate=[0x0]; margin_previous=[0x0]; previous_margin_error=[0x0]; margin_event=[0x0]; active_limit=[0x0]; P_projected=[0x0]; Q_projected=[0x0]; S_projected=[0x0]; Smax=[0x0]; gen_type_code=[0x0]; gen_type=[0x0]; bisection_iterations=[0x0]; location_error=[0x0]; P_final=[0x0]; Q_final=[0x0]; V_final=[0x0]; margin_final=[0x0]; inside_final=[0x0]; final_error=[0x0]; vsc_idx=[0x0]; V_candidate=[0x0]; projection_mode=[0x0]; policy_reason=[0x0]; target_ac_mode_if_saturated=[0x0]; from_ac_mode=[0x0]; to_ac_mode=[0x0]; Vmax=[0x0]; Smax_source=[0x0]; Vmax_source=[0x0]; mode_source=[0x0]; lambda_freeze=2.93062; backoff_lambda=0; relief_action=margin_increase; margin_old=0.7; margin_new=0.705; frozen_vsc_idx=[0x0]; frozen_vsc_cols=[1x3]; vsc_margin_final=[0x0]
beerten_vsc,144,VSC_CAPABILITY_MARGIN_INCREASE,vsc_capability,81,1,2.93062,"Reached VSC-MTDC monolithic VSC capability loading limit in 81 continuation steps, lambda = 2.93062; increasing VSC saturation margin from 0.705 to 0.71 and continuing CPF.",gen_idx=[0x0]; bus=[0x0]; lambda_event=[0x0]; lambda_candidate=[0x0]; lambda_previous=[0x0]; event_location_method=[0x0]; P_candidate=[0x0]; Q_candidate=[0x0]; margin_candidate=[0x0]; margin_previous=[0x0]; previous_margin_error=[0x0]; margin_event=[0x0]; active_limit=[0x0]; P_projected=[0x0]; Q_projected=[0x0]; S_projected=[0x0]; Smax=[0x0]; gen_type_code=[0x0]; gen_type=[0x0]; bisection_iterations=[0x0]; location_error=[0x0]; P_final=[0x0]; Q_final=[0x0]; V_final=[0x0]; margin_final=[0x0]; inside_final=[0x0]; final_error=[0x0]; vsc_idx=[0x0]; V_candidate=[0x0]; projection_mode=[0x0]; policy_reason=[0x0]; target_ac_mode_if_saturated=[0x0]; from_ac_mode=[0x0]; to_ac_mode=[0x0]; Vmax=[0x0]; Smax_source=[0x0]; Vmax_source=[0x0]; mode_source=[0x0]; lambda_freeze=2.93062; backoff_lambda=0; relief_action=margin_increase; margin_old=0.705; margin_new=0.71; frozen_vsc_idx=[0x0]; frozen_vsc_cols=[1x3]; vsc_margin_final=[0x0]
beerten_vsc,145,VSC_CAPABILITY_MARGIN_INCREASE,vsc_capability,81,1,2.93062,"Reached VSC-MTDC monolithic VSC capability loading limit in 81 continuation steps, lambda = 2.93062; increasing VSC saturation margin from 0.71 to 0.715 and continuing CPF.",gen_idx=[0x0]; bus=[0x0]; lambda_event=[0x0]; lambda_candidate=[0x0]; lambda_previous=[0x0]; event_location_method=[0x0]; P_candidate=[0x0]; Q_candidate=[0x0]; margin_candidate=[0x0]; margin_previous=[0x0]; previous_margin_error=[0x0]; margin_event=[0x0]; active_limit=[0x0]; P_projected=[0x0]; Q_projected=[0x0]; S_projected=[0x0]; Smax=[0x0]; gen_type_code=[0x0]; gen_type=[0x0]; bisection_iterations=[0x0]; location_error=[0x0]; P_final=[0x0]; Q_final=[0x0]; V_final=[0x0]; margin_final=[0x0]; inside_final=[0x0]; final_error=[0x0]; vsc_idx=[0x0]; V_candidate=[0x0]; projection_mode=[0x0]; policy_reason=[0x0]; target_ac_mode_if_saturated=[0x0]; from_ac_mode=[0x0]; to_ac_mode=[0x0]; Vmax=[0x0]; Smax_source=[0x0]; Vmax_source=[0x0]; mode_source=[0x0]; lambda_freeze=2.93062; backoff_lambda=0; relief_action=margin_increase; margin_old=0.71; margin_new=0.715; frozen_vsc_idx=[0x0]; frozen_vsc_cols=[1x3]; vsc_margin_final=[0x0]
beerten_vsc,146,VSC_CAPABILITY_MARGIN_INCREASE,vsc_capability,81,1,2.93062,"Reached VSC-MTDC monolithic VSC capability loading limit in 81 continuation steps, lambda = 2.93062; increasing VSC saturation margin from 0.715 to 0.72 and continuing CPF.",gen_idx=[0x0]; bus=[0x0]; lambda_event=[0x0]; lambda_candidate=[0x0]; lambda_previous=[0x0]; event_location_method=[0x0]; P_candidate=[0x0]; Q_candidate=[0x0]; margin_candidate=[0x0]; margin_previous=[0x0]; previous_margin_error=[0x0]; margin_event=[0x0]; active_limit=[0x0]; P_projected=[0x0]; Q_projected=[0x0]; S_projected=[0x0]; Smax=[0x0]; gen_type_code=[0x0]; gen_type=[0x0]; bisection_iterations=[0x0]; location_error=[0x0]; P_final=[0x0]; Q_final=[0x0]; V_final=[0x0]; margin_final=[0x0]; inside_final=[0x0]; final_error=[0x0]; vsc_idx=[0x0]; V_candidate=[0x0]; projection_mode=[0x0]; policy_reason=[0x0]; target_ac_mode_if_saturated=[0x0]; from_ac_mode=[0x0]; to_ac_mode=[0x0]; Vmax=[0x0]; Smax_source=[0x0]; Vmax_source=[0x0]; mode_source=[0x0]; lambda_freeze=2.93062; backoff_lambda=0; relief_action=margin_increase; margin_old=0.715; margin_new=0.72; frozen_vsc_idx=[0x0]; frozen_vsc_cols=[1x3]; vsc_margin_final=[0x0]
beerten_vsc,147,VSC_CAPABILITY_MARGIN_INCREASE,vsc_capability,81,1,2.93062,"Reached VSC-MTDC monolithic VSC capability loading limit in 81 continuation steps, lambda = 2.93062; increasing VSC saturation margin from 0.72 to 0.725 and continuing CPF.",gen_idx=[0x0]; bus=[0x0]; lambda_event=[0x0]; lambda_candidate=[0x0]; lambda_previous=[0x0]; event_location_method=[0x0]; P_candidate=[0x0]; Q_candidate=[0x0]; margin_candidate=[0x0]; margin_previous=[0x0]; previous_margin_error=[0x0]; margin_event=[0x0]; active_limit=[0x0]; P_projected=[0x0]; Q_projected=[0x0]; S_projected=[0x0]; Smax=[0x0]; gen_type_code=[0x0]; gen_type=[0x0]; bisection_iterations=[0x0]; location_error=[0x0]; P_final=[0x0]; Q_final=[0x0]; V_final=[0x0]; margin_final=[0x0]; inside_final=[0x0]; final_error=[0x0]; vsc_idx=[0x0]; V_candidate=[0x0]; projection_mode=[0x0]; policy_reason=[0x0]; target_ac_mode_if_saturated=[0x0]; from_ac_mode=[0x0]; to_ac_mode=[0x0]; Vmax=[0x0]; Smax_source=[0x0]; Vmax_source=[0x0]; mode_source=[0x0]; lambda_freeze=2.93062; backoff_lambda=0; relief_action=margin_increase; margin_old=0.72; margin_new=0.725; frozen_vsc_idx=[0x0]; frozen_vsc_cols=[1x3]; vsc_margin_final=[0x0]
beerten_vsc,148,VSC_CAPABILITY_MARGIN_INCREASE,vsc_capability,81,1,2.93062,"Reached VSC-MTDC monolithic VSC capability loading limit in 81 continuation steps, lambda = 2.93062; increasing VSC saturation margin from 0.725 to 0.73 and continuing CPF.",gen_idx=[0x0]; bus=[0x0]; lambda_event=[0x0]; lambda_candidate=[0x0]; lambda_previous=[0x0]; event_location_method=[0x0]; P_candidate=[0x0]; Q_candidate=[0x0]; margin_candidate=[0x0]; margin_previous=[0x0]; previous_margin_error=[0x0]; margin_event=[0x0]; active_limit=[0x0]; P_projected=[0x0]; Q_projected=[0x0]; S_projected=[0x0]; Smax=[0x0]; gen_type_code=[0x0]; gen_type=[0x0]; bisection_iterations=[0x0]; location_error=[0x0]; P_final=[0x0]; Q_final=[0x0]; V_final=[0x0]; margin_final=[0x0]; inside_final=[0x0]; final_error=[0x0]; vsc_idx=[0x0]; V_candidate=[0x0]; projection_mode=[0x0]; policy_reason=[0x0]; target_ac_mode_if_saturated=[0x0]; from_ac_mode=[0x0]; to_ac_mode=[0x0]; Vmax=[0x0]; Smax_source=[0x0]; Vmax_source=[0x0]; mode_source=[0x0]; lambda_freeze=2.93062; backoff_lambda=0; relief_action=margin_increase; margin_old=0.725; margin_new=0.73; frozen_vsc_idx=[0x0]; frozen_vsc_cols=[1x3]; vsc_margin_final=[0x0]
beerten_vsc,149,VSC_CAPABILITY_MARGIN_INCREASE,vsc_capability,81,1,2.93062,"Reached VSC-MTDC monolithic VSC capability loading limit in 81 continuation steps, lambda = 2.93062; increasing VSC saturation margin from 0.73 to 0.735 and continuing CPF.",gen_idx=[0x0]; bus=[0x0]; lambda_event=[0x0]; lambda_candidate=[0x0]; lambda_previous=[0x0]; event_location_method=[0x0]; P_candidate=[0x0]; Q_candidate=[0x0]; margin_candidate=[0x0]; margin_previous=[0x0]; previous_margin_error=[0x0]; margin_event=[0x0]; active_limit=[0x0]; P_projected=[0x0]; Q_projected=[0x0]; S_projected=[0x0]; Smax=[0x0]; gen_type_code=[0x0]; gen_type=[0x0]; bisection_iterations=[0x0]; location_error=[0x0]; P_final=[0x0]; Q_final=[0x0]; V_final=[0x0]; margin_final=[0x0]; inside_final=[0x0]; final_error=[0x0]; vsc_idx=[0x0]; V_candidate=[0x0]; projection_mode=[0x0]; policy_reason=[0x0]; target_ac_mode_if_saturated=[0x0]; from_ac_mode=[0x0]; to_ac_mode=[0x0]; Vmax=[0x0]; Smax_source=[0x0]; Vmax_source=[0x0]; mode_source=[0x0]; lambda_freeze=2.93062; backoff_lambda=0; relief_action=margin_increase; margin_old=0.73; margin_new=0.735; frozen_vsc_idx=[0x0]; frozen_vsc_cols=[1x3]; vsc_margin_final=[0x0]
beerten_vsc,150,VSC_CAPABILITY_MARGIN_INCREASE,vsc_capability,81,1,2.93062,"Reached VSC-MTDC monolithic VSC capability loading limit in 81 continuation steps, lambda = 2.93062; increasing VSC saturation margin from 0.735 to 0.74 and continuing CPF.",gen_idx=[0x0]; bus=[0x0]; lambda_event=[0x0]; lambda_candidate=[0x0]; lambda_previous=[0x0]; event_location_method=[0x0]; P_candidate=[0x0]; Q_candidate=[0x0]; margin_candidate=[0x0]; margin_previous=[0x0]; previous_margin_error=[0x0]; margin_event=[0x0]; active_limit=[0x0]; P_projected=[0x0]; Q_projected=[0x0]; S_projected=[0x0]; Smax=[0x0]; gen_type_code=[0x0]; gen_type=[0x0]; bisection_iterations=[0x0]; location_error=[0x0]; P_final=[0x0]; Q_final=[0x0]; V_final=[0x0]; margin_final=[0x0]; inside_final=[0x0]; final_error=[0x0]; vsc_idx=[0x0]; V_candidate=[0x0]; projection_mode=[0x0]; policy_reason=[0x0]; target_ac_mode_if_saturated=[0x0]; from_ac_mode=[0x0]; to_ac_mode=[0x0]; Vmax=[0x0]; Smax_source=[0x0]; Vmax_source=[0x0]; mode_source=[0x0]; lambda_freeze=2.93062; backoff_lambda=0; relief_action=margin_increase; margin_old=0.735; margin_new=0.74; frozen_vsc_idx=[0x0]; frozen_vsc_cols=[1x3]; vsc_margin_final=[0x0]
beerten_vsc,151,VSC_CAPABILITY_MARGIN_INCREASE,vsc_capability,81,1,2.93062,"Reached VSC-MTDC monolithic VSC capability loading limit in 81 continuation steps, lambda = 2.93062; increasing VSC saturation margin from 0.74 to 0.745 and continuing CPF.",gen_idx=[0x0]; bus=[0x0]; lambda_event=[0x0]; lambda_candidate=[0x0]; lambda_previous=[0x0]; event_location_method=[0x0]; P_candidate=[0x0]; Q_candidate=[0x0]; margin_candidate=[0x0]; margin_previous=[0x0]; previous_margin_error=[0x0]; margin_event=[0x0]; active_limit=[0x0]; P_projected=[0x0]; Q_projected=[0x0]; S_projected=[0x0]; Smax=[0x0]; gen_type_code=[0x0]; gen_type=[0x0]; bisection_iterations=[0x0]; location_error=[0x0]; P_final=[0x0]; Q_final=[0x0]; V_final=[0x0]; margin_final=[0x0]; inside_final=[0x0]; final_error=[0x0]; vsc_idx=[0x0]; V_candidate=[0x0]; projection_mode=[0x0]; policy_reason=[0x0]; target_ac_mode_if_saturated=[0x0]; from_ac_mode=[0x0]; to_ac_mode=[0x0]; Vmax=[0x0]; Smax_source=[0x0]; Vmax_source=[0x0]; mode_source=[0x0]; lambda_freeze=2.93062; backoff_lambda=0; relief_action=margin_increase; margin_old=0.74; margin_new=0.745; frozen_vsc_idx=[0x0]; frozen_vsc_cols=[1x3]; vsc_margin_final=[0x0]
beerten_vsc,152,VSC_CAPABILITY_MARGIN_INCREASE,vsc_capability,81,1,2.93062,"Reached VSC-MTDC monolithic VSC capability loading limit in 81 continuation steps, lambda = 2.93062; increasing VSC saturation margin from 0.745 to 0.75 and continuing CPF.",gen_idx=[0x0]; bus=[0x0]; lambda_event=[0x0]; lambda_candidate=[0x0]; lambda_previous=[0x0]; event_location_method=[0x0]; P_candidate=[0x0]; Q_candidate=[0x0]; margin_candidate=[0x0]; margin_previous=[0x0]; previous_margin_error=[0x0]; margin_event=[0x0]; active_limit=[0x0]; P_projected=[0x0]; Q_projected=[0x0]; S_projected=[0x0]; Smax=[0x0]; gen_type_code=[0x0]; gen_type=[0x0]; bisection_iterations=[0x0]; location_error=[0x0]; P_final=[0x0]; Q_final=[0x0]; V_final=[0x0]; margin_final=[0x0]; inside_final=[0x0]; final_error=[0x0]; vsc_idx=[0x0]; V_candidate=[0x0]; projection_mode=[0x0]; policy_reason=[0x0]; target_ac_mode_if_saturated=[0x0]; from_ac_mode=[0x0]; to_ac_mode=[0x0]; Vmax=[0x0]; Smax_source=[0x0]; Vmax_source=[0x0]; mode_source=[0x0]; lambda_freeze=2.93062; backoff_lambda=0; relief_action=margin_increase; margin_old=0.745; margin_new=0.75; frozen_vsc_idx=[0x0]; frozen_vsc_cols=[1x3]; vsc_margin_final=[0x0]
beerten_vsc,153,VSC_CAPABILITY_MARGIN_INCREASE,vsc_capability,81,1,2.93062,"Reached VSC-MTDC monolithic VSC capability loading limit in 81 continuation steps, lambda = 2.93062; increasing VSC saturation margin from 0.75 to 0.755 and continuing CPF.",gen_idx=[0x0]; bus=[0x0]; lambda_event=[0x0]; lambda_candidate=[0x0]; lambda_previous=[0x0]; event_location_method=[0x0]; P_candidate=[0x0]; Q_candidate=[0x0]; margin_candidate=[0x0]; margin_previous=[0x0]; previous_margin_error=[0x0]; margin_event=[0x0]; active_limit=[0x0]; P_projected=[0x0]; Q_projected=[0x0]; S_projected=[0x0]; Smax=[0x0]; gen_type_code=[0x0]; gen_type=[0x0]; bisection_iterations=[0x0]; location_error=[0x0]; P_final=[0x0]; Q_final=[0x0]; V_final=[0x0]; margin_final=[0x0]; inside_final=[0x0]; final_error=[0x0]; vsc_idx=[0x0]; V_candidate=[0x0]; projection_mode=[0x0]; policy_reason=[0x0]; target_ac_mode_if_saturated=[0x0]; from_ac_mode=[0x0]; to_ac_mode=[0x0]; Vmax=[0x0]; Smax_source=[0x0]; Vmax_source=[0x0]; mode_source=[0x0]; lambda_freeze=2.93062; backoff_lambda=0; relief_action=margin_increase; margin_old=0.75; margin_new=0.755; frozen_vsc_idx=[0x0]; frozen_vsc_cols=[1x3]; vsc_margin_final=[0x0]
beerten_vsc,154,VSC_CAPABILITY_MARGIN_INCREASE,vsc_capability,81,1,2.93062,"Reached VSC-MTDC monolithic VSC capability loading limit in 81 continuation steps, lambda = 2.93062; increasing VSC saturation margin from 0.755 to 0.76 and continuing CPF.",gen_idx=[0x0]; bus=[0x0]; lambda_event=[0x0]; lambda_candidate=[0x0]; lambda_previous=[0x0]; event_location_method=[0x0]; P_candidate=[0x0]; Q_candidate=[0x0]; margin_candidate=[0x0]; margin_previous=[0x0]; previous_margin_error=[0x0]; margin_event=[0x0]; active_limit=[0x0]; P_projected=[0x0]; Q_projected=[0x0]; S_projected=[0x0]; Smax=[0x0]; gen_type_code=[0x0]; gen_type=[0x0]; bisection_iterations=[0x0]; location_error=[0x0]; P_final=[0x0]; Q_final=[0x0]; V_final=[0x0]; margin_final=[0x0]; inside_final=[0x0]; final_error=[0x0]; vsc_idx=[0x0]; V_candidate=[0x0]; projection_mode=[0x0]; policy_reason=[0x0]; target_ac_mode_if_saturated=[0x0]; from_ac_mode=[0x0]; to_ac_mode=[0x0]; Vmax=[0x0]; Smax_source=[0x0]; Vmax_source=[0x0]; mode_source=[0x0]; lambda_freeze=2.93062; backoff_lambda=0; relief_action=margin_increase; margin_old=0.755; margin_new=0.76; frozen_vsc_idx=[0x0]; frozen_vsc_cols=[1x3]; vsc_margin_final=[0x0]
beerten_vsc,155,VSC_CAPABILITY_MARGIN_INCREASE,vsc_capability,81,1,2.93062,"Reached VSC-MTDC monolithic VSC capability loading limit in 81 continuation steps, lambda = 2.93062; increasing VSC saturation margin from 0.76 to 0.765 and continuing CPF.",gen_idx=[0x0]; bus=[0x0]; lambda_event=[0x0]; lambda_candidate=[0x0]; lambda_previous=[0x0]; event_location_method=[0x0]; P_candidate=[0x0]; Q_candidate=[0x0]; margin_candidate=[0x0]; margin_previous=[0x0]; previous_margin_error=[0x0]; margin_event=[0x0]; active_limit=[0x0]; P_projected=[0x0]; Q_projected=[0x0]; S_projected=[0x0]; Smax=[0x0]; gen_type_code=[0x0]; gen_type=[0x0]; bisection_iterations=[0x0]; location_error=[0x0]; P_final=[0x0]; Q_final=[0x0]; V_final=[0x0]; margin_final=[0x0]; inside_final=[0x0]; final_error=[0x0]; vsc_idx=[0x0]; V_candidate=[0x0]; projection_mode=[0x0]; policy_reason=[0x0]; target_ac_mode_if_saturated=[0x0]; from_ac_mode=[0x0]; to_ac_mode=[0x0]; Vmax=[0x0]; Smax_source=[0x0]; Vmax_source=[0x0]; mode_source=[0x0]; lambda_freeze=2.93062; backoff_lambda=0; relief_action=margin_increase; margin_old=0.76; margin_new=0.765; frozen_vsc_idx=[0x0]; frozen_vsc_cols=[1x3]; vsc_margin_final=[0x0]
beerten_vsc,156,VSC_CAPABILITY_MARGIN_INCREASE,vsc_capability,81,1,2.93062,"Reached VSC-MTDC monolithic VSC capability loading limit in 81 continuation steps, lambda = 2.93062; increasing VSC saturation margin from 0.765 to 0.77 and continuing CPF.",gen_idx=[0x0]; bus=[0x0]; lambda_event=[0x0]; lambda_candidate=[0x0]; lambda_previous=[0x0]; event_location_method=[0x0]; P_candidate=[0x0]; Q_candidate=[0x0]; margin_candidate=[0x0]; margin_previous=[0x0]; previous_margin_error=[0x0]; margin_event=[0x0]; active_limit=[0x0]; P_projected=[0x0]; Q_projected=[0x0]; S_projected=[0x0]; Smax=[0x0]; gen_type_code=[0x0]; gen_type=[0x0]; bisection_iterations=[0x0]; location_error=[0x0]; P_final=[0x0]; Q_final=[0x0]; V_final=[0x0]; margin_final=[0x0]; inside_final=[0x0]; final_error=[0x0]; vsc_idx=[0x0]; V_candidate=[0x0]; projection_mode=[0x0]; policy_reason=[0x0]; target_ac_mode_if_saturated=[0x0]; from_ac_mode=[0x0]; to_ac_mode=[0x0]; Vmax=[0x0]; Smax_source=[0x0]; Vmax_source=[0x0]; mode_source=[0x0]; lambda_freeze=2.93062; backoff_lambda=0; relief_action=margin_increase; margin_old=0.765; margin_new=0.77; frozen_vsc_idx=[0x0]; frozen_vsc_cols=[1x3]; vsc_margin_final=[0x0]
beerten_vsc,157,VSC_CAPABILITY_MARGIN_INCREASE,vsc_capability,81,1,2.93062,"Reached VSC-MTDC monolithic VSC capability loading limit in 81 continuation steps, lambda = 2.93062; increasing VSC saturation margin from 0.77 to 0.775 and continuing CPF.",gen_idx=[0x0]; bus=[0x0]; lambda_event=[0x0]; lambda_candidate=[0x0]; lambda_previous=[0x0]; event_location_method=[0x0]; P_candidate=[0x0]; Q_candidate=[0x0]; margin_candidate=[0x0]; margin_previous=[0x0]; previous_margin_error=[0x0]; margin_event=[0x0]; active_limit=[0x0]; P_projected=[0x0]; Q_projected=[0x0]; S_projected=[0x0]; Smax=[0x0]; gen_type_code=[0x0]; gen_type=[0x0]; bisection_iterations=[0x0]; location_error=[0x0]; P_final=[0x0]; Q_final=[0x0]; V_final=[0x0]; margin_final=[0x0]; inside_final=[0x0]; final_error=[0x0]; vsc_idx=[0x0]; V_candidate=[0x0]; projection_mode=[0x0]; policy_reason=[0x0]; target_ac_mode_if_saturated=[0x0]; from_ac_mode=[0x0]; to_ac_mode=[0x0]; Vmax=[0x0]; Smax_source=[0x0]; Vmax_source=[0x0]; mode_source=[0x0]; lambda_freeze=2.93062; backoff_lambda=0; relief_action=margin_increase; margin_old=0.77; margin_new=0.775; frozen_vsc_idx=[0x0]; frozen_vsc_cols=[1x3]; vsc_margin_final=[0x0]
beerten_vsc,158,VSC_CAPABILITY_MARGIN_INCREASE,vsc_capability,81,1,2.93062,"Reached VSC-MTDC monolithic VSC capability loading limit in 81 continuation steps, lambda = 2.93062; increasing VSC saturation margin from 0.775 to 0.78 and continuing CPF.",gen_idx=[0x0]; bus=[0x0]; lambda_event=[0x0]; lambda_candidate=[0x0]; lambda_previous=[0x0]; event_location_method=[0x0]; P_candidate=[0x0]; Q_candidate=[0x0]; margin_candidate=[0x0]; margin_previous=[0x0]; previous_margin_error=[0x0]; margin_event=[0x0]; active_limit=[0x0]; P_projected=[0x0]; Q_projected=[0x0]; S_projected=[0x0]; Smax=[0x0]; gen_type_code=[0x0]; gen_type=[0x0]; bisection_iterations=[0x0]; location_error=[0x0]; P_final=[0x0]; Q_final=[0x0]; V_final=[0x0]; margin_final=[0x0]; inside_final=[0x0]; final_error=[0x0]; vsc_idx=[0x0]; V_candidate=[0x0]; projection_mode=[0x0]; policy_reason=[0x0]; target_ac_mode_if_saturated=[0x0]; from_ac_mode=[0x0]; to_ac_mode=[0x0]; Vmax=[0x0]; Smax_source=[0x0]; Vmax_source=[0x0]; mode_source=[0x0]; lambda_freeze=2.93062; backoff_lambda=0; relief_action=margin_increase; margin_old=0.775; margin_new=0.78; frozen_vsc_idx=[0x0]; frozen_vsc_cols=[1x3]; vsc_margin_final=[0x0]
beerten_vsc,159,VSC_CAPABILITY_MARGIN_INCREASE,vsc_capability,81,1,2.93062,"Reached VSC-MTDC monolithic VSC capability loading limit in 81 continuation steps, lambda = 2.93062; increasing VSC saturation margin from 0.78 to 0.785 and continuing CPF.",gen_idx=[0x0]; bus=[0x0]; lambda_event=[0x0]; lambda_candidate=[0x0]; lambda_previous=[0x0]; event_location_method=[0x0]; P_candidate=[0x0]; Q_candidate=[0x0]; margin_candidate=[0x0]; margin_previous=[0x0]; previous_margin_error=[0x0]; margin_event=[0x0]; active_limit=[0x0]; P_projected=[0x0]; Q_projected=[0x0]; S_projected=[0x0]; Smax=[0x0]; gen_type_code=[0x0]; gen_type=[0x0]; bisection_iterations=[0x0]; location_error=[0x0]; P_final=[0x0]; Q_final=[0x0]; V_final=[0x0]; margin_final=[0x0]; inside_final=[0x0]; final_error=[0x0]; vsc_idx=[0x0]; V_candidate=[0x0]; projection_mode=[0x0]; policy_reason=[0x0]; target_ac_mode_if_saturated=[0x0]; from_ac_mode=[0x0]; to_ac_mode=[0x0]; Vmax=[0x0]; Smax_source=[0x0]; Vmax_source=[0x0]; mode_source=[0x0]; lambda_freeze=2.93062; backoff_lambda=0; relief_action=margin_increase; margin_old=0.78; margin_new=0.785; frozen_vsc_idx=[0x0]; frozen_vsc_cols=[1x3]; vsc_margin_final=[0x0]
beerten_vsc,160,VSC_CAPABILITY_MARGIN_INCREASE,vsc_capability,81,1,2.93062,"Reached VSC-MTDC monolithic VSC capability loading limit in 81 continuation steps, lambda = 2.93062; increasing VSC saturation margin from 0.785 to 0.79 and continuing CPF.",gen_idx=[0x0]; bus=[0x0]; lambda_event=[0x0]; lambda_candidate=[0x0]; lambda_previous=[0x0]; event_location_method=[0x0]; P_candidate=[0x0]; Q_candidate=[0x0]; margin_candidate=[0x0]; margin_previous=[0x0]; previous_margin_error=[0x0]; margin_event=[0x0]; active_limit=[0x0]; P_projected=[0x0]; Q_projected=[0x0]; S_projected=[0x0]; Smax=[0x0]; gen_type_code=[0x0]; gen_type=[0x0]; bisection_iterations=[0x0]; location_error=[0x0]; P_final=[0x0]; Q_final=[0x0]; V_final=[0x0]; margin_final=[0x0]; inside_final=[0x0]; final_error=[0x0]; vsc_idx=[0x0]; V_candidate=[0x0]; projection_mode=[0x0]; policy_reason=[0x0]; target_ac_mode_if_saturated=[0x0]; from_ac_mode=[0x0]; to_ac_mode=[0x0]; Vmax=[0x0]; Smax_source=[0x0]; Vmax_source=[0x0]; mode_source=[0x0]; lambda_freeze=2.93062; backoff_lambda=0; relief_action=margin_increase; margin_old=0.785; margin_new=0.79; frozen_vsc_idx=[0x0]; frozen_vsc_cols=[1x3]; vsc_margin_final=[0x0]
beerten_vsc,161,VSC_CAPABILITY_MARGIN_INCREASE,vsc_capability,81,1,2.93062,"Reached VSC-MTDC monolithic VSC capability loading limit in 81 continuation steps, lambda = 2.93062; increasing VSC saturation margin from 0.79 to 0.795 and continuing CPF.",gen_idx=[0x0]; bus=[0x0]; lambda_event=[0x0]; lambda_candidate=[0x0]; lambda_previous=[0x0]; event_location_method=[0x0]; P_candidate=[0x0]; Q_candidate=[0x0]; margin_candidate=[0x0]; margin_previous=[0x0]; previous_margin_error=[0x0]; margin_event=[0x0]; active_limit=[0x0]; P_projected=[0x0]; Q_projected=[0x0]; S_projected=[0x0]; Smax=[0x0]; gen_type_code=[0x0]; gen_type=[0x0]; bisection_iterations=[0x0]; location_error=[0x0]; P_final=[0x0]; Q_final=[0x0]; V_final=[0x0]; margin_final=[0x0]; inside_final=[0x0]; final_error=[0x0]; vsc_idx=[0x0]; V_candidate=[0x0]; projection_mode=[0x0]; policy_reason=[0x0]; target_ac_mode_if_saturated=[0x0]; from_ac_mode=[0x0]; to_ac_mode=[0x0]; Vmax=[0x0]; Smax_source=[0x0]; Vmax_source=[0x0]; mode_source=[0x0]; lambda_freeze=2.93062; backoff_lambda=0; relief_action=margin_increase; margin_old=0.79; margin_new=0.795; frozen_vsc_idx=[0x0]; frozen_vsc_cols=[1x3]; vsc_margin_final=[0x0]
beerten_vsc,162,VSC_CAPABILITY_MARGIN_INCREASE,vsc_capability,81,1,2.93062,"Reached VSC-MTDC monolithic VSC capability loading limit in 81 continuation steps, lambda = 2.93062; increasing VSC saturation margin from 0.795 to 0.8 and continuing CPF.",gen_idx=[0x0]; bus=[0x0]; lambda_event=[0x0]; lambda_candidate=[0x0]; lambda_previous=[0x0]; event_location_method=[0x0]; P_candidate=[0x0]; Q_candidate=[0x0]; margin_candidate=[0x0]; margin_previous=[0x0]; previous_margin_error=[0x0]; margin_event=[0x0]; active_limit=[0x0]; P_projected=[0x0]; Q_projected=[0x0]; S_projected=[0x0]; Smax=[0x0]; gen_type_code=[0x0]; gen_type=[0x0]; bisection_iterations=[0x0]; location_error=[0x0]; P_final=[0x0]; Q_final=[0x0]; V_final=[0x0]; margin_final=[0x0]; inside_final=[0x0]; final_error=[0x0]; vsc_idx=[0x0]; V_candidate=[0x0]; projection_mode=[0x0]; policy_reason=[0x0]; target_ac_mode_if_saturated=[0x0]; from_ac_mode=[0x0]; to_ac_mode=[0x0]; Vmax=[0x0]; Smax_source=[0x0]; Vmax_source=[0x0]; mode_source=[0x0]; lambda_freeze=2.93062; backoff_lambda=0; relief_action=margin_increase; margin_old=0.795; margin_new=0.8; frozen_vsc_idx=[0x0]; frozen_vsc_cols=[1x3]; vsc_margin_final=[0x0]
beerten_vsc,163,VSC_CAPABILITY_MARGIN_INCREASE,vsc_capability,81,1,2.93062,"Reached VSC-MTDC monolithic VSC capability loading limit in 81 continuation steps, lambda = 2.93062; increasing VSC saturation margin from 0.8 to 0.805 and continuing CPF.",gen_idx=[0x0]; bus=[0x0]; lambda_event=[0x0]; lambda_candidate=[0x0]; lambda_previous=[0x0]; event_location_method=[0x0]; P_candidate=[0x0]; Q_candidate=[0x0]; margin_candidate=[0x0]; margin_previous=[0x0]; previous_margin_error=[0x0]; margin_event=[0x0]; active_limit=[0x0]; P_projected=[0x0]; Q_projected=[0x0]; S_projected=[0x0]; Smax=[0x0]; gen_type_code=[0x0]; gen_type=[0x0]; bisection_iterations=[0x0]; location_error=[0x0]; P_final=[0x0]; Q_final=[0x0]; V_final=[0x0]; margin_final=[0x0]; inside_final=[0x0]; final_error=[0x0]; vsc_idx=[0x0]; V_candidate=[0x0]; projection_mode=[0x0]; policy_reason=[0x0]; target_ac_mode_if_saturated=[0x0]; from_ac_mode=[0x0]; to_ac_mode=[0x0]; Vmax=[0x0]; Smax_source=[0x0]; Vmax_source=[0x0]; mode_source=[0x0]; lambda_freeze=2.93062; backoff_lambda=0; relief_action=margin_increase; margin_old=0.8; margin_new=0.805; frozen_vsc_idx=[0x0]; frozen_vsc_cols=[1x3]; vsc_margin_final=[0x0]
beerten_vsc,164,VSC_CAPABILITY_MARGIN_INCREASE,vsc_capability,81,1,2.93062,"Reached VSC-MTDC monolithic VSC capability loading limit in 81 continuation steps, lambda = 2.93062; increasing VSC saturation margin from 0.805 to 0.81 and continuing CPF.",gen_idx=[0x0]; bus=[0x0]; lambda_event=[0x0]; lambda_candidate=[0x0]; lambda_previous=[0x0]; event_location_method=[0x0]; P_candidate=[0x0]; Q_candidate=[0x0]; margin_candidate=[0x0]; margin_previous=[0x0]; previous_margin_error=[0x0]; margin_event=[0x0]; active_limit=[0x0]; P_projected=[0x0]; Q_projected=[0x0]; S_projected=[0x0]; Smax=[0x0]; gen_type_code=[0x0]; gen_type=[0x0]; bisection_iterations=[0x0]; location_error=[0x0]; P_final=[0x0]; Q_final=[0x0]; V_final=[0x0]; margin_final=[0x0]; inside_final=[0x0]; final_error=[0x0]; vsc_idx=[0x0]; V_candidate=[0x0]; projection_mode=[0x0]; policy_reason=[0x0]; target_ac_mode_if_saturated=[0x0]; from_ac_mode=[0x0]; to_ac_mode=[0x0]; Vmax=[0x0]; Smax_source=[0x0]; Vmax_source=[0x0]; mode_source=[0x0]; lambda_freeze=2.93062; backoff_lambda=0; relief_action=margin_increase; margin_old=0.805; margin_new=0.81; frozen_vsc_idx=[0x0]; frozen_vsc_cols=[1x3]; vsc_margin_final=[0x0]
beerten_vsc,165,VSC_CAPABILITY_MARGIN_INCREASE,vsc_capability,81,1,2.93062,"Reached VSC-MTDC monolithic VSC capability loading limit in 81 continuation steps, lambda = 2.93062; increasing VSC saturation margin from 0.81 to 0.815 and continuing CPF.",gen_idx=[0x0]; bus=[0x0]; lambda_event=[0x0]; lambda_candidate=[0x0]; lambda_previous=[0x0]; event_location_method=[0x0]; P_candidate=[0x0]; Q_candidate=[0x0]; margin_candidate=[0x0]; margin_previous=[0x0]; previous_margin_error=[0x0]; margin_event=[0x0]; active_limit=[0x0]; P_projected=[0x0]; Q_projected=[0x0]; S_projected=[0x0]; Smax=[0x0]; gen_type_code=[0x0]; gen_type=[0x0]; bisection_iterations=[0x0]; location_error=[0x0]; P_final=[0x0]; Q_final=[0x0]; V_final=[0x0]; margin_final=[0x0]; inside_final=[0x0]; final_error=[0x0]; vsc_idx=[0x0]; V_candidate=[0x0]; projection_mode=[0x0]; policy_reason=[0x0]; target_ac_mode_if_saturated=[0x0]; from_ac_mode=[0x0]; to_ac_mode=[0x0]; Vmax=[0x0]; Smax_source=[0x0]; Vmax_source=[0x0]; mode_source=[0x0]; lambda_freeze=2.93062; backoff_lambda=0; relief_action=margin_increase; margin_old=0.81; margin_new=0.815; frozen_vsc_idx=[0x0]; frozen_vsc_cols=[1x3]; vsc_margin_final=[0x0]
beerten_vsc,166,VSC_CAPABILITY_MARGIN_INCREASE,vsc_capability,81,1,2.93062,"Reached VSC-MTDC monolithic VSC capability loading limit in 81 continuation steps, lambda = 2.93062; increasing VSC saturation margin from 0.815 to 0.82 and continuing CPF.",gen_idx=[0x0]; bus=[0x0]; lambda_event=[0x0]; lambda_candidate=[0x0]; lambda_previous=[0x0]; event_location_method=[0x0]; P_candidate=[0x0]; Q_candidate=[0x0]; margin_candidate=[0x0]; margin_previous=[0x0]; previous_margin_error=[0x0]; margin_event=[0x0]; active_limit=[0x0]; P_projected=[0x0]; Q_projected=[0x0]; S_projected=[0x0]; Smax=[0x0]; gen_type_code=[0x0]; gen_type=[0x0]; bisection_iterations=[0x0]; location_error=[0x0]; P_final=[0x0]; Q_final=[0x0]; V_final=[0x0]; margin_final=[0x0]; inside_final=[0x0]; final_error=[0x0]; vsc_idx=[0x0]; V_candidate=[0x0]; projection_mode=[0x0]; policy_reason=[0x0]; target_ac_mode_if_saturated=[0x0]; from_ac_mode=[0x0]; to_ac_mode=[0x0]; Vmax=[0x0]; Smax_source=[0x0]; Vmax_source=[0x0]; mode_source=[0x0]; lambda_freeze=2.93062; backoff_lambda=0; relief_action=margin_increase; margin_old=0.815; margin_new=0.82; frozen_vsc_idx=[0x0]; frozen_vsc_cols=[1x3]; vsc_margin_final=[0x0]
beerten_vsc,167,VSC_CAPABILITY_MARGIN_INCREASE,vsc_capability,81,1,2.93062,"Reached VSC-MTDC monolithic VSC capability loading limit in 81 continuation steps, lambda = 2.93062; increasing VSC saturation margin from 0.82 to 0.825 and continuing CPF.",gen_idx=[0x0]; bus=[0x0]; lambda_event=[0x0]; lambda_candidate=[0x0]; lambda_previous=[0x0]; event_location_method=[0x0]; P_candidate=[0x0]; Q_candidate=[0x0]; margin_candidate=[0x0]; margin_previous=[0x0]; previous_margin_error=[0x0]; margin_event=[0x0]; active_limit=[0x0]; P_projected=[0x0]; Q_projected=[0x0]; S_projected=[0x0]; Smax=[0x0]; gen_type_code=[0x0]; gen_type=[0x0]; bisection_iterations=[0x0]; location_error=[0x0]; P_final=[0x0]; Q_final=[0x0]; V_final=[0x0]; margin_final=[0x0]; inside_final=[0x0]; final_error=[0x0]; vsc_idx=[0x0]; V_candidate=[0x0]; projection_mode=[0x0]; policy_reason=[0x0]; target_ac_mode_if_saturated=[0x0]; from_ac_mode=[0x0]; to_ac_mode=[0x0]; Vmax=[0x0]; Smax_source=[0x0]; Vmax_source=[0x0]; mode_source=[0x0]; lambda_freeze=2.93062; backoff_lambda=0; relief_action=margin_increase; margin_old=0.82; margin_new=0.825; frozen_vsc_idx=[0x0]; frozen_vsc_cols=[1x3]; vsc_margin_final=[0x0]
beerten_vsc,168,VSC_CAPABILITY_MARGIN_INCREASE,vsc_capability,81,1,2.93062,"Reached VSC-MTDC monolithic VSC capability loading limit in 81 continuation steps, lambda = 2.93062; increasing VSC saturation margin from 0.825 to 0.83 and continuing CPF.",gen_idx=[0x0]; bus=[0x0]; lambda_event=[0x0]; lambda_candidate=[0x0]; lambda_previous=[0x0]; event_location_method=[0x0]; P_candidate=[0x0]; Q_candidate=[0x0]; margin_candidate=[0x0]; margin_previous=[0x0]; previous_margin_error=[0x0]; margin_event=[0x0]; active_limit=[0x0]; P_projected=[0x0]; Q_projected=[0x0]; S_projected=[0x0]; Smax=[0x0]; gen_type_code=[0x0]; gen_type=[0x0]; bisection_iterations=[0x0]; location_error=[0x0]; P_final=[0x0]; Q_final=[0x0]; V_final=[0x0]; margin_final=[0x0]; inside_final=[0x0]; final_error=[0x0]; vsc_idx=[0x0]; V_candidate=[0x0]; projection_mode=[0x0]; policy_reason=[0x0]; target_ac_mode_if_saturated=[0x0]; from_ac_mode=[0x0]; to_ac_mode=[0x0]; Vmax=[0x0]; Smax_source=[0x0]; Vmax_source=[0x0]; mode_source=[0x0]; lambda_freeze=2.93062; backoff_lambda=0; relief_action=margin_increase; margin_old=0.825; margin_new=0.83; frozen_vsc_idx=[0x0]; frozen_vsc_cols=[1x3]; vsc_margin_final=[0x0]
beerten_vsc,169,VSC_CAPABILITY_MARGIN_INCREASE,vsc_capability,81,1,2.93062,"Reached VSC-MTDC monolithic VSC capability loading limit in 81 continuation steps, lambda = 2.93062; increasing VSC saturation margin from 0.83 to 0.835 and continuing CPF.",gen_idx=[0x0]; bus=[0x0]; lambda_event=[0x0]; lambda_candidate=[0x0]; lambda_previous=[0x0]; event_location_method=[0x0]; P_candidate=[0x0]; Q_candidate=[0x0]; margin_candidate=[0x0]; margin_previous=[0x0]; previous_margin_error=[0x0]; margin_event=[0x0]; active_limit=[0x0]; P_projected=[0x0]; Q_projected=[0x0]; S_projected=[0x0]; Smax=[0x0]; gen_type_code=[0x0]; gen_type=[0x0]; bisection_iterations=[0x0]; location_error=[0x0]; P_final=[0x0]; Q_final=[0x0]; V_final=[0x0]; margin_final=[0x0]; inside_final=[0x0]; final_error=[0x0]; vsc_idx=[0x0]; V_candidate=[0x0]; projection_mode=[0x0]; policy_reason=[0x0]; target_ac_mode_if_saturated=[0x0]; from_ac_mode=[0x0]; to_ac_mode=[0x0]; Vmax=[0x0]; Smax_source=[0x0]; Vmax_source=[0x0]; mode_source=[0x0]; lambda_freeze=2.93062; backoff_lambda=0; relief_action=margin_increase; margin_old=0.83; margin_new=0.835; frozen_vsc_idx=[0x0]; frozen_vsc_cols=[1x3]; vsc_margin_final=[0x0]
beerten_vsc,170,VSC_CAPABILITY_MARGIN_INCREASE,vsc_capability,81,1,2.93062,"Reached VSC-MTDC monolithic VSC capability loading limit in 81 continuation steps, lambda = 2.93062; increasing VSC saturation margin from 0.835 to 0.84 and continuing CPF.",gen_idx=[0x0]; bus=[0x0]; lambda_event=[0x0]; lambda_candidate=[0x0]; lambda_previous=[0x0]; event_location_method=[0x0]; P_candidate=[0x0]; Q_candidate=[0x0]; margin_candidate=[0x0]; margin_previous=[0x0]; previous_margin_error=[0x0]; margin_event=[0x0]; active_limit=[0x0]; P_projected=[0x0]; Q_projected=[0x0]; S_projected=[0x0]; Smax=[0x0]; gen_type_code=[0x0]; gen_type=[0x0]; bisection_iterations=[0x0]; location_error=[0x0]; P_final=[0x0]; Q_final=[0x0]; V_final=[0x0]; margin_final=[0x0]; inside_final=[0x0]; final_error=[0x0]; vsc_idx=[0x0]; V_candidate=[0x0]; projection_mode=[0x0]; policy_reason=[0x0]; target_ac_mode_if_saturated=[0x0]; from_ac_mode=[0x0]; to_ac_mode=[0x0]; Vmax=[0x0]; Smax_source=[0x0]; Vmax_source=[0x0]; mode_source=[0x0]; lambda_freeze=2.93062; backoff_lambda=0; relief_action=margin_increase; margin_old=0.835; margin_new=0.84; frozen_vsc_idx=[0x0]; frozen_vsc_cols=[1x3]; vsc_margin_final=[0x0]
beerten_vsc,171,VSC_CAPABILITY_MARGIN_INCREASE,vsc_capability,81,1,2.93062,"Reached VSC-MTDC monolithic VSC capability loading limit in 81 continuation steps, lambda = 2.93062; increasing VSC saturation margin from 0.84 to 0.845 and continuing CPF.",gen_idx=[0x0]; bus=[0x0]; lambda_event=[0x0]; lambda_candidate=[0x0]; lambda_previous=[0x0]; event_location_method=[0x0]; P_candidate=[0x0]; Q_candidate=[0x0]; margin_candidate=[0x0]; margin_previous=[0x0]; previous_margin_error=[0x0]; margin_event=[0x0]; active_limit=[0x0]; P_projected=[0x0]; Q_projected=[0x0]; S_projected=[0x0]; Smax=[0x0]; gen_type_code=[0x0]; gen_type=[0x0]; bisection_iterations=[0x0]; location_error=[0x0]; P_final=[0x0]; Q_final=[0x0]; V_final=[0x0]; margin_final=[0x0]; inside_final=[0x0]; final_error=[0x0]; vsc_idx=[0x0]; V_candidate=[0x0]; projection_mode=[0x0]; policy_reason=[0x0]; target_ac_mode_if_saturated=[0x0]; from_ac_mode=[0x0]; to_ac_mode=[0x0]; Vmax=[0x0]; Smax_source=[0x0]; Vmax_source=[0x0]; mode_source=[0x0]; lambda_freeze=2.93062; backoff_lambda=0; relief_action=margin_increase; margin_old=0.84; margin_new=0.845; frozen_vsc_idx=[0x0]; frozen_vsc_cols=[1x3]; vsc_margin_final=[0x0]
beerten_vsc,172,VSC_CAPABILITY_MARGIN_INCREASE,vsc_capability,81,1,2.93062,"Reached VSC-MTDC monolithic VSC capability loading limit in 81 continuation steps, lambda = 2.93062; increasing VSC saturation margin from 0.845 to 0.85 and continuing CPF.",gen_idx=[0x0]; bus=[0x0]; lambda_event=[0x0]; lambda_candidate=[0x0]; lambda_previous=[0x0]; event_location_method=[0x0]; P_candidate=[0x0]; Q_candidate=[0x0]; margin_candidate=[0x0]; margin_previous=[0x0]; previous_margin_error=[0x0]; margin_event=[0x0]; active_limit=[0x0]; P_projected=[0x0]; Q_projected=[0x0]; S_projected=[0x0]; Smax=[0x0]; gen_type_code=[0x0]; gen_type=[0x0]; bisection_iterations=[0x0]; location_error=[0x0]; P_final=[0x0]; Q_final=[0x0]; V_final=[0x0]; margin_final=[0x0]; inside_final=[0x0]; final_error=[0x0]; vsc_idx=[0x0]; V_candidate=[0x0]; projection_mode=[0x0]; policy_reason=[0x0]; target_ac_mode_if_saturated=[0x0]; from_ac_mode=[0x0]; to_ac_mode=[0x0]; Vmax=[0x0]; Smax_source=[0x0]; Vmax_source=[0x0]; mode_source=[0x0]; lambda_freeze=2.93062; backoff_lambda=0; relief_action=margin_increase; margin_old=0.845; margin_new=0.85; frozen_vsc_idx=[0x0]; frozen_vsc_cols=[1x3]; vsc_margin_final=[0x0]
beerten_vsc,173,VSC_CAPABILITY_MARGIN_INCREASE,vsc_capability,81,1,2.93062,"Reached VSC-MTDC monolithic VSC capability loading limit in 81 continuation steps, lambda = 2.93062; increasing VSC saturation margin from 0.85 to 0.855 and continuing CPF.",gen_idx=[0x0]; bus=[0x0]; lambda_event=[0x0]; lambda_candidate=[0x0]; lambda_previous=[0x0]; event_location_method=[0x0]; P_candidate=[0x0]; Q_candidate=[0x0]; margin_candidate=[0x0]; margin_previous=[0x0]; previous_margin_error=[0x0]; margin_event=[0x0]; active_limit=[0x0]; P_projected=[0x0]; Q_projected=[0x0]; S_projected=[0x0]; Smax=[0x0]; gen_type_code=[0x0]; gen_type=[0x0]; bisection_iterations=[0x0]; location_error=[0x0]; P_final=[0x0]; Q_final=[0x0]; V_final=[0x0]; margin_final=[0x0]; inside_final=[0x0]; final_error=[0x0]; vsc_idx=[0x0]; V_candidate=[0x0]; projection_mode=[0x0]; policy_reason=[0x0]; target_ac_mode_if_saturated=[0x0]; from_ac_mode=[0x0]; to_ac_mode=[0x0]; Vmax=[0x0]; Smax_source=[0x0]; Vmax_source=[0x0]; mode_source=[0x0]; lambda_freeze=2.93062; backoff_lambda=0; relief_action=margin_increase; margin_old=0.85; margin_new=0.855; frozen_vsc_idx=[0x0]; frozen_vsc_cols=[1x3]; vsc_margin_final=[0x0]
beerten_vsc,174,VSC_CAPABILITY_MARGIN_INCREASE,vsc_capability,81,1,2.93062,"Reached VSC-MTDC monolithic VSC capability loading limit in 81 continuation steps, lambda = 2.93062; increasing VSC saturation margin from 0.855 to 0.86 and continuing CPF.",gen_idx=[0x0]; bus=[0x0]; lambda_event=[0x0]; lambda_candidate=[0x0]; lambda_previous=[0x0]; event_location_method=[0x0]; P_candidate=[0x0]; Q_candidate=[0x0]; margin_candidate=[0x0]; margin_previous=[0x0]; previous_margin_error=[0x0]; margin_event=[0x0]; active_limit=[0x0]; P_projected=[0x0]; Q_projected=[0x0]; S_projected=[0x0]; Smax=[0x0]; gen_type_code=[0x0]; gen_type=[0x0]; bisection_iterations=[0x0]; location_error=[0x0]; P_final=[0x0]; Q_final=[0x0]; V_final=[0x0]; margin_final=[0x0]; inside_final=[0x0]; final_error=[0x0]; vsc_idx=[0x0]; V_candidate=[0x0]; projection_mode=[0x0]; policy_reason=[0x0]; target_ac_mode_if_saturated=[0x0]; from_ac_mode=[0x0]; to_ac_mode=[0x0]; Vmax=[0x0]; Smax_source=[0x0]; Vmax_source=[0x0]; mode_source=[0x0]; lambda_freeze=2.93062; backoff_lambda=0; relief_action=margin_increase; margin_old=0.855; margin_new=0.86; frozen_vsc_idx=[0x0]; frozen_vsc_cols=[1x3]; vsc_margin_final=[0x0]
beerten_vsc,175,VSC_CAPABILITY_MARGIN_INCREASE,vsc_capability,81,1,2.93062,"Reached VSC-MTDC monolithic VSC capability loading limit in 81 continuation steps, lambda = 2.93062; increasing VSC saturation margin from 0.86 to 0.865 and continuing CPF.",gen_idx=[0x0]; bus=[0x0]; lambda_event=[0x0]; lambda_candidate=[0x0]; lambda_previous=[0x0]; event_location_method=[0x0]; P_candidate=[0x0]; Q_candidate=[0x0]; margin_candidate=[0x0]; margin_previous=[0x0]; previous_margin_error=[0x0]; margin_event=[0x0]; active_limit=[0x0]; P_projected=[0x0]; Q_projected=[0x0]; S_projected=[0x0]; Smax=[0x0]; gen_type_code=[0x0]; gen_type=[0x0]; bisection_iterations=[0x0]; location_error=[0x0]; P_final=[0x0]; Q_final=[0x0]; V_final=[0x0]; margin_final=[0x0]; inside_final=[0x0]; final_error=[0x0]; vsc_idx=[0x0]; V_candidate=[0x0]; projection_mode=[0x0]; policy_reason=[0x0]; target_ac_mode_if_saturated=[0x0]; from_ac_mode=[0x0]; to_ac_mode=[0x0]; Vmax=[0x0]; Smax_source=[0x0]; Vmax_source=[0x0]; mode_source=[0x0]; lambda_freeze=2.93062; backoff_lambda=0; relief_action=margin_increase; margin_old=0.86; margin_new=0.865; frozen_vsc_idx=[0x0]; frozen_vsc_cols=[1x3]; vsc_margin_final=[0x0]
beerten_vsc,176,VSC_CAPABILITY_MARGIN_INCREASE,vsc_capability,81,1,2.93062,"Reached VSC-MTDC monolithic VSC capability loading limit in 81 continuation steps, lambda = 2.93062; increasing VSC saturation margin from 0.865 to 0.87 and continuing CPF.",gen_idx=[0x0]; bus=[0x0]; lambda_event=[0x0]; lambda_candidate=[0x0]; lambda_previous=[0x0]; event_location_method=[0x0]; P_candidate=[0x0]; Q_candidate=[0x0]; margin_candidate=[0x0]; margin_previous=[0x0]; previous_margin_error=[0x0]; margin_event=[0x0]; active_limit=[0x0]; P_projected=[0x0]; Q_projected=[0x0]; S_projected=[0x0]; Smax=[0x0]; gen_type_code=[0x0]; gen_type=[0x0]; bisection_iterations=[0x0]; location_error=[0x0]; P_final=[0x0]; Q_final=[0x0]; V_final=[0x0]; margin_final=[0x0]; inside_final=[0x0]; final_error=[0x0]; vsc_idx=[0x0]; V_candidate=[0x0]; projection_mode=[0x0]; policy_reason=[0x0]; target_ac_mode_if_saturated=[0x0]; from_ac_mode=[0x0]; to_ac_mode=[0x0]; Vmax=[0x0]; Smax_source=[0x0]; Vmax_source=[0x0]; mode_source=[0x0]; lambda_freeze=2.93062; backoff_lambda=0; relief_action=margin_increase; margin_old=0.865; margin_new=0.87; frozen_vsc_idx=[0x0]; frozen_vsc_cols=[1x3]; vsc_margin_final=[0x0]
beerten_vsc,177,VSC_CAPABILITY_MARGIN_INCREASE,vsc_capability,81,1,2.93062,"Reached VSC-MTDC monolithic VSC capability loading limit in 81 continuation steps, lambda = 2.93062; increasing VSC saturation margin from 0.87 to 0.875 and continuing CPF.",gen_idx=[0x0]; bus=[0x0]; lambda_event=[0x0]; lambda_candidate=[0x0]; lambda_previous=[0x0]; event_location_method=[0x0]; P_candidate=[0x0]; Q_candidate=[0x0]; margin_candidate=[0x0]; margin_previous=[0x0]; previous_margin_error=[0x0]; margin_event=[0x0]; active_limit=[0x0]; P_projected=[0x0]; Q_projected=[0x0]; S_projected=[0x0]; Smax=[0x0]; gen_type_code=[0x0]; gen_type=[0x0]; bisection_iterations=[0x0]; location_error=[0x0]; P_final=[0x0]; Q_final=[0x0]; V_final=[0x0]; margin_final=[0x0]; inside_final=[0x0]; final_error=[0x0]; vsc_idx=[0x0]; V_candidate=[0x0]; projection_mode=[0x0]; policy_reason=[0x0]; target_ac_mode_if_saturated=[0x0]; from_ac_mode=[0x0]; to_ac_mode=[0x0]; Vmax=[0x0]; Smax_source=[0x0]; Vmax_source=[0x0]; mode_source=[0x0]; lambda_freeze=2.93062; backoff_lambda=0; relief_action=margin_increase; margin_old=0.87; margin_new=0.875; frozen_vsc_idx=[0x0]; frozen_vsc_cols=[1x3]; vsc_margin_final=[0x0]
beerten_vsc,178,VSC_CAPABILITY_MARGIN_INCREASE,vsc_capability,81,1,2.93062,"Reached VSC-MTDC monolithic VSC capability loading limit in 81 continuation steps, lambda = 2.93062; increasing VSC saturation margin from 0.875 to 0.88 and continuing CPF.",gen_idx=[0x0]; bus=[0x0]; lambda_event=[0x0]; lambda_candidate=[0x0]; lambda_previous=[0x0]; event_location_method=[0x0]; P_candidate=[0x0]; Q_candidate=[0x0]; margin_candidate=[0x0]; margin_previous=[0x0]; previous_margin_error=[0x0]; margin_event=[0x0]; active_limit=[0x0]; P_projected=[0x0]; Q_projected=[0x0]; S_projected=[0x0]; Smax=[0x0]; gen_type_code=[0x0]; gen_type=[0x0]; bisection_iterations=[0x0]; location_error=[0x0]; P_final=[0x0]; Q_final=[0x0]; V_final=[0x0]; margin_final=[0x0]; inside_final=[0x0]; final_error=[0x0]; vsc_idx=[0x0]; V_candidate=[0x0]; projection_mode=[0x0]; policy_reason=[0x0]; target_ac_mode_if_saturated=[0x0]; from_ac_mode=[0x0]; to_ac_mode=[0x0]; Vmax=[0x0]; Smax_source=[0x0]; Vmax_source=[0x0]; mode_source=[0x0]; lambda_freeze=2.93062; backoff_lambda=0; relief_action=margin_increase; margin_old=0.875; margin_new=0.88; frozen_vsc_idx=[0x0]; frozen_vsc_cols=[1x3]; vsc_margin_final=[0x0]
beerten_vsc,179,VSC_CAPABILITY_MARGIN_INCREASE,vsc_capability,81,1,2.93062,"Reached VSC-MTDC monolithic VSC capability loading limit in 81 continuation steps, lambda = 2.93062; increasing VSC saturation margin from 0.88 to 0.885 and continuing CPF.",gen_idx=[0x0]; bus=[0x0]; lambda_event=[0x0]; lambda_candidate=[0x0]; lambda_previous=[0x0]; event_location_method=[0x0]; P_candidate=[0x0]; Q_candidate=[0x0]; margin_candidate=[0x0]; margin_previous=[0x0]; previous_margin_error=[0x0]; margin_event=[0x0]; active_limit=[0x0]; P_projected=[0x0]; Q_projected=[0x0]; S_projected=[0x0]; Smax=[0x0]; gen_type_code=[0x0]; gen_type=[0x0]; bisection_iterations=[0x0]; location_error=[0x0]; P_final=[0x0]; Q_final=[0x0]; V_final=[0x0]; margin_final=[0x0]; inside_final=[0x0]; final_error=[0x0]; vsc_idx=[0x0]; V_candidate=[0x0]; projection_mode=[0x0]; policy_reason=[0x0]; target_ac_mode_if_saturated=[0x0]; from_ac_mode=[0x0]; to_ac_mode=[0x0]; Vmax=[0x0]; Smax_source=[0x0]; Vmax_source=[0x0]; mode_source=[0x0]; lambda_freeze=2.93062; backoff_lambda=0; relief_action=margin_increase; margin_old=0.88; margin_new=0.885; frozen_vsc_idx=[0x0]; frozen_vsc_cols=[1x3]; vsc_margin_final=[0x0]
beerten_vsc,180,VSC_CAPABILITY_MARGIN_INCREASE,vsc_capability,81,1,2.93062,"Reached VSC-MTDC monolithic VSC capability loading limit in 81 continuation steps, lambda = 2.93062; increasing VSC saturation margin from 0.885 to 0.89 and continuing CPF.",gen_idx=[0x0]; bus=[0x0]; lambda_event=[0x0]; lambda_candidate=[0x0]; lambda_previous=[0x0]; event_location_method=[0x0]; P_candidate=[0x0]; Q_candidate=[0x0]; margin_candidate=[0x0]; margin_previous=[0x0]; previous_margin_error=[0x0]; margin_event=[0x0]; active_limit=[0x0]; P_projected=[0x0]; Q_projected=[0x0]; S_projected=[0x0]; Smax=[0x0]; gen_type_code=[0x0]; gen_type=[0x0]; bisection_iterations=[0x0]; location_error=[0x0]; P_final=[0x0]; Q_final=[0x0]; V_final=[0x0]; margin_final=[0x0]; inside_final=[0x0]; final_error=[0x0]; vsc_idx=[0x0]; V_candidate=[0x0]; projection_mode=[0x0]; policy_reason=[0x0]; target_ac_mode_if_saturated=[0x0]; from_ac_mode=[0x0]; to_ac_mode=[0x0]; Vmax=[0x0]; Smax_source=[0x0]; Vmax_source=[0x0]; mode_source=[0x0]; lambda_freeze=2.93062; backoff_lambda=0; relief_action=margin_increase; margin_old=0.885; margin_new=0.89; frozen_vsc_idx=[0x0]; frozen_vsc_cols=[1x3]; vsc_margin_final=[0x0]
beerten_vsc,181,VSC_CAPABILITY_MARGIN_INCREASE,vsc_capability,81,1,2.93062,"Reached VSC-MTDC monolithic VSC capability loading limit in 81 continuation steps, lambda = 2.93062; increasing VSC saturation margin from 0.89 to 0.895 and continuing CPF.",gen_idx=[0x0]; bus=[0x0]; lambda_event=[0x0]; lambda_candidate=[0x0]; lambda_previous=[0x0]; event_location_method=[0x0]; P_candidate=[0x0]; Q_candidate=[0x0]; margin_candidate=[0x0]; margin_previous=[0x0]; previous_margin_error=[0x0]; margin_event=[0x0]; active_limit=[0x0]; P_projected=[0x0]; Q_projected=[0x0]; S_projected=[0x0]; Smax=[0x0]; gen_type_code=[0x0]; gen_type=[0x0]; bisection_iterations=[0x0]; location_error=[0x0]; P_final=[0x0]; Q_final=[0x0]; V_final=[0x0]; margin_final=[0x0]; inside_final=[0x0]; final_error=[0x0]; vsc_idx=[0x0]; V_candidate=[0x0]; projection_mode=[0x0]; policy_reason=[0x0]; target_ac_mode_if_saturated=[0x0]; from_ac_mode=[0x0]; to_ac_mode=[0x0]; Vmax=[0x0]; Smax_source=[0x0]; Vmax_source=[0x0]; mode_source=[0x0]; lambda_freeze=2.93062; backoff_lambda=0; relief_action=margin_increase; margin_old=0.89; margin_new=0.895; frozen_vsc_idx=[0x0]; frozen_vsc_cols=[1x3]; vsc_margin_final=[0x0]
beerten_vsc,182,VSC_CAPABILITY_MARGIN_INCREASE,vsc_capability,81,1,2.93062,"Reached VSC-MTDC monolithic VSC capability loading limit in 81 continuation steps, lambda = 2.93062; increasing VSC saturation margin from 0.895 to 0.9 and continuing CPF.",gen_idx=[0x0]; bus=[0x0]; lambda_event=[0x0]; lambda_candidate=[0x0]; lambda_previous=[0x0]; event_location_method=[0x0]; P_candidate=[0x0]; Q_candidate=[0x0]; margin_candidate=[0x0]; margin_previous=[0x0]; previous_margin_error=[0x0]; margin_event=[0x0]; active_limit=[0x0]; P_projected=[0x0]; Q_projected=[0x0]; S_projected=[0x0]; Smax=[0x0]; gen_type_code=[0x0]; gen_type=[0x0]; bisection_iterations=[0x0]; location_error=[0x0]; P_final=[0x0]; Q_final=[0x0]; V_final=[0x0]; margin_final=[0x0]; inside_final=[0x0]; final_error=[0x0]; vsc_idx=[0x0]; V_candidate=[0x0]; projection_mode=[0x0]; policy_reason=[0x0]; target_ac_mode_if_saturated=[0x0]; from_ac_mode=[0x0]; to_ac_mode=[0x0]; Vmax=[0x0]; Smax_source=[0x0]; Vmax_source=[0x0]; mode_source=[0x0]; lambda_freeze=2.93062; backoff_lambda=0; relief_action=margin_increase; margin_old=0.895; margin_new=0.9; frozen_vsc_idx=[0x0]; frozen_vsc_cols=[1x3]; vsc_margin_final=[0x0]
beerten_vsc,183,VSC_CAPABILITY_MARGIN_INCREASE,vsc_capability,81,1,2.93062,"Reached VSC-MTDC monolithic VSC capability loading limit in 81 continuation steps, lambda = 2.93062; increasing VSC saturation margin from 0.9 to 0.905 and continuing CPF.",gen_idx=[0x0]; bus=[0x0]; lambda_event=[0x0]; lambda_candidate=[0x0]; lambda_previous=[0x0]; event_location_method=[0x0]; P_candidate=[0x0]; Q_candidate=[0x0]; margin_candidate=[0x0]; margin_previous=[0x0]; previous_margin_error=[0x0]; margin_event=[0x0]; active_limit=[0x0]; P_projected=[0x0]; Q_projected=[0x0]; S_projected=[0x0]; Smax=[0x0]; gen_type_code=[0x0]; gen_type=[0x0]; bisection_iterations=[0x0]; location_error=[0x0]; P_final=[0x0]; Q_final=[0x0]; V_final=[0x0]; margin_final=[0x0]; inside_final=[0x0]; final_error=[0x0]; vsc_idx=[0x0]; V_candidate=[0x0]; projection_mode=[0x0]; policy_reason=[0x0]; target_ac_mode_if_saturated=[0x0]; from_ac_mode=[0x0]; to_ac_mode=[0x0]; Vmax=[0x0]; Smax_source=[0x0]; Vmax_source=[0x0]; mode_source=[0x0]; lambda_freeze=2.93062; backoff_lambda=0; relief_action=margin_increase; margin_old=0.9; margin_new=0.905; frozen_vsc_idx=[0x0]; frozen_vsc_cols=[1x3]; vsc_margin_final=[0x0]
beerten_vsc,184,VSC_CAPABILITY_MARGIN_INCREASE,vsc_capability,81,1,2.93062,"Reached VSC-MTDC monolithic VSC capability loading limit in 81 continuation steps, lambda = 2.93062; increasing VSC saturation margin from 0.905 to 0.91 and continuing CPF.",gen_idx=[0x0]; bus=[0x0]; lambda_event=[0x0]; lambda_candidate=[0x0]; lambda_previous=[0x0]; event_location_method=[0x0]; P_candidate=[0x0]; Q_candidate=[0x0]; margin_candidate=[0x0]; margin_previous=[0x0]; previous_margin_error=[0x0]; margin_event=[0x0]; active_limit=[0x0]; P_projected=[0x0]; Q_projected=[0x0]; S_projected=[0x0]; Smax=[0x0]; gen_type_code=[0x0]; gen_type=[0x0]; bisection_iterations=[0x0]; location_error=[0x0]; P_final=[0x0]; Q_final=[0x0]; V_final=[0x0]; margin_final=[0x0]; inside_final=[0x0]; final_error=[0x0]; vsc_idx=[0x0]; V_candidate=[0x0]; projection_mode=[0x0]; policy_reason=[0x0]; target_ac_mode_if_saturated=[0x0]; from_ac_mode=[0x0]; to_ac_mode=[0x0]; Vmax=[0x0]; Smax_source=[0x0]; Vmax_source=[0x0]; mode_source=[0x0]; lambda_freeze=2.93062; backoff_lambda=0; relief_action=margin_increase; margin_old=0.905; margin_new=0.91; frozen_vsc_idx=[0x0]; frozen_vsc_cols=[1x3]; vsc_margin_final=[0x0]
beerten_vsc,185,VSC_CAPABILITY_MARGIN_INCREASE,vsc_capability,81,1,2.93062,"Reached VSC-MTDC monolithic VSC capability loading limit in 81 continuation steps, lambda = 2.93062; increasing VSC saturation margin from 0.91 to 0.915 and continuing CPF.",gen_idx=[0x0]; bus=[0x0]; lambda_event=[0x0]; lambda_candidate=[0x0]; lambda_previous=[0x0]; event_location_method=[0x0]; P_candidate=[0x0]; Q_candidate=[0x0]; margin_candidate=[0x0]; margin_previous=[0x0]; previous_margin_error=[0x0]; margin_event=[0x0]; active_limit=[0x0]; P_projected=[0x0]; Q_projected=[0x0]; S_projected=[0x0]; Smax=[0x0]; gen_type_code=[0x0]; gen_type=[0x0]; bisection_iterations=[0x0]; location_error=[0x0]; P_final=[0x0]; Q_final=[0x0]; V_final=[0x0]; margin_final=[0x0]; inside_final=[0x0]; final_error=[0x0]; vsc_idx=[0x0]; V_candidate=[0x0]; projection_mode=[0x0]; policy_reason=[0x0]; target_ac_mode_if_saturated=[0x0]; from_ac_mode=[0x0]; to_ac_mode=[0x0]; Vmax=[0x0]; Smax_source=[0x0]; Vmax_source=[0x0]; mode_source=[0x0]; lambda_freeze=2.93062; backoff_lambda=0; relief_action=margin_increase; margin_old=0.91; margin_new=0.915; frozen_vsc_idx=[0x0]; frozen_vsc_cols=[1x3]; vsc_margin_final=[0x0]
beerten_vsc,186,VSC_CAPABILITY_MARGIN_INCREASE,vsc_capability,81,1,2.93062,"Reached VSC-MTDC monolithic VSC capability loading limit in 81 continuation steps, lambda = 2.93062; increasing VSC saturation margin from 0.915 to 0.92 and continuing CPF.",gen_idx=[0x0]; bus=[0x0]; lambda_event=[0x0]; lambda_candidate=[0x0]; lambda_previous=[0x0]; event_location_method=[0x0]; P_candidate=[0x0]; Q_candidate=[0x0]; margin_candidate=[0x0]; margin_previous=[0x0]; previous_margin_error=[0x0]; margin_event=[0x0]; active_limit=[0x0]; P_projected=[0x0]; Q_projected=[0x0]; S_projected=[0x0]; Smax=[0x0]; gen_type_code=[0x0]; gen_type=[0x0]; bisection_iterations=[0x0]; location_error=[0x0]; P_final=[0x0]; Q_final=[0x0]; V_final=[0x0]; margin_final=[0x0]; inside_final=[0x0]; final_error=[0x0]; vsc_idx=[0x0]; V_candidate=[0x0]; projection_mode=[0x0]; policy_reason=[0x0]; target_ac_mode_if_saturated=[0x0]; from_ac_mode=[0x0]; to_ac_mode=[0x0]; Vmax=[0x0]; Smax_source=[0x0]; Vmax_source=[0x0]; mode_source=[0x0]; lambda_freeze=2.93062; backoff_lambda=0; relief_action=margin_increase; margin_old=0.915; margin_new=0.92; frozen_vsc_idx=[0x0]; frozen_vsc_cols=[1x3]; vsc_margin_final=[0x0]
beerten_vsc,187,VSC_CAPABILITY_MARGIN_INCREASE,vsc_capability,81,1,2.93062,"Reached VSC-MTDC monolithic VSC capability loading limit in 81 continuation steps, lambda = 2.93062; increasing VSC saturation margin from 0.92 to 0.925 and continuing CPF.",gen_idx=[0x0]; bus=[0x0]; lambda_event=[0x0]; lambda_candidate=[0x0]; lambda_previous=[0x0]; event_location_method=[0x0]; P_candidate=[0x0]; Q_candidate=[0x0]; margin_candidate=[0x0]; margin_previous=[0x0]; previous_margin_error=[0x0]; margin_event=[0x0]; active_limit=[0x0]; P_projected=[0x0]; Q_projected=[0x0]; S_projected=[0x0]; Smax=[0x0]; gen_type_code=[0x0]; gen_type=[0x0]; bisection_iterations=[0x0]; location_error=[0x0]; P_final=[0x0]; Q_final=[0x0]; V_final=[0x0]; margin_final=[0x0]; inside_final=[0x0]; final_error=[0x0]; vsc_idx=[0x0]; V_candidate=[0x0]; projection_mode=[0x0]; policy_reason=[0x0]; target_ac_mode_if_saturated=[0x0]; from_ac_mode=[0x0]; to_ac_mode=[0x0]; Vmax=[0x0]; Smax_source=[0x0]; Vmax_source=[0x0]; mode_source=[0x0]; lambda_freeze=2.93062; backoff_lambda=0; relief_action=margin_increase; margin_old=0.92; margin_new=0.925; frozen_vsc_idx=[0x0]; frozen_vsc_cols=[1x3]; vsc_margin_final=[0x0]
beerten_vsc,188,VSC_CAPABILITY_MARGIN_INCREASE,vsc_capability,81,1,2.93062,"Reached VSC-MTDC monolithic VSC capability loading limit in 81 continuation steps, lambda = 2.93062; increasing VSC saturation margin from 0.925 to 0.93 and continuing CPF.",gen_idx=[0x0]; bus=[0x0]; lambda_event=[0x0]; lambda_candidate=[0x0]; lambda_previous=[0x0]; event_location_method=[0x0]; P_candidate=[0x0]; Q_candidate=[0x0]; margin_candidate=[0x0]; margin_previous=[0x0]; previous_margin_error=[0x0]; margin_event=[0x0]; active_limit=[0x0]; P_projected=[0x0]; Q_projected=[0x0]; S_projected=[0x0]; Smax=[0x0]; gen_type_code=[0x0]; gen_type=[0x0]; bisection_iterations=[0x0]; location_error=[0x0]; P_final=[0x0]; Q_final=[0x0]; V_final=[0x0]; margin_final=[0x0]; inside_final=[0x0]; final_error=[0x0]; vsc_idx=[0x0]; V_candidate=[0x0]; projection_mode=[0x0]; policy_reason=[0x0]; target_ac_mode_if_saturated=[0x0]; from_ac_mode=[0x0]; to_ac_mode=[0x0]; Vmax=[0x0]; Smax_source=[0x0]; Vmax_source=[0x0]; mode_source=[0x0]; lambda_freeze=2.93062; backoff_lambda=0; relief_action=margin_increase; margin_old=0.925; margin_new=0.93; frozen_vsc_idx=[0x0]; frozen_vsc_cols=[1x3]; vsc_margin_final=[0x0]
beerten_vsc,189,VSC_CAPABILITY_MARGIN_INCREASE,vsc_capability,81,1,2.93062,"Reached VSC-MTDC monolithic VSC capability loading limit in 81 continuation steps, lambda = 2.93062; increasing VSC saturation margin from 0.93 to 0.935 and continuing CPF.",gen_idx=[0x0]; bus=[0x0]; lambda_event=[0x0]; lambda_candidate=[0x0]; lambda_previous=[0x0]; event_location_method=[0x0]; P_candidate=[0x0]; Q_candidate=[0x0]; margin_candidate=[0x0]; margin_previous=[0x0]; previous_margin_error=[0x0]; margin_event=[0x0]; active_limit=[0x0]; P_projected=[0x0]; Q_projected=[0x0]; S_projected=[0x0]; Smax=[0x0]; gen_type_code=[0x0]; gen_type=[0x0]; bisection_iterations=[0x0]; location_error=[0x0]; P_final=[0x0]; Q_final=[0x0]; V_final=[0x0]; margin_final=[0x0]; inside_final=[0x0]; final_error=[0x0]; vsc_idx=[0x0]; V_candidate=[0x0]; projection_mode=[0x0]; policy_reason=[0x0]; target_ac_mode_if_saturated=[0x0]; from_ac_mode=[0x0]; to_ac_mode=[0x0]; Vmax=[0x0]; Smax_source=[0x0]; Vmax_source=[0x0]; mode_source=[0x0]; lambda_freeze=2.93062; backoff_lambda=0; relief_action=margin_increase; margin_old=0.93; margin_new=0.935; frozen_vsc_idx=[0x0]; frozen_vsc_cols=[1x3]; vsc_margin_final=[0x0]
beerten_vsc,190,VSC_CAPABILITY_MARGIN_INCREASE,vsc_capability,81,1,2.93062,"Reached VSC-MTDC monolithic VSC capability loading limit in 81 continuation steps, lambda = 2.93062; increasing VSC saturation margin from 0.935 to 0.94 and continuing CPF.",gen_idx=[0x0]; bus=[0x0]; lambda_event=[0x0]; lambda_candidate=[0x0]; lambda_previous=[0x0]; event_location_method=[0x0]; P_candidate=[0x0]; Q_candidate=[0x0]; margin_candidate=[0x0]; margin_previous=[0x0]; previous_margin_error=[0x0]; margin_event=[0x0]; active_limit=[0x0]; P_projected=[0x0]; Q_projected=[0x0]; S_projected=[0x0]; Smax=[0x0]; gen_type_code=[0x0]; gen_type=[0x0]; bisection_iterations=[0x0]; location_error=[0x0]; P_final=[0x0]; Q_final=[0x0]; V_final=[0x0]; margin_final=[0x0]; inside_final=[0x0]; final_error=[0x0]; vsc_idx=[0x0]; V_candidate=[0x0]; projection_mode=[0x0]; policy_reason=[0x0]; target_ac_mode_if_saturated=[0x0]; from_ac_mode=[0x0]; to_ac_mode=[0x0]; Vmax=[0x0]; Smax_source=[0x0]; Vmax_source=[0x0]; mode_source=[0x0]; lambda_freeze=2.93062; backoff_lambda=0; relief_action=margin_increase; margin_old=0.935; margin_new=0.94; frozen_vsc_idx=[0x0]; frozen_vsc_cols=[1x3]; vsc_margin_final=[0x0]
beerten_vsc,191,VSC_CAPABILITY_MARGIN_INCREASE,vsc_capability,81,1,2.93062,"Reached VSC-MTDC monolithic VSC capability loading limit in 81 continuation steps, lambda = 2.93062; increasing VSC saturation margin from 0.94 to 0.945 and continuing CPF.",gen_idx=[0x0]; bus=[0x0]; lambda_event=[0x0]; lambda_candidate=[0x0]; lambda_previous=[0x0]; event_location_method=[0x0]; P_candidate=[0x0]; Q_candidate=[0x0]; margin_candidate=[0x0]; margin_previous=[0x0]; previous_margin_error=[0x0]; margin_event=[0x0]; active_limit=[0x0]; P_projected=[0x0]; Q_projected=[0x0]; S_projected=[0x0]; Smax=[0x0]; gen_type_code=[0x0]; gen_type=[0x0]; bisection_iterations=[0x0]; location_error=[0x0]; P_final=[0x0]; Q_final=[0x0]; V_final=[0x0]; margin_final=[0x0]; inside_final=[0x0]; final_error=[0x0]; vsc_idx=[0x0]; V_candidate=[0x0]; projection_mode=[0x0]; policy_reason=[0x0]; target_ac_mode_if_saturated=[0x0]; from_ac_mode=[0x0]; to_ac_mode=[0x0]; Vmax=[0x0]; Smax_source=[0x0]; Vmax_source=[0x0]; mode_source=[0x0]; lambda_freeze=2.93062; backoff_lambda=0; relief_action=margin_increase; margin_old=0.94; margin_new=0.945; frozen_vsc_idx=[0x0]; frozen_vsc_cols=[1x3]; vsc_margin_final=[0x0]
beerten_vsc,192,VSC_CAPABILITY_MARGIN_INCREASE,vsc_capability,81,1,2.93062,"Reached VSC-MTDC monolithic VSC capability loading limit in 81 continuation steps, lambda = 2.93062; increasing VSC saturation margin from 0.945 to 0.95 and continuing CPF.",gen_idx=[0x0]; bus=[0x0]; lambda_event=[0x0]; lambda_candidate=[0x0]; lambda_previous=[0x0]; event_location_method=[0x0]; P_candidate=[0x0]; Q_candidate=[0x0]; margin_candidate=[0x0]; margin_previous=[0x0]; previous_margin_error=[0x0]; margin_event=[0x0]; active_limit=[0x0]; P_projected=[0x0]; Q_projected=[0x0]; S_projected=[0x0]; Smax=[0x0]; gen_type_code=[0x0]; gen_type=[0x0]; bisection_iterations=[0x0]; location_error=[0x0]; P_final=[0x0]; Q_final=[0x0]; V_final=[0x0]; margin_final=[0x0]; inside_final=[0x0]; final_error=[0x0]; vsc_idx=[0x0]; V_candidate=[0x0]; projection_mode=[0x0]; policy_reason=[0x0]; target_ac_mode_if_saturated=[0x0]; from_ac_mode=[0x0]; to_ac_mode=[0x0]; Vmax=[0x0]; Smax_source=[0x0]; Vmax_source=[0x0]; mode_source=[0x0]; lambda_freeze=2.93062; backoff_lambda=0; relief_action=margin_increase; margin_old=0.945; margin_new=0.95; frozen_vsc_idx=[0x0]; frozen_vsc_cols=[1x3]; vsc_margin_final=[0x0]
beerten_vsc,193,VSC_CAPABILITY_MARGIN_INCREASE,vsc_capability,81,1,2.93062,"Reached VSC-MTDC monolithic VSC capability loading limit in 81 continuation steps, lambda = 2.93062; increasing VSC saturation margin from 0.95 to 0.955 and continuing CPF.",gen_idx=[0x0]; bus=[0x0]; lambda_event=[0x0]; lambda_candidate=[0x0]; lambda_previous=[0x0]; event_location_method=[0x0]; P_candidate=[0x0]; Q_candidate=[0x0]; margin_candidate=[0x0]; margin_previous=[0x0]; previous_margin_error=[0x0]; margin_event=[0x0]; active_limit=[0x0]; P_projected=[0x0]; Q_projected=[0x0]; S_projected=[0x0]; Smax=[0x0]; gen_type_code=[0x0]; gen_type=[0x0]; bisection_iterations=[0x0]; location_error=[0x0]; P_final=[0x0]; Q_final=[0x0]; V_final=[0x0]; margin_final=[0x0]; inside_final=[0x0]; final_error=[0x0]; vsc_idx=[0x0]; V_candidate=[0x0]; projection_mode=[0x0]; policy_reason=[0x0]; target_ac_mode_if_saturated=[0x0]; from_ac_mode=[0x0]; to_ac_mode=[0x0]; Vmax=[0x0]; Smax_source=[0x0]; Vmax_source=[0x0]; mode_source=[0x0]; lambda_freeze=2.93062; backoff_lambda=0; relief_action=margin_increase; margin_old=0.95; margin_new=0.955; frozen_vsc_idx=[0x0]; frozen_vsc_cols=[1x3]; vsc_margin_final=[0x0]
beerten_vsc,194,VSC_CAPABILITY_MARGIN_INCREASE,vsc_capability,81,1,2.93062,"Reached VSC-MTDC monolithic VSC capability loading limit in 81 continuation steps, lambda = 2.93062; increasing VSC saturation margin from 0.955 to 0.96 and continuing CPF.",gen_idx=[0x0]; bus=[0x0]; lambda_event=[0x0]; lambda_candidate=[0x0]; lambda_previous=[0x0]; event_location_method=[0x0]; P_candidate=[0x0]; Q_candidate=[0x0]; margin_candidate=[0x0]; margin_previous=[0x0]; previous_margin_error=[0x0]; margin_event=[0x0]; active_limit=[0x0]; P_projected=[0x0]; Q_projected=[0x0]; S_projected=[0x0]; Smax=[0x0]; gen_type_code=[0x0]; gen_type=[0x0]; bisection_iterations=[0x0]; location_error=[0x0]; P_final=[0x0]; Q_final=[0x0]; V_final=[0x0]; margin_final=[0x0]; inside_final=[0x0]; final_error=[0x0]; vsc_idx=[0x0]; V_candidate=[0x0]; projection_mode=[0x0]; policy_reason=[0x0]; target_ac_mode_if_saturated=[0x0]; from_ac_mode=[0x0]; to_ac_mode=[0x0]; Vmax=[0x0]; Smax_source=[0x0]; Vmax_source=[0x0]; mode_source=[0x0]; lambda_freeze=2.93062; backoff_lambda=0; relief_action=margin_increase; margin_old=0.955; margin_new=0.96; frozen_vsc_idx=[0x0]; frozen_vsc_cols=[1x3]; vsc_margin_final=[0x0]
beerten_vsc,195,VSC_CAPABILITY_MARGIN_INCREASE,vsc_capability,81,1,2.93062,"Reached VSC-MTDC monolithic VSC capability loading limit in 81 continuation steps, lambda = 2.93062; increasing VSC saturation margin from 0.96 to 0.965 and continuing CPF.",gen_idx=[0x0]; bus=[0x0]; lambda_event=[0x0]; lambda_candidate=[0x0]; lambda_previous=[0x0]; event_location_method=[0x0]; P_candidate=[0x0]; Q_candidate=[0x0]; margin_candidate=[0x0]; margin_previous=[0x0]; previous_margin_error=[0x0]; margin_event=[0x0]; active_limit=[0x0]; P_projected=[0x0]; Q_projected=[0x0]; S_projected=[0x0]; Smax=[0x0]; gen_type_code=[0x0]; gen_type=[0x0]; bisection_iterations=[0x0]; location_error=[0x0]; P_final=[0x0]; Q_final=[0x0]; V_final=[0x0]; margin_final=[0x0]; inside_final=[0x0]; final_error=[0x0]; vsc_idx=[0x0]; V_candidate=[0x0]; projection_mode=[0x0]; policy_reason=[0x0]; target_ac_mode_if_saturated=[0x0]; from_ac_mode=[0x0]; to_ac_mode=[0x0]; Vmax=[0x0]; Smax_source=[0x0]; Vmax_source=[0x0]; mode_source=[0x0]; lambda_freeze=2.93062; backoff_lambda=0; relief_action=margin_increase; margin_old=0.96; margin_new=0.965; frozen_vsc_idx=[0x0]; frozen_vsc_cols=[1x3]; vsc_margin_final=[0x0]
beerten_vsc,196,VSC_CAPABILITY_MARGIN_INCREASE,vsc_capability,81,1,2.93062,"Reached VSC-MTDC monolithic VSC capability loading limit in 81 continuation steps, lambda = 2.93062; increasing VSC saturation margin from 0.965 to 0.97 and continuing CPF.",gen_idx=[0x0]; bus=[0x0]; lambda_event=[0x0]; lambda_candidate=[0x0]; lambda_previous=[0x0]; event_location_method=[0x0]; P_candidate=[0x0]; Q_candidate=[0x0]; margin_candidate=[0x0]; margin_previous=[0x0]; previous_margin_error=[0x0]; margin_event=[0x0]; active_limit=[0x0]; P_projected=[0x0]; Q_projected=[0x0]; S_projected=[0x0]; Smax=[0x0]; gen_type_code=[0x0]; gen_type=[0x0]; bisection_iterations=[0x0]; location_error=[0x0]; P_final=[0x0]; Q_final=[0x0]; V_final=[0x0]; margin_final=[0x0]; inside_final=[0x0]; final_error=[0x0]; vsc_idx=[0x0]; V_candidate=[0x0]; projection_mode=[0x0]; policy_reason=[0x0]; target_ac_mode_if_saturated=[0x0]; from_ac_mode=[0x0]; to_ac_mode=[0x0]; Vmax=[0x0]; Smax_source=[0x0]; Vmax_source=[0x0]; mode_source=[0x0]; lambda_freeze=2.93062; backoff_lambda=0; relief_action=margin_increase; margin_old=0.965; margin_new=0.97; frozen_vsc_idx=[0x0]; frozen_vsc_cols=[1x3]; vsc_margin_final=[0x0]
beerten_vsc,197,VSC_CAPABILITY_MARGIN_INCREASE,vsc_capability,81,1,2.93062,"Reached VSC-MTDC monolithic VSC capability loading limit in 81 continuation steps, lambda = 2.93062; increasing VSC saturation margin from 0.97 to 0.975 and continuing CPF.",gen_idx=[0x0]; bus=[0x0]; lambda_event=[0x0]; lambda_candidate=[0x0]; lambda_previous=[0x0]; event_location_method=[0x0]; P_candidate=[0x0]; Q_candidate=[0x0]; margin_candidate=[0x0]; margin_previous=[0x0]; previous_margin_error=[0x0]; margin_event=[0x0]; active_limit=[0x0]; P_projected=[0x0]; Q_projected=[0x0]; S_projected=[0x0]; Smax=[0x0]; gen_type_code=[0x0]; gen_type=[0x0]; bisection_iterations=[0x0]; location_error=[0x0]; P_final=[0x0]; Q_final=[0x0]; V_final=[0x0]; margin_final=[0x0]; inside_final=[0x0]; final_error=[0x0]; vsc_idx=[0x0]; V_candidate=[0x0]; projection_mode=[0x0]; policy_reason=[0x0]; target_ac_mode_if_saturated=[0x0]; from_ac_mode=[0x0]; to_ac_mode=[0x0]; Vmax=[0x0]; Smax_source=[0x0]; Vmax_source=[0x0]; mode_source=[0x0]; lambda_freeze=2.93062; backoff_lambda=0; relief_action=margin_increase; margin_old=0.97; margin_new=0.975; frozen_vsc_idx=[0x0]; frozen_vsc_cols=[1x3]; vsc_margin_final=[0x0]
beerten_vsc,198,VSC_CAPABILITY_MARGIN_INCREASE,vsc_capability,81,1,2.93062,"Reached VSC-MTDC monolithic VSC capability loading limit in 81 continuation steps, lambda = 2.93062; increasing VSC saturation margin from 0.975 to 0.98 and continuing CPF.",gen_idx=[0x0]; bus=[0x0]; lambda_event=[0x0]; lambda_candidate=[0x0]; lambda_previous=[0x0]; event_location_method=[0x0]; P_candidate=[0x0]; Q_candidate=[0x0]; margin_candidate=[0x0]; margin_previous=[0x0]; previous_margin_error=[0x0]; margin_event=[0x0]; active_limit=[0x0]; P_projected=[0x0]; Q_projected=[0x0]; S_projected=[0x0]; Smax=[0x0]; gen_type_code=[0x0]; gen_type=[0x0]; bisection_iterations=[0x0]; location_error=[0x0]; P_final=[0x0]; Q_final=[0x0]; V_final=[0x0]; margin_final=[0x0]; inside_final=[0x0]; final_error=[0x0]; vsc_idx=[0x0]; V_candidate=[0x0]; projection_mode=[0x0]; policy_reason=[0x0]; target_ac_mode_if_saturated=[0x0]; from_ac_mode=[0x0]; to_ac_mode=[0x0]; Vmax=[0x0]; Smax_source=[0x0]; Vmax_source=[0x0]; mode_source=[0x0]; lambda_freeze=2.93062; backoff_lambda=0; relief_action=margin_increase; margin_old=0.975; margin_new=0.98; frozen_vsc_idx=[0x0]; frozen_vsc_cols=[1x3]; vsc_margin_final=[0x0]
beerten_vsc,199,VSC_CAPABILITY_MARGIN_INCREASE,vsc_capability,81,1,2.93062,"Reached VSC-MTDC monolithic VSC capability loading limit in 81 continuation steps, lambda = 2.93062; increasing VSC saturation margin from 0.98 to 0.985 and continuing CPF.",gen_idx=[0x0]; bus=[0x0]; lambda_event=[0x0]; lambda_candidate=[0x0]; lambda_previous=[0x0]; event_location_method=[0x0]; P_candidate=[0x0]; Q_candidate=[0x0]; margin_candidate=[0x0]; margin_previous=[0x0]; previous_margin_error=[0x0]; margin_event=[0x0]; active_limit=[0x0]; P_projected=[0x0]; Q_projected=[0x0]; S_projected=[0x0]; Smax=[0x0]; gen_type_code=[0x0]; gen_type=[0x0]; bisection_iterations=[0x0]; location_error=[0x0]; P_final=[0x0]; Q_final=[0x0]; V_final=[0x0]; margin_final=[0x0]; inside_final=[0x0]; final_error=[0x0]; vsc_idx=[0x0]; V_candidate=[0x0]; projection_mode=[0x0]; policy_reason=[0x0]; target_ac_mode_if_saturated=[0x0]; from_ac_mode=[0x0]; to_ac_mode=[0x0]; Vmax=[0x0]; Smax_source=[0x0]; Vmax_source=[0x0]; mode_source=[0x0]; lambda_freeze=2.93062; backoff_lambda=0; relief_action=margin_increase; margin_old=0.98; margin_new=0.985; frozen_vsc_idx=[0x0]; frozen_vsc_cols=[1x3]; vsc_margin_final=[0x0]
beerten_vsc,200,VSC_CAPABILITY_MARGIN_INCREASE,vsc_capability,81,1,2.93062,"Reached VSC-MTDC monolithic VSC capability loading limit in 81 continuation steps, lambda = 2.93062; increasing VSC saturation margin from 0.985 to 0.99 and continuing CPF.",gen_idx=[0x0]; bus=[0x0]; lambda_event=[0x0]; lambda_candidate=[0x0]; lambda_previous=[0x0]; event_location_method=[0x0]; P_candidate=[0x0]; Q_candidate=[0x0]; margin_candidate=[0x0]; margin_previous=[0x0]; previous_margin_error=[0x0]; margin_event=[0x0]; active_limit=[0x0]; P_projected=[0x0]; Q_projected=[0x0]; S_projected=[0x0]; Smax=[0x0]; gen_type_code=[0x0]; gen_type=[0x0]; bisection_iterations=[0x0]; location_error=[0x0]; P_final=[0x0]; Q_final=[0x0]; V_final=[0x0]; margin_final=[0x0]; inside_final=[0x0]; final_error=[0x0]; vsc_idx=[0x0]; V_candidate=[0x0]; projection_mode=[0x0]; policy_reason=[0x0]; target_ac_mode_if_saturated=[0x0]; from_ac_mode=[0x0]; to_ac_mode=[0x0]; Vmax=[0x0]; Smax_source=[0x0]; Vmax_source=[0x0]; mode_source=[0x0]; lambda_freeze=2.93062; backoff_lambda=0; relief_action=margin_increase; margin_old=0.985; margin_new=0.99; frozen_vsc_idx=[0x0]; frozen_vsc_cols=[1x3]; vsc_margin_final=[0x0]
beerten_vsc,201,VSC_CAPABILITY_MARGIN_INCREASE,vsc_capability,81,1,2.93062,"Reached VSC-MTDC monolithic VSC capability loading limit in 81 continuation steps, lambda = 2.93062; increasing VSC saturation margin from 0.99 to 0.995 and continuing CPF.",gen_idx=[0x0]; bus=[0x0]; lambda_event=[0x0]; lambda_candidate=[0x0]; lambda_previous=[0x0]; event_location_method=[0x0]; P_candidate=[0x0]; Q_candidate=[0x0]; margin_candidate=[0x0]; margin_previous=[0x0]; previous_margin_error=[0x0]; margin_event=[0x0]; active_limit=[0x0]; P_projected=[0x0]; Q_projected=[0x0]; S_projected=[0x0]; Smax=[0x0]; gen_type_code=[0x0]; gen_type=[0x0]; bisection_iterations=[0x0]; location_error=[0x0]; P_final=[0x0]; Q_final=[0x0]; V_final=[0x0]; margin_final=[0x0]; inside_final=[0x0]; final_error=[0x0]; vsc_idx=[0x0]; V_candidate=[0x0]; projection_mode=[0x0]; policy_reason=[0x0]; target_ac_mode_if_saturated=[0x0]; from_ac_mode=[0x0]; to_ac_mode=[0x0]; Vmax=[0x0]; Smax_source=[0x0]; Vmax_source=[0x0]; mode_source=[0x0]; lambda_freeze=2.93062; backoff_lambda=0; relief_action=margin_increase; margin_old=0.99; margin_new=0.995; frozen_vsc_idx=[0x0]; frozen_vsc_cols=[1x3]; vsc_margin_final=[0x0]
beerten_vsc,202,VSC_CAPABILITY_MARGIN_INCREASE,vsc_capability,81,1,2.93062,"Reached VSC-MTDC monolithic VSC capability loading limit in 81 continuation steps, lambda = 2.93062; increasing VSC saturation margin from 0.995 to 1 and continuing CPF.",gen_idx=[0x0]; bus=[0x0]; lambda_event=[0x0]; lambda_candidate=[0x0]; lambda_previous=[0x0]; event_location_method=[0x0]; P_candidate=[0x0]; Q_candidate=[0x0]; margin_candidate=[0x0]; margin_previous=[0x0]; previous_margin_error=[0x0]; margin_event=[0x0]; active_limit=[0x0]; P_projected=[0x0]; Q_projected=[0x0]; S_projected=[0x0]; Smax=[0x0]; gen_type_code=[0x0]; gen_type=[0x0]; bisection_iterations=[0x0]; location_error=[0x0]; P_final=[0x0]; Q_final=[0x0]; V_final=[0x0]; margin_final=[0x0]; inside_final=[0x0]; final_error=[0x0]; vsc_idx=[0x0]; V_candidate=[0x0]; projection_mode=[0x0]; policy_reason=[0x0]; target_ac_mode_if_saturated=[0x0]; from_ac_mode=[0x0]; to_ac_mode=[0x0]; Vmax=[0x0]; Smax_source=[0x0]; Vmax_source=[0x0]; mode_source=[0x0]; lambda_freeze=2.93062; backoff_lambda=0; relief_action=margin_increase; margin_old=0.995; margin_new=1; frozen_vsc_idx=[0x0]; frozen_vsc_cols=[1x3]; vsc_margin_final=[0x0]
beerten_vsc,203,VSC_CAPABILITY_LIMIT,vsc_capability,81,1,2.93061921892198,"Reached VSC-MTDC monolithic VSC capability loading limit in 81 continuation steps, lambda = 2.93062.",gen_idx=[0x0]; bus=[0x0]; lambda_event=[0x0]; lambda_candidate=[0x0]; lambda_previous=[0x0]; event_location_method=[0x0]; P_candidate=[0x0]; Q_candidate=[0x0]; margin_candidate=[0x0]; margin_previous=[0x0]; previous_margin_error=[0x0]; margin_event=[0x0]; active_limit=[0x0]; P_projected=[0x0]; Q_projected=[0x0]; S_projected=[0x0]; Smax=[0x0]; gen_type_code=[0x0]; gen_type=[0x0]; bisection_iterations=[0x0]; location_error=[0x0]; P_final=[0x0]; Q_final=[0x0]; V_final=[0x0]; margin_final=[0x0]; inside_final=[0x0]; final_error=[0x0]; vsc_idx=[0x0]; V_candidate=[0x0]; projection_mode=[0x0]; policy_reason=[0x0]; target_ac_mode_if_saturated=[0x0]; from_ac_mode=[0x0]; to_ac_mode=[0x0]; Vmax=[0x0]; Smax_source=[0x0]; Vmax_source=[0x0]; mode_source=[0x0]; lambda_freeze=[0x0]; backoff_lambda=[0x0]; relief_action=[0x0]; margin_old=[0x0]; margin_new=[0x0]; frozen_vsc_idx=[0x0]; frozen_vsc_cols=[0x0]; vsc_margin_final=1
