PSSE CLI power-flow run configuration
====================================
RAW file: C:\Users\Santiago\Documents\PROYECTO FINAL DE CARRERA - MATPOWER\auditoria_psse_matpower\psse_validation_suite\suite_s_30bus_pqbrak_high.raw
PSSE executable: C:\Program Files (x86)\PTI\PSSE34\PSSBIN\pssecmd34.exe
RAW output version: 34
Solver: FNSL
Solver option array code form: BAT_FNSL 1 0 0 1 2 0 1 0
Solver option array values: 1 0 0 1 2 0 1 0

Explicit solver option parameters:
- Option 1, tap adjustment flag = 1: enable transformer tap stepping adjustment.
- Option 2, area interchange adjustment flag = 0: disable area interchange adjustment.
- Option 3, phase shift adjustment flag = 0: disable phase-shifter adjustment.
- Option 4, DC tap adjustment flag = 1: enable DC tap adjustment.
- Option 5, switched shunt adjustment flag = 2: enable switched-shunt continuous mode and disable discrete mode.
- Option 6, flat start flag = 0: do not flat start; use voltages already present in the RAW/case.
- Option 7, VAR limit flag = 1: apply generator reactive power limits on iteration 1, or sooner if mismatch gets small.
- Option 8, non-divergent solution flag = 0: disable non-divergent Newton solution.

Additional explicit solver parameters:
- RAW GENERAL, THRSHZ=0.0001: set with BAT_SOLUTION_PARAMETERS_4 REALAR(11).
- RAW GENERAL, PQBRAK=1.0000: set with BAT_SOLUTION_PARAMETERS_4 REALAR(10).
- RAW NEWTON, ITMXN=40: set with BAT_SOLUTION_PARAMETERS_4 INTGAR(2).
- RAW NEWTON, VCTOLQ=0.10000: set with BAT_SOLUTION_PARAMETERS_4 REALAR(17).
- RAW NEWTON, VCTOLV=0.00001: set with BAT_SOLUTION_PARAMETERS_4 REALAR(18).
- RAW ADJUST, MXTPSS=25: set with BAT_SOLUTION_PARAMETERS_4 INTGAR(4).
- RAW SOLVER line applied to BAT_FNSL option array: SOLVER, FNSL, ACTAPS=1, AREAIN=0, PHSHFT=0, DCTAPS=1, SWSHNT=2, FACTS=1, FLATST=0, VARLIM=1, NONDIV=0

Generated PSSE response commands:
  BAT_READ 0 "C:\Users\Santiago\Documents\PROYECTO FINAL DE CARRERA - MATPOWER\auditoria_psse_matpower\psse_validation_suite\suite_s_30bus_pqbrak_high.raw"
  BAT_SOLUTION_PARAMETERS_4 100 40 20 25 10 1.6 1.6 1 0.0001 1 0.1 1 1E-05 5 1 0.0001 0.005 1 0.05 0.99 0.99 0.1 1E-05 100
  BAT_FNSL 1 0 0 1 2 0 1 0
  BAT_LAMP 0 1
  BAT_POUT 0 1
  BAT_LOUT 0 1
  BAT_VCHK 0 1 0.95 1.05
  BAT_RATE_2 0 1 1 1 1 1 100.0
  BAT_REGB 0 1
  BAT_OUTS 0 1
  BAT_SHNT 0 1 1
  BAT_LIST 0 1 1 0
  BAT_LIST 0 1 2 0
  BAT_LIST 0 1 3 0
  BAT_LIST 0 1 4 0
  BAT_LIST 0 1 5 0
  BAT_LIST 0 1 6 0
  BAT_LIST 0 1 7 0
  BAT_LIST 0 1 10 0
  BAT_LIST 0 1 18 0
  BAT_LIST 0 1 20 0
  BAT_LIST 0 1 27 0
  BAT_LIST 0 1 28 0
  BAT_AREA_2 0 1 2
  BAT_ZONE_2 0 1 2
  BAT_WRITERAWVERSION '34' 0 "C:\Users\Santiago\Documents\PROYECTO FINAL DE CARRERA - MATPOWER\outputs\reanudacion_20260910\psse_suite\solved_raw\suite_s_30bus_pqbrak_high_solved.raw"
  BAT_SAVE "C:\Users\Santiago\Documents\PROYECTO FINAL DE CARRERA - MATPOWER\outputs\reanudacion_20260910\psse_suite\suite_s_30bus_pqbrak_high.sav"
  STOP

PSSE console output
===================


 PSS(R)E Version 34
 Copyright (c) 1976-2026
 Siemens Industry, Inc.,
 Power Technologies International                            (PTI)
 This program is a confidential  unpublished  work  created  and  first
 licensed in 1976.  It is a trade secret which is the property of  PTI.
 All use,  disclosure,  and/or reproduction not specifically authorized
 by  PTI  is prohibited.   This  program is protected  under  copyright
 laws  of  non-U.S.  countries  and  by  application  of  international
 treaties.  All  Rights  Reserved  Under  The  Copyright  Laws.


           SIEMENS POWER TECHNOLOGIES INTERNATIONAL

      50000 BUS POWER SYSTEM SIMULATOR--PSS(R)E-34.9.3

             INITIATED ON THU, SEP 10 2026  11:23

 ACTIVITY? 
 Reading IC, SBASE, REV, XFRRAT, NXFRAT, BASFRQ...

 Reading two line case heading...

 Reading system-wide data...

 Reading bus data...

 Reading load data...

 Reading fixed bus shunt data...

 Reading generator data...

 Reading non-transformer branch data...

 Reading system switching device data...

 Reading transformer data...

 Messages for two-winding transformer circuit "1" from 4 [HUB_500     500.00] to 11 [HUB_230     230.00]:   (004616)
  Warn: Magnetizing susceptance MAG2 (.500000E-03) is positive   (004666)

 Messages for two-winding transformer circuit "1" from 8 [HUB_345     345.00] to 11 [HUB_230     230.00]:   (004616)
  Warn: Magnetizing susceptance MAG2 (.500000E-03) is positive   (004666)

 Messages for two-winding transformer circuit "1" from 18 [XF_A_HV_230 230.00] to 19 [XF_A_LV_115 115.00]:   (004616)
  Warn: Magnetizing susceptance MAG2 (.100000E-02) is positive   (004666)

 Messages for two-winding transformer circuit "1" from 19 [XF_A_LV_115 115.00] to 21 [GEN_AUX_13  13.800]:   (004616)
  Warn: Magnetizing susceptance MAG2 (.500000E-03) is positive   (004666)

 Messages for two-winding transformer circuit "1" from 22 [XF_B_HV_230 230.00] to 23 [XF_B_LV_132 132.00]:   (004616)
  Warn: Magnetizing susceptance MAG2 (.100000E-02) is positive   (004666)

 Reading area interchange data...

 Reading two-terminal dc line data...

 Reading VSC dc line data...

 Reading transformer impedance correction data...

 Reading multi-terminal dc line data...

 Reading multi-section line data...

 Reading zone name data...

 Reading inter-area transfer data...

 Reading owner name data...

 Reading FACTS device data...

 Reading switched shunt data...

 Reading GNE device data...

 Reading induction machine data...

 Reading substation data...
 Batch command complete.
 : 
 No power flow solution parameters changed
 Batch command complete.
 : 
 Ordering network...
 Diagonals = 28   Off-diagonals = 34   Maximum size = 58

  ITER       DELTAP      BUS         DELTAQ      BUS        DELTA/V/      BUS       DELTAANG      BUS
   0         0.7918(     12     )    0.6597(     29     )
                                                             0.02903(     24     )   0.10113(     17     )
   1         0.0241(      5     )    0.4999(      2     )
                                     0.8328(      5     )
                                                             0.00819(      2     )   0.00203(     25     )
   2         0.0003(      2     )    0.4233(      2     )
                                     0.7061(      5     )
                                                             0.00709(      2     )   0.00057(      2     )
   3         0.0002(      4     )    0.3503(      2     )
                                     0.5843(      5     )
                                                             0.00574(      2     )   0.00046(      2     )
   4         0.0001(      4     )    0.2897(      2     )
                                     0.4831(      5     )
                                                             0.00467(      2     )   0.00038(      2     )
   5         0.0001(      4     )    0.2401(      2     )
                                     0.4003(      5     )
                                                             0.00382(      2     )   0.00031(      2     )
   6         0.0000(      4     )    0.1993(      2     )
                                     0.3323(      5     )
                                                             0.00314(      2     )   0.00026(      2     )
   7         0.0000(      4     )    0.1657(      2     )
                                     0.2763(      5     )
                                                             0.00258(      2     )   0.00021(      2     )
   8         0.0000(      4     )    0.1379(      2     )
                                     0.2299(      5     )
                                                             0.00213(      2     )   0.00018(      2     )
   9         0.0000(      4     )    0.1099(      2     )
                                     0.1915(      5     )
                                                             0.00171(      2     )   0.00014(      2     )
  10         0.0000(      7     )    0.1598(      3     )
                                                             0.00228(      3     )   0.00019(      3     )
  11         0.0000(      7     )    0.1328(      3     )
                                                             0.00188(      3     )   0.00015(      3     )
  12         0.0000(      4     )    0.1106(      5     )
                                                             0.00579(      6     )   0.00016(     30     )
  13         0.0000(      6     )    0.0068(      6     )
                                                             0.00066(      6     )   0.00001(     30     )
  14         0.0000(      6     )    0.0008(      6     )


 Reached tolerance in 14 iterations

 Largest mismatch:      0.00 MW      0.08 Mvar      0.08 MVA at bus 6 [DC_RECT_500 500.00]
 System total absolute mismatch:                    0.19 MVA

 SWING BUS SUMMARY:
   BUS#-SCT X-- NAME --X BASKV      PGEN     PMAX    PMIN      QGEN     QMAX    QMIN
      1     SLACK_500   500.00      29.0    500.0  -100.0    -400.0    600.0  -600.0
 Batch command complete.
 :                                         PTI INTERACTIVE POWER SYSTEM SIMULATOR--PSS(R)E     THU, SEP 10 2026  11:23
                         SUITE_S_30BUS_PQBRAK_HIGH                                        %MVA FOR TRANSFORMERS
                         STRESS: DISABLE PQ LOAD RELIEF BY RAISING PQBRAK                 % I  FOR NON-TRANSFORMER BRANCHES

 X--------- FROM BUS --------X AREA  VOLT            GEN    LOAD    SHUNT  X------------ TO BUS ------------X                     TRANSFORMER            RATING
   BUS#-SCT X-- NAME --X BASKV ZONE  PU/KV  ANGLE  MW/MVAR MW/MVAR MW/MVAR   BUS#-SCT X-- NAME --X BASKV AREA CKT   MW    MVAR   RATIO   ANGLE   AMPS   %  SET 1

      1     SLACK_500   500.00    1 1.0200    0.0    29.0      0.0     0.0 -------------------------------------------------------------------------------------
                                 10 510.00         -400.0R     0.0    -0.0      2     GEN_A_500   500.00    1  1    12.0 -215.1                   244  35   693A
                                                                                3     GEN_B_500   500.00    1  1    17.0 -184.9                   210  30   693A
      2     GEN_A_500   500.00    1 1.0721   -0.4    70.0      0.0     0.0 -------------------------------------------------------------------------------------
                                 10 536.06          300.0H     0.0    -0.0      1     SLACK_500   500.00    1  1   -11.1  222.8                   240  35   693A
                                                                                4     HUB_500     500.00    1  1    81.1   77.2                   121  19   635A
      3     GEN_B_500   500.00    1 1.0646   -0.4    60.0      0.0     0.0 -------------------------------------------------------------------------------------
                                 10 532.31          240.0H     0.0    -0.0      1     SLACK_500   500.00    1  1   -16.3  189.8                   207  30   693A
                                                                                4     HUB_500     500.00    1  1    76.3   50.2                    99  16   635A
      4     HUB_500     500.00    1 1.0488   -1.5     0.0      0.0     0.0 -------------------------------------------------------------------------------------
                                 10 524.38            0.0      0.0    -0.0      2     GEN_A_500   500.00    1  1   -80.9  -77.2                   123  19   635A
                                                                                3     GEN_B_500   500.00    1  1   -76.2  -51.3                   101  16   635A
                                                                                5     REG_GEN_500 500.00    1  1   110.7   94.2                   160  28   577A
                                                                               11     HUB_230     230.00    1  1    46.4   34.3 1.000LK            64  19   300M
      5     REG_GEN_500 500.00    1 1.0148   -3.5     0.0     50.0     0.0 -------------------------------------------------------------------------------------
                                 10 507.40            0.0     18.0    -0.0      4     HUB_500     500.00    1  1  -110.2  -90.1                   162  28   577A
                                                                                6     DC_RECT_500 500.00    1  1    60.2   72.1                   107  19   577A
      6     DC_RECT_500 500.00    1 0.9882   -4.6     0.0      0.0     0.0 -------------------------------------------------------------------------------------
                                 20 494.10            0.0      0.0    -0.0      7     DC_INV_345  345.00    1 2DR   60.0   71.6 1.250HI  50.0HI   109 "DC30"
                                                                                5     REG_GEN_500 500.00    1  1   -60.0  -71.5                   109  19   577A
      7     DC_INV_345  345.00    1 1.0047   -0.3     0.0      0.0     0.0 -------------------------------------------------------------------------------------
                                 20 346.61            0.0      0.0    -0.0      6     DC_RECT_500 500.00    1 2DI  -60.0   18.5 1.305HI  17.0LO   105 "DC30"
                                                                                8     HUB_345     345.00    1  1    29.3  -16.5                    56   8   669A
                                                                                9     INV_LOAD_345345.00    1  1    30.7   -2.0                    51  10   502A
      8     HUB_345     345.00    1 1.0100   -0.9     0.0      0.0     0.0 -------------------------------------------------------------------------------------
                                 20 348.46            0.0      0.0    -0.0      7     DC_INV_345  345.00    1  1   -29.3   14.9                    54   8   669A
                                                                                9     INV_LOAD_345345.00    1  1     9.3   13.0                    27   5   502A
                                                                               10     GEN_345     345.00    1  1   -44.9   -9.8                    76  15   502A
                                                                               11     HUB_230     230.00    1  1    64.8  -18.1 1.000LK           112  27   250M
      9     INV_LOAD_345345.00    1 1.0042   -1.1     0.0     40.0     0.0 -------------------------------------------------------------------------------------
                                 20 346.44            0.0     14.0    -0.0      7     DC_INV_345  345.00    1  1   -30.7    1.0                    51  10   502A
                                                                                8     HUB_345     345.00    1  1    -9.3  -15.0                    29   6   502A
     10     GEN_345     345.00    1 1.0150    0.0    45.0      0.0     0.0 -------------------------------------------------------------------------------------
                                 20 350.17            8.6R     0.0    -0.0      8     HUB_345     345.00    1  1    45.0    8.6                    76  15   502A

     11     HUB_230     230.00    1 1.0222   -3.5     0.0      0.0     0.0 -------------------------------------------------------------------------------------
                                 30 235.11            0.0      0.0    -0.0      4     HUB_500     500.00    1  1   -46.3  -32.0 1.000UN           138  19   300M
                                                                                8     HUB_345     345.00    1  1   -64.8   21.1 1.000UN           167  27   250M
                                                                               12     TIE_230     230.00    1  1   111.1   10.8                   274  36   753A
     12     TIE_230     230.00    1 1.0125   -6.5     0.0     30.0     0.0 -------------------------------------------------------------------------------------
                                 30 232.88            0.0     12.0    -0.0     11     HUB_230     230.00    1  1  -110.5   -6.4                   274  36   753A
                                                                               13     REG_Q_230   230.00    1  1    42.5   -9.5                   108  14   753A
                                                                               18     XF_A_HV_230 230.00    1  1     5.1   -2.5                    14   2   628A
                                                                               26     SWD_FROM_230230.00    1  1    32.8    6.5                    83  13   628A
     13     REG_Q_230   230.00    1 1.0150   -7.7     0.0     25.0     0.0 -------------------------------------------------------------------------------------
                                 30 233.45            0.0     10.0    -0.0     12     TIE_230     230.00    1  1   -42.4    8.9                   107  14   753A
                                                                               14     SHUNT_A_230 230.00    1  1     0.0   -1.0                     3   0   628A
                                                                               15     SHUNT_B_230 230.00    1  1     0.0   -1.0                     3   0   628A
                                                                               16     STATCON_230 230.00    1  1    17.4  -16.9                    60  10   628A
                                                                               22     XF_B_HV_230 230.00    1  1     0.1    0.1                     0   0   628A
     14     SHUNT_A_230 230.00    1 1.0153   -7.7     0.0      0.0     0.0 -------------------------------------------------------------------------------------
                                 30 233.52            0.0      0.0    -0.0     13     REG_Q_230   230.00    1  1     0.0    0.0                     0   0   628A

     15     SHUNT_B_230 230.00    1 1.0153   -7.7     0.0      0.0     0.0 -------------------------------------------------------------------------------------
                                 30 233.52            0.0      0.0    -0.0     13     REG_Q_230   230.00    1  1     0.0    0.0                     0   0   628A

     16     STATCON_230 230.00    1 1.0208   -8.2     0.0      0.0     0.0 -------------------------------------------------------------------------------------
                                 30 234.78            0.0      0.0    -0.0 STATCON SHUNT                      STA    0.0  -19.2 "STATCON30   "     47  31   151A
                                                                               13     REG_Q_230   230.00    1  1   -17.3   16.1                    58   9   628A
                                                                               17     LOAD_230    230.00    1  1    17.3    3.1                    43   7   628A
     17     LOAD_230    230.00    1 1.0177   -8.7     0.0     35.0     0.0 -------------------------------------------------------------------------------------
                                 30 234.07            0.0     14.0    -8.3     16     STATCON_230 230.00    1  1   -17.3   -4.0                    44   7   628A
                                                                               30     END_GEN_230 230.00    1  1   -17.7   -1.8                    44  10   452A
     18     XF_A_HV_230 230.00    1 1.0132   -6.7     0.0      0.0     0.0 -------------------------------------------------------------------------------------
                                 40 233.05            0.0      0.0    -0.0     12     TIE_230     230.00    1  1    -5.1    1.5                    13   2   628A
                                                                               19     XF_A_LV_115 115.00    1  1     5.1   -1.5 1.000RG            13   4   150M
     19     XF_A_LV_115 115.00    1 1.0143   -6.9     0.0      0.0     0.0 -------------------------------------------------------------------------------------
                                 40 116.65            0.0      0.0    -0.0     18     XF_A_HV_230 230.00    1  1    -5.1    1.5 1.000UN            26   4   150M
                                                                               20     LOAD_A_115  115.00    1  1    25.1   10.5                   134  22   602A
                                                                               21     GEN_AUX_13  13.800    1  1   -20.0  -12.0 1.000LK           115  29    80M
     20     LOAD_A_115  115.00    1 1.0052   -7.9     0.0     25.0     0.0 -------------------------------------------------------------------------------------
                                 40 115.60            0.0     10.0    -0.0     19     XF_A_LV_115 115.00    1  1   -25.0  -10.0                   134  22   602A

     21     GEN_AUX_13  13.800    1 1.0250   -6.1    20.0      0.0     0.0 -------------------------------------------------------------------------------------
                                 40 14.145           12.3R     0.0    -0.0     19     XF_A_LV_115 115.00    1  1    20.0   12.3 1.000UN           959  29    80M

     22     XF_B_HV_230 230.00    1 1.0147   -7.7     0.0      0.0     0.0 -------------------------------------------------------------------------------------
                                 40 233.38            0.0      0.0    -0.0     13     REG_Q_230   230.00    1  1    -0.1   -1.1                     3   0   628A
                                                                               23     XF_B_LV_132 132.00    1  1     0.1    1.1 1.000RG             3   1   150M
     23     XF_B_LV_132 132.00    1 1.0136   -7.7     0.0      0.0     0.0 -------------------------------------------------------------------------------------
                                 40 133.80            0.0      0.0    -0.0     22     XF_B_HV_230 230.00    1  1    -0.1   -1.2 1.000UN             5   1   150M
                                                                               24     LOAD_B_132  132.00    1  1     0.1    1.2                     5   1   656A
     24     LOAD_B_132  132.00    1 1.0128   -7.7     0.0     30.0     0.0 -------------------------------------------------------------------------------------
                                 40 133.69            0.0     12.0    -0.0     23     XF_B_LV_132 132.00    1  1    -0.1   -1.2                     5   1   656A
                                                                               25     GEN_B_132   132.00    1  1   -29.9  -10.8                   137  21   656A
     25     GEN_B_132   132.00    1 1.0200   -6.9    30.0      0.0     0.0 -------------------------------------------------------------------------------------
                                 40 134.64           11.3R     0.0    -0.0     24     LOAD_B_132  132.00    1  1    30.0   11.3                   137  21   656A

     26     SWD_FROM_230230.00    1 1.0073   -7.4     0.0      0.0     0.0 -------------------------------------------------------------------------------------
                                 50 231.67            0.0      0.0    -0.0     12     TIE_230     230.00    1  1   -32.8   -7.0                    83  13   628A
                                                                               27     SWD_LOAD_230230.00    1  1     0.0   -0.5                     1   0   377A
                                                                               27     SWD_LOAD_230230.00    1  @1   32.8    7.5                    84  22   377A
     27     SWD_LOAD_230230.00    1 1.0073   -7.4     0.0     20.0     0.0 -------------------------------------------------------------------------------------
                                 50 231.67            0.0      8.0    -0.0     26     SWD_FROM_230230.00    1  1     0.0   -0.5                     1   0   377A
                                                                               26     SWD_FROM_230230.00    1  @1  -32.8   -7.5                    84  22   377A
                                                                               28     CSHUNT_230  230.00    1  1    12.8   -0.0                    32   8   377A
     28     CSHUNT_230  230.00    1 1.0061   -7.9     0.0      0.0     0.0 -------------------------------------------------------------------------------------
                                 50 231.40            0.0      0.0    10.1     27     SWD_LOAD_230230.00    1  1   -12.8   -0.9                    32   8   377A
                                                                               29     PQB_MOD_230 230.00    1  1    12.8   -9.2                    39  10   377A
     29     PQB_MOD_230 230.00    1 1.0104   -8.3     0.0     25.0     0.0 -------------------------------------------------------------------------------------
                                 50 232.40            0.0     10.0    -0.0     28     CSHUNT_230  230.00    1  1   -12.7    8.3                    38  10   377A
                                                                               30     END_GEN_230 230.00    1  1   -12.3  -18.3                    55  12   452A
     30     END_GEN_230 230.00    1 1.0200   -8.0    30.0      0.0     0.0 -------------------------------------------------------------------------------------
                                 50 234.60           18.5R     0.0    -0.0     17     LOAD_230    230.00    1  1    17.7    0.9                    44  10   452A
                                                                               29     PQB_MOD_230 230.00    1  1    12.3   17.5                    53  12   452A

 Output completed
 Batch command complete.
 :      PTI INTERACTIVE POWER SYSTEM SIMULATOR--PSS(R)E     THU, SEP 10 2026  11:23
 SUITE_S_30BUS_PQBRAK_HIGH                                                RATING   %MVA FOR TRANSFORMERS
 STRESS: DISABLE PQ LOAD RELIEF BY RAISING PQBRAK                         SET  1   % I  FOR NON-TRANSFORMER BRANCHES

 BUS      1     SLACK_500   500.00 CKT     MW     MVAR     MVA   % 1.0200PU    0.00  X--- LOSSES ---X X---- AREA -----X X---- ZONE -----X      1
  FROM GENERATION                         29.0  -400.0R  401.0 401 510.00KV               MW     MVAR    1 AREA1          10 Z10_500
  TO      2     GEN_A_500   500.00  1     12.0  -215.1   215.4  35                       0.88   10.99    1 AREA1          10 Z10_500
  TO      3     GEN_B_500   500.00  1     17.0  -184.9   185.7  30                       0.65    8.14    1 AREA1          10 Z10_500

 BUS      2     GEN_A_500   500.00 CKT     MW     MVAR     MVA   % 1.0721PU   -0.38  X--- LOSSES ---X X---- AREA -----X X---- ZONE -----X      2
  FROM GENERATION                         70.0   300.0H  308.1 308 536.06KV               MW     MVAR    1 AREA1          10 Z10_500
  TO      1     SLACK_500   500.00  1    -11.1   222.8   223.1  35                       0.88   10.99    1 AREA1          10 Z10_500
  TO      4     HUB_500     500.00  1     81.1    77.2   111.9  19                       0.22    3.34    1 AREA1          10 Z10_500

 BUS      3     GEN_B_500   500.00 CKT     MW     MVAR     MVA   % 1.0646PU   -0.42  X--- LOSSES ---X X---- AREA -----X X---- ZONE -----X      3
  FROM GENERATION                         60.0   240.0H  247.4 247 532.31KV               MW     MVAR    1 AREA1          10 Z10_500
  TO      1     SLACK_500   500.00  1    -16.3   189.8   190.5  30                       0.65    8.14    1 AREA1          10 Z10_500
  TO      4     HUB_500     500.00  1     76.3    50.2    91.4  16                       0.15    2.26    1 AREA1          10 Z10_500

 BUS      4     HUB_500     500.00 CKT     MW     MVAR     MVA   % 1.0488PU   -1.54  X--- LOSSES ---X X---- AREA -----X X---- ZONE -----X      4
                                                                   524.38KV               MW     MVAR    1 AREA1          10 Z10_500
  TO      2     GEN_A_500   500.00  1    -80.9   -77.2   111.8  19                       0.22    3.34    1 AREA1          10 Z10_500
  TO      3     GEN_B_500   500.00  1    -76.2   -51.3    91.9  16                       0.15    2.26    1 AREA1          10 Z10_500
  TO      5     REG_GEN_500 500.00  1    110.7    94.2   145.4  28                       0.49    6.81    1 AREA1          10 Z10_500
  TO     11     HUB_230     230.00  1     46.4    34.3    57.7  19 1.0000LK              0.06    2.42    1 AREA1          30 Z30_Q_CTRL

 BUS      5     REG_GEN_500 500.00 CKT     MW     MVAR     MVA   % 1.0148PU   -3.50  X--- LOSSES ---X X---- AREA -----X X---- ZONE -----X      5
                                                                   507.40KV               MW     MVAR    1 AREA1          10 Z10_500
  TO LOAD-PQ                              50.0    18.0    53.1
  TO      4     HUB_500     500.00  1   -110.2   -90.1   142.3  28                       0.49    6.81    1 AREA1          10 Z10_500
  TO      6     DC_RECT_500 500.00  1     60.2    72.1    93.9  19                       0.22    3.06    1 AREA1          20 Z20_345_DC

 BUS      6     DC_RECT_500 500.00 CKT     MW     MVAR     MVA   % 0.9882PU   -4.60  X--- LOSSES ---X X---- AREA -----X X---- ZONE -----X      6
                                                                   494.10KV               MW     MVAR    1 AREA1          20 Z20_345_DC
  TO      7     DC_INV_345  345.00 2DR    60.0    71.6    93.4     1.2500HI   50.01HI    0.01   90.07    1 AREA1          20 Z20_345_DC   "DC30"
  TO      5     REG_GEN_500 500.00  1    -60.0   -71.5    93.4  19                       0.22    3.06    1 AREA1          10 Z10_500

 BUS      7     DC_INV_345  345.00 CKT     MW     MVAR     MVA   % 1.0047PU   -0.26  X--- LOSSES ---X X---- AREA -----X X---- ZONE -----X      7
                                                                   346.61KV               MW     MVAR    1 AREA1          20 Z20_345_DC
  TO      6     DC_RECT_500 500.00 2DI   -60.0    18.5    62.8     1.3050HI   17.00LO    0.01   90.07    1 AREA1          20 Z20_345_DC   "DC30"
  TO      8     HUB_345     345.00  1     29.3   -16.5    33.6   8                       0.03    0.43    1 AREA1          20 Z20_345_DC
  TO      9     INV_LOAD_345345.00  1     30.7    -2.0    30.8  10                       0.04    0.47    1 AREA1          20 Z20_345_DC

 BUS      8     HUB_345     345.00 CKT     MW     MVAR     MVA   % 1.0100PU   -0.95  X--- LOSSES ---X X---- AREA -----X X---- ZONE -----X      8
                                                                   348.46KV               MW     MVAR    1 AREA1          20 Z20_345_DC
  TO      7     DC_INV_345  345.00  1    -29.3    14.9    32.8   8                       0.03    0.43    1 AREA1          20 Z20_345_DC
  TO      9     INV_LOAD_345345.00  1      9.3    13.0    16.0   5                       0.01    0.11    1 AREA1          20 Z20_345_DC
  TO     10     GEN_345     345.00  1    -44.9    -9.8    46.0  15                       0.06    0.82    1 AREA1          20 Z20_345_DC
  TO     11     HUB_230     230.00  1     64.8   -18.1    67.3  27 1.0000LK              0.09    3.11    1 AREA1          30 Z30_Q_CTRL

 BUS      9     INV_LOAD_345345.00 CKT     MW     MVAR     MVA   % 1.0042PU   -1.13  X--- LOSSES ---X X---- AREA -----X X---- ZONE -----X      9
                                                                   346.44KV               MW     MVAR    1 AREA1          20 Z20_345_DC
  TO LOAD-PQ                              40.0    14.0    42.4
  TO      7     DC_INV_345  345.00  1    -30.7     1.0    30.7  10                       0.04    0.47    1 AREA1          20 Z20_345_DC
  TO      8     HUB_345     345.00  1     -9.3   -15.0    17.6   6                       0.01    0.11    1 AREA1          20 Z20_345_DC

 BUS     10     GEN_345     345.00 CKT     MW     MVAR     MVA   % 1.0150PU    0.04  X--- LOSSES ---X X---- AREA -----X X---- ZONE -----X     10
  FROM GENERATION                         45.0     8.6R   45.8  46 350.17KV               MW     MVAR    1 AREA1          20 Z20_345_DC
  TO      8     HUB_345     345.00  1     45.0     8.6    45.8  15                       0.06    0.82    1 AREA1          20 Z20_345_DC

 BUS     11     HUB_230     230.00 CKT     MW     MVAR     MVA   % 1.0222PU   -3.49  X--- LOSSES ---X X---- AREA -----X X---- ZONE -----X     11
                                                                   235.11KV               MW     MVAR    1 AREA1          30 Z30_Q_CTRL
  TO      4     HUB_500     500.00  1    -46.3   -32.0    56.3  19 1.0000UN              0.06    2.42    1 AREA1          10 Z10_500
  TO      8     HUB_345     345.00  1    -64.8    21.1    68.1  27 1.0000UN              0.09    3.11    1 AREA1          20 Z20_345_DC
  TO     12     TIE_230     230.00  1    111.1    10.8   111.6  36                       0.60    5.97    1 AREA1          30 Z30_Q_CTRL

 BUS     12     TIE_230     230.00 CKT     MW     MVAR     MVA   % 1.0125PU   -6.53  X--- LOSSES ---X X---- AREA -----X X---- ZONE -----X     12
                                                                   232.88KV               MW     MVAR    1 AREA1          30 Z30_Q_CTRL
  TO LOAD-PQ                              30.0    12.0    32.3
  TO     11     HUB_230     230.00  1   -110.5    -6.4   110.6  36                       0.60    5.97    1 AREA1          30 Z30_Q_CTRL
  TO     13     REG_Q_230   230.00  1     42.5    -9.5    43.6  14                       0.09    0.92    1 AREA1          30 Z30_Q_CTRL
  TO     18     XF_A_HV_230 230.00  1      5.1    -2.5     5.7   2                       0.00    0.01    1 AREA1          40 Z40_XFMR
  TO     26     SWD_FROM_230230.00  1     32.8     6.5    33.5  13                       0.07    0.55    1 AREA1          50 Z50_SWDEV

 BUS     13     REG_Q_230   230.00 CKT     MW     MVAR     MVA   % 1.0150PU   -7.74  X--- LOSSES ---X X---- AREA -----X X---- ZONE -----X     13
                                                                   233.45KV               MW     MVAR    1 AREA1          30 Z30_Q_CTRL
  TO LOAD-PQ                              25.0    10.0    26.9
  TO     12     TIE_230     230.00  1    -42.4     8.9    43.4  14                       0.09    0.92    1 AREA1          30 Z30_Q_CTRL
  TO     14     SHUNT_A_230 230.00  1      0.0    -1.0     1.0   0                       0.00    0.00    1 AREA1          30 Z30_Q_CTRL
  TO     15     SHUNT_B_230 230.00  1      0.0    -1.0     1.0   0                       0.00    0.00    1 AREA1          30 Z30_Q_CTRL
  TO     16     STATCON_230 230.00  1     17.4   -16.9    24.2  10                       0.02    0.22    1 AREA1          30 Z30_Q_CTRL
  TO     22     XF_B_HV_230 230.00  1      0.1     0.1     0.1   0                       0.00    0.00    1 AREA1          40 Z40_XFMR

 BUS     14     SHUNT_A_230 230.00 CKT     MW     MVAR     MVA   % 1.0153PU   -7.74  X--- LOSSES ---X X---- AREA -----X X---- ZONE -----X     14
                                                                   233.52KV               MW     MVAR    1 AREA1          30 Z30_Q_CTRL
  TO SWITCHED SHUNT                        0.0    -0.0     0.0
  TO     13     REG_Q_230   230.00  1      0.0     0.0     0.0   0                       0.00    0.00    1 AREA1          30 Z30_Q_CTRL

 BUS     15     SHUNT_B_230 230.00 CKT     MW     MVAR     MVA   % 1.0153PU   -7.74  X--- LOSSES ---X X---- AREA -----X X---- ZONE -----X     15
                                                                   233.52KV               MW     MVAR    1 AREA1          30 Z30_Q_CTRL
  TO SWITCHED SHUNT                        0.0    -0.0     0.0
  TO     13     REG_Q_230   230.00  1      0.0     0.0     0.0   0                       0.00    0.00    1 AREA1          30 Z30_Q_CTRL

 BUS     16     STATCON_230 230.00 CKT     MW     MVAR     MVA   % 1.0208PU   -8.16  X--- LOSSES ---X X---- AREA -----X X---- ZONE -----X     16
                                                                   234.78KV               MW     MVAR    1 AREA1          30 Z30_Q_CTRL
  TO STATCON SHUNT                 STA     0.0   -19.2    19.2  31                                                                        "STATCON30"
  TO     13     REG_Q_230   230.00  1    -17.3    16.1    23.6   9                       0.02    0.22    1 AREA1          30 Z30_Q_CTRL
  TO     17     LOAD_230    230.00  1     17.3     3.1    17.6   7                       0.02    0.18    1 AREA1          30 Z30_Q_CTRL

 BUS     17     LOAD_230    230.00 CKT     MW     MVAR     MVA   % 1.0177PU   -8.72  X--- LOSSES ---X X---- AREA -----X X---- ZONE -----X     17
                                                                   234.07KV               MW     MVAR    1 AREA1          30 Z30_Q_CTRL
  TO LOAD-PQ                              35.0    14.0    37.7
  TO SHUNT                                 0.0    -8.3     8.3
  TO     16     STATCON_230 230.00  1    -17.3    -4.0    17.8   7                       0.02    0.18    1 AREA1          30 Z30_Q_CTRL
  TO     30     END_GEN_230 230.00  1    -17.7    -1.8    17.8  10                       0.02    0.21    1 AREA1          50 Z50_SWDEV

 BUS     18     XF_A_HV_230 230.00 CKT     MW     MVAR     MVA   % 1.0132PU   -6.68  X--- LOSSES ---X X---- AREA -----X X---- ZONE -----X     18
                                                                   233.05KV               MW     MVAR    1 AREA1          40 Z40_XFMR
  TO     12     TIE_230     230.00  1     -5.1     1.5     5.3   2                       0.00    0.01    1 AREA1          30 Z30_Q_CTRL
  TO     19     XF_A_LV_115 115.00  1      5.1    -1.5     5.3   4 1.0000RG              0.00    0.02    1 AREA1          40 Z40_XFMR

 BUS     19     XF_A_LV_115 115.00 CKT     MW     MVAR     MVA   % 1.0143PU   -6.94  X--- LOSSES ---X X---- AREA -----X X---- ZONE -----X     19
                                                                   116.65KV               MW     MVAR    1 AREA1          40 Z40_XFMR
  TO     18     XF_A_HV_230 230.00  1     -5.1     1.5     5.3   4 1.0000UN              0.00    0.02    1 AREA1          40 Z40_XFMR
  TO     20     LOAD_A_115  115.00  1     25.1    10.5    27.2  22                       0.06    0.50    1 AREA1          40 Z40_XFMR
  TO     21     GEN_AUX_13  13.800  1    -20.0   -12.0    23.3  29 1.0000LK              0.03    0.42    1 AREA1          40 Z40_XFMR

 BUS     20     LOAD_A_115  115.00 CKT     MW     MVAR     MVA   % 1.0052PU   -7.88  X--- LOSSES ---X X---- AREA -----X X---- ZONE -----X     20
                                                                   115.60KV               MW     MVAR    1 AREA1          40 Z40_XFMR
  TO LOAD-PQ                              25.0    10.0    26.9
  TO     19     XF_A_LV_115 115.00  1    -25.0   -10.0    26.9  22                       0.06    0.50    1 AREA1          40 Z40_XFMR

 BUS     21     GEN_AUX_13  13.800 CKT     MW     MVAR     MVA   % 1.0250PU   -6.10  X--- LOSSES ---X X---- AREA -----X X---- ZONE -----X     21
  FROM GENERATION                         20.0    12.3R   23.5  23 14.145KV               MW     MVAR    1 AREA1          40 Z40_XFMR
  TO     19     XF_A_LV_115 115.00  1     20.0    12.3    23.5  29 1.0000UN              0.03    0.42    1 AREA1          40 Z40_XFMR

 BUS     22     XF_B_HV_230 230.00 CKT     MW     MVAR     MVA   % 1.0147PU   -7.74  X--- LOSSES ---X X---- AREA -----X X---- ZONE -----X     22
                                                                   233.38KV               MW     MVAR    1 AREA1          40 Z40_XFMR
  TO     13     REG_Q_230   230.00  1     -0.1    -1.1     1.1   0                       0.00    0.00    1 AREA1          30 Z30_Q_CTRL
  TO     23     XF_B_LV_132 132.00  1      0.1     1.1     1.1   1 1.0000RG              0.00    0.00    1 AREA1          40 Z40_XFMR

 BUS     23     XF_B_LV_132 132.00 CKT     MW     MVAR     MVA   % 1.0136PU   -7.74  X--- LOSSES ---X X---- AREA -----X X---- ZONE -----X     23
                                                                   133.80KV               MW     MVAR    1 AREA1          40 Z40_XFMR
  TO     22     XF_B_HV_230 230.00  1     -0.1    -1.2     1.2   1 1.0000UN              0.00    0.00    1 AREA1          40 Z40_XFMR
  TO     24     LOAD_B_132  132.00  1      0.1     1.2     1.2   1                       0.00    0.00    1 AREA1          40 Z40_XFMR

 BUS     24     LOAD_B_132  132.00 CKT     MW     MVAR     MVA   % 1.0128PU   -7.74  X--- LOSSES ---X X---- AREA -----X X---- ZONE -----X     24
                                                                   133.69KV               MW     MVAR    1 AREA1          40 Z40_XFMR
  TO LOAD-PQ                              30.0    12.0    32.3
  TO     23     XF_B_LV_132 132.00  1     -0.1    -1.2     1.2   1                       0.00    0.00    1 AREA1          40 Z40_XFMR
  TO     25     GEN_B_132   132.00  1    -29.9   -10.8    31.8  21                       0.06    0.49    1 AREA1          40 Z40_XFMR

 BUS     25     GEN_B_132   132.00 CKT     MW     MVAR     MVA   % 1.0200PU   -6.94  X--- LOSSES ---X X---- AREA -----X X---- ZONE -----X     25
  FROM GENERATION                         30.0    11.3R   32.1  32 134.64KV               MW     MVAR    1 AREA1          40 Z40_XFMR
  TO     24     LOAD_B_132  132.00  1     30.0    11.3    32.1  21                       0.06    0.49    1 AREA1          40 Z40_XFMR

 BUS     26     SWD_FROM_230230.00 CKT     MW     MVAR     MVA   % 1.0073PU   -7.43  X--- LOSSES ---X X---- AREA -----X X---- ZONE -----X     26
                                                                   231.67KV               MW     MVAR    1 AREA1          50 Z50_SWDEV
  TO     12     TIE_230     230.00  1    -32.8    -7.0    33.5  13                       0.07    0.55    1 AREA1          30 Z30_Q_CTRL
  TO     27     SWD_LOAD_230230.00  1      0.0    -0.5     0.5   0                       0.00    0.00    1 AREA1          50 Z50_SWDEV
  TO     27     SWD_LOAD_230230.00  @1    32.8     7.5    33.6  22                       0.00    0.00    1 AREA1          50 Z50_SWDEV

 BUS     27     SWD_LOAD_230230.00 CKT     MW     MVAR     MVA   % 1.0073PU   -7.43  X--- LOSSES ---X X---- AREA -----X X---- ZONE -----X     27
                                                                   231.67KV               MW     MVAR    1 AREA1          50 Z50_SWDEV
  TO LOAD-PQ                              20.0     8.0    21.5
  TO     26     SWD_FROM_230230.00  1      0.0    -0.5     0.5   0                       0.00    0.00    1 AREA1          50 Z50_SWDEV
  TO     26     SWD_FROM_230230.00  @1   -32.8    -7.5    33.6  22                       0.00    0.00    1 AREA1          50 Z50_SWDEV
  TO     28     CSHUNT_230  230.00  1     12.8    -0.0    12.8   8                       0.01    0.10    1 AREA1          50 Z50_SWDEV

 BUS     28     CSHUNT_230  230.00 CKT     MW     MVAR     MVA   % 1.0061PU   -7.86  X--- LOSSES ---X X---- AREA -----X X---- ZONE -----X     28
                                                                   231.40KV               MW     MVAR    1 AREA1          50 Z50_SWDEV
  TO SWITCHED SHUNT                        0.0    10.1    10.1
  TO     27     SWD_LOAD_230230.00  1    -12.8    -0.9    12.8   8                       0.01    0.10    1 AREA1          50 Z50_SWDEV
  TO     29     PQB_MOD_230 230.00  1     12.8    -9.2    15.7  10                       0.02    0.14    1 AREA1          50 Z50_SWDEV

 BUS     29     PQB_MOD_230 230.00 CKT     MW     MVAR     MVA   % 1.0104PU   -8.32  X--- LOSSES ---X X---- AREA -----X X---- ZONE -----X     29
                                                                   232.40KV               MW     MVAR    1 AREA1          50 Z50_SWDEV
  TO LOAD-PQ                              25.0    10.0    26.9
  TO     28     CSHUNT_230  230.00  1    -12.7     8.3    15.2  10                       0.02    0.14    1 AREA1          50 Z50_SWDEV
  TO     30     END_GEN_230 230.00  1    -12.3   -18.3    22.1  12                       0.03    0.23    1 AREA1          50 Z50_SWDEV

 BUS     30     END_GEN_230 230.00 CKT     MW     MVAR     MVA   % 1.0200PU   -8.04  X--- LOSSES ---X X---- AREA -----X X---- ZONE -----X     30
  FROM GENERATION                         30.0    18.5R   35.2  35 234.60KV               MW     MVAR    1 AREA1          50 Z50_SWDEV
  TO     17     LOAD_230    230.00  1     17.7     0.9    17.7  10                       0.02    0.21    1 AREA1          30 Z30_Q_CTRL
  TO     29     PQB_MOD_230 230.00  1     12.3    17.5    21.4  12                       0.03    0.23    1 AREA1          50 Z50_SWDEV

 Output completed
 Batch command complete.
 :                                         PTI INTERACTIVE POWER SYSTEM SIMULATOR--PSS(R)E     THU, SEP 10 2026  11:23
                         SUITE_S_30BUS_PQBRAK_HIGH                                        %MVA FOR TRANSFORMERS
                         STRESS: DISABLE PQ LOAD RELIEF BY RAISING PQBRAK                 % I  FOR NON-TRANSFORMER BRANCHES

 X--------- FROM BUS --------X AREA  VOLT            GEN    LOAD    SHUNT  X------------ TO BUS ------------X                        TRANSFORMER     RATING
   BUS#-SCT X-- NAME --X BASKV ZONE  PU/KV  ANGLE  MW/MVAR MW/MVAR MW/MVAR   BUS#-SCT X-- NAME --X BASKV AREA CKT    MW     MVAR    RATIO   ANGLE   %  SET 1

      1     SLACK_500   500.00    1 1.0200    0.0    29.0      0.0     0.0 ---------------------------------------------------------------------------------
                                 10 510.00         -400.0R     0.0    -0.0      2     GEN_A_500   500.00    1  1     12.0  -215.1                   35   600
                                                                                3     GEN_B_500   500.00    1  1     17.0  -184.9                   30   600
      2     GEN_A_500   500.00    1 1.0721   -0.4    70.0      0.0     0.0 ---------------------------------------------------------------------------------
                                 10 536.06          300.0H     0.0    -0.0      1     SLACK_500   500.00    1  1    -11.1   222.8                   35   600
                                                                                4     HUB_500     500.00    1  1     81.1    77.2                   19   550
      3     GEN_B_500   500.00    1 1.0646   -0.4    60.0      0.0     0.0 ---------------------------------------------------------------------------------
                                 10 532.31          240.0H     0.0    -0.0      1     SLACK_500   500.00    1  1    -16.3   189.8                   30   600
                                                                                4     HUB_500     500.00    1  1     76.3    50.2                   16   550
      4     HUB_500     500.00    1 1.0488   -1.5     0.0      0.0     0.0 ---------------------------------------------------------------------------------
                                 10 524.38            0.0      0.0    -0.0      2     GEN_A_500   500.00    1  1    -80.9   -77.2                   19   550
                                                                                3     GEN_B_500   500.00    1  1    -76.2   -51.3                   16   550
                                                                                5     REG_GEN_500 500.00    1  1    110.7    94.2                   28   500
                                                                               11     HUB_230     230.00    1  1     46.4    34.3  1.000LK          19   300
      5     REG_GEN_500 500.00    1 1.0148   -3.5     0.0     50.0     0.0 ---------------------------------------------------------------------------------
                                 10 507.40            0.0     18.0    -0.0      4     HUB_500     500.00    1  1   -110.2   -90.1                   28   500
                                                                                6     DC_RECT_500 500.00    1  1     60.2    72.1                   19   500
      6     DC_RECT_500 500.00    1 0.9882   -4.6     0.0      0.0     0.0 ---------------------------------------------------------------------------------
                                 20 494.10            0.0      0.0    -0.0      7     DC_INV_345  345.00    1 2DR    60.0    71.6  1.250HI  50.0HI "DC30"
                                                                                5     REG_GEN_500 500.00    1  1    -60.0   -71.5                   19   500
      7     DC_INV_345  345.00    1 1.0047   -0.3     0.0      0.0     0.0 ---------------------------------------------------------------------------------
                                 20 346.61            0.0      0.0    -0.0      6     DC_RECT_500 500.00    1 2DI   -60.0    18.5  1.305HI  17.0LO "DC30"
                                                                                8     HUB_345     345.00    1  1     29.3   -16.5                    8   400
                                                                                9     INV_LOAD_345345.00    1  1     30.7    -2.0                   10   300
      8     HUB_345     345.00    1 1.0100   -0.9     0.0      0.0     0.0 ---------------------------------------------------------------------------------
                                 20 348.46            0.0      0.0    -0.0      7     DC_INV_345  345.00    1  1    -29.3    14.9                    8   400
                                                                                9     INV_LOAD_345345.00    1  1      9.3    13.0                    5   300
                                                                               10     GEN_345     345.00    1  1    -44.9    -9.8                   15   300
                                                                               11     HUB_230     230.00    1  1     64.8   -18.1  1.000LK          27   250
      9     INV_LOAD_345345.00    1 1.0042   -1.1     0.0     40.0     0.0 ---------------------------------------------------------------------------------
                                 20 346.44            0.0     14.0    -0.0      7     DC_INV_345  345.00    1  1    -30.7     1.0                   10   300
                                                                                8     HUB_345     345.00    1  1     -9.3   -15.0                    6   300
     10     GEN_345     345.00    1 1.0150    0.0    45.0      0.0     0.0 ---------------------------------------------------------------------------------
                                 20 350.17            8.6R     0.0    -0.0      8     HUB_345     345.00    1  1     45.0     8.6                   15   300

     11     HUB_230     230.00    1 1.0222   -3.5     0.0      0.0     0.0 ---------------------------------------------------------------------------------
                                 30 235.11            0.0      0.0    -0.0      4     HUB_500     500.00    1  1    -46.3   -32.0  1.000UN          19   300
                                                                                8     HUB_345     345.00    1  1    -64.8    21.1  1.000UN          27   250
                                                                               12     TIE_230     230.00    1  1    111.1    10.8                   36   300
     12     TIE_230     230.00    1 1.0125   -6.5     0.0     30.0     0.0 ---------------------------------------------------------------------------------
                                 30 232.88            0.0     12.0    -0.0     11     HUB_230     230.00    1  1   -110.5    -6.4                   36   300
                                                                               13     REG_Q_230   230.00    1  1     42.5    -9.5                   14   300
                                                                               18     XF_A_HV_230 230.00    1  1      5.1    -2.5                    2   250
                                                                               26     SWD_FROM_230230.00    1  1     32.8     6.5                   13   250
     13     REG_Q_230   230.00    1 1.0150   -7.7     0.0     25.0     0.0 ---------------------------------------------------------------------------------
                                 30 233.45            0.0     10.0    -0.0     12     TIE_230     230.00    1  1    -42.4     8.9                   14   300
                                                                               14     SHUNT_A_230 230.00    1  1      0.0    -1.0                    0   250
                                                                               15     SHUNT_B_230 230.00    1  1      0.0    -1.0                    0   250
                                                                               16     STATCON_230 230.00    1  1     17.4   -16.9                   10   250
                                                                               22     XF_B_HV_230 230.00    1  1      0.1     0.1                    0   250
     14     SHUNT_A_230 230.00    1 1.0153   -7.7     0.0      0.0     0.0 ---------------------------------------------------------------------------------
                                 30 233.52            0.0      0.0    -0.0     13     REG_Q_230   230.00    1  1      0.0     0.0                    0   250

     15     SHUNT_B_230 230.00    1 1.0153   -7.7     0.0      0.0     0.0 ---------------------------------------------------------------------------------
                                 30 233.52            0.0      0.0    -0.0     13     REG_Q_230   230.00    1  1      0.0     0.0                    0   250

     16     STATCON_230 230.00    1 1.0208   -8.2     0.0      0.0     0.0 ---------------------------------------------------------------------------------
                                 30 234.78            0.0      0.0    -0.0 STATCON SHUNT                      STA     0.0   -19.2  "STATCON30   "   31    60
                                                                               13     REG_Q_230   230.00    1  1    -17.3    16.1                    9   250
                                                                               17     LOAD_230    230.00    1  1     17.3     3.1                    7   250
     17     LOAD_230    230.00    1 1.0177   -8.7     0.0     35.0     0.0 ---------------------------------------------------------------------------------
                                 30 234.07            0.0     14.0    -8.3     16     STATCON_230 230.00    1  1    -17.3    -4.0                    7   250
                                                                               30     END_GEN_230 230.00    1  1    -17.7    -1.8                   10   180
     18     XF_A_HV_230 230.00    1 1.0132   -6.7     0.0      0.0     0.0 ---------------------------------------------------------------------------------
                                 40 233.05            0.0      0.0    -0.0     12     TIE_230     230.00    1  1     -5.1     1.5                    2   250
                                                                               19     XF_A_LV_115 115.00    1  1      5.1    -1.5  1.000RG           4   150
     19     XF_A_LV_115 115.00    1 1.0143   -6.9     0.0      0.0     0.0 ---------------------------------------------------------------------------------
                                 40 116.65            0.0      0.0    -0.0     18     XF_A_HV_230 230.00    1  1     -5.1     1.5  1.000UN           4   150
                                                                               20     LOAD_A_115  115.00    1  1     25.1    10.5                   22   120
                                                                               21     GEN_AUX_13  13.800    1  1    -20.0   -12.0  1.000LK          29    80
     20     LOAD_A_115  115.00    1 1.0052   -7.9     0.0     25.0     0.0 ---------------------------------------------------------------------------------
                                 40 115.60            0.0     10.0    -0.0     19     XF_A_LV_115 115.00    1  1    -25.0   -10.0                   22   120

     21     GEN_AUX_13  13.800    1 1.0250   -6.1    20.0      0.0     0.0 ---------------------------------------------------------------------------------
                                 40 14.145           12.3R     0.0    -0.0     19     XF_A_LV_115 115.00    1  1     20.0    12.3  1.000UN          29    80

     22     XF_B_HV_230 230.00    1 1.0147   -7.7     0.0      0.0     0.0 ---------------------------------------------------------------------------------
                                 40 233.38            0.0      0.0    -0.0     13     REG_Q_230   230.00    1  1     -0.1    -1.1                    0   250
                                                                               23     XF_B_LV_132 132.00    1  1      0.1     1.1  1.000RG           1   150
     23     XF_B_LV_132 132.00    1 1.0136   -7.7     0.0      0.0     0.0 ---------------------------------------------------------------------------------
                                 40 133.80            0.0      0.0    -0.0     22     XF_B_HV_230 230.00    1  1     -0.1    -1.2  1.000UN           1   150
                                                                               24     LOAD_B_132  132.00    1  1      0.1     1.2                    1   150
     24     LOAD_B_132  132.00    1 1.0128   -7.7     0.0     30.0     0.0 ---------------------------------------------------------------------------------
                                 40 133.69            0.0     12.0    -0.0     23     XF_B_LV_132 132.00    1  1     -0.1    -1.2                    1   150
                                                                               25     GEN_B_132   132.00    1  1    -29.9   -10.8                   21   150
     25     GEN_B_132   132.00    1 1.0200   -6.9    30.0      0.0     0.0 ---------------------------------------------------------------------------------
                                 40 134.64           11.3R     0.0    -0.0     24     LOAD_B_132  132.00    1  1     30.0    11.3                   21   150

     26     SWD_FROM_230230.00    1 1.0073   -7.4     0.0      0.0     0.0 ---------------------------------------------------------------------------------
                                 50 231.67            0.0      0.0    -0.0     12     TIE_230     230.00    1  1    -32.8    -7.0                   13   250
                                                                               27     SWD_LOAD_230230.00    1  1      0.0    -0.5                    0   150
                                                                               27     SWD_LOAD_230230.00    1  @1    32.8     7.5                   22   150
     27     SWD_LOAD_230230.00    1 1.0073   -7.4     0.0     20.0     0.0 ---------------------------------------------------------------------------------
                                 50 231.67            0.0      8.0    -0.0     26     SWD_FROM_230230.00    1  1      0.0    -0.5                    0   150
                                                                               26     SWD_FROM_230230.00    1  @1   -32.8    -7.5                   22   150
                                                                               28     CSHUNT_230  230.00    1  1     12.8    -0.0                    8   150
     28     CSHUNT_230  230.00    1 1.0061   -7.9     0.0      0.0     0.0 ---------------------------------------------------------------------------------
                                 50 231.40            0.0      0.0    10.1     27     SWD_LOAD_230230.00    1  1    -12.8    -0.9                    8   150
                                                                               29     PQB_MOD_230 230.00    1  1     12.8    -9.2                   10   150
     29     PQB_MOD_230 230.00    1 1.0104   -8.3     0.0     25.0     0.0 ---------------------------------------------------------------------------------
                                 50 232.40            0.0     10.0    -0.0     28     CSHUNT_230  230.00    1  1    -12.7     8.3                   10   150
                                                                               30     END_GEN_230 230.00    1  1    -12.3   -18.3                   12   180
     30     END_GEN_230 230.00    1 1.0200   -8.0    30.0      0.0     0.0 ---------------------------------------------------------------------------------
                                 50 234.60           18.5R     0.0    -0.0     17     LOAD_230    230.00    1  1     17.7     0.9                   10   180
                                                                               29     PQB_MOD_230 230.00    1  1     12.3    17.5                   12   180

 Output completed
 Batch command complete.
 :      PTI INTERACTIVE POWER SYSTEM SIMULATOR--PSS(R)E     THU, SEP 10 2026  11:23
 SUITE_S_30BUS_PQBRAK_HIGH
 STRESS: DISABLE PQ LOAD RELIEF BY RAISING PQBRAK

 BUSES WITH VOLTAGE GREATER THAN 1.0500:

   BUS#-SCT X-- NAME --X BASKV AREA  V(PU)  V(KV)      BUS#-SCT X-- NAME --X BASKV AREA  V(PU)  V(KV)
      2     GEN_A_500   500.00    1 1.0721 536.06         3     GEN_B_500   500.00    1 1.0646 532.31


 BUSES WITH VOLTAGE LESS THAN 0.9500:

   BUS#-SCT X-- NAME --X BASKV AREA  V(PU)  V(KV)      BUS#-SCT X-- NAME --X BASKV AREA  V(PU)  V(KV)

                                            * NONE *

 Output completed
 Batch command complete.
 :      PTI INTERACTIVE POWER SYSTEM SIMULATOR--PSS(R)E     THU, SEP 10 2026  11:23
 SUITE_S_30BUS_PQBRAK_HIGH
 STRESS: DISABLE PQ LOAD RELIEF BY RAISING PQBRAK

 SUBSYSTEM LOADING CHECK (INCLUDED: LINES; BREAKERS AND SWITCHES; TRANSFORMERS) (EXCLUDED: NONE)
 LOADINGS ABOVE 100.0 % OF RATING SET 1 (MVA FOR TRANSFORMERS, CURRENT FOR NON-TRANSFORMER BRANCHES):

 X----------- FROM BUS ------------X X------------ TO BUS -------------X
   BUS#-SCT X-- NAME --X BASKV  AREA   BUS#-SCT X-- NAME --X BASKV  AREA CKT LOADING   RATE1 PERCENT

                                   * NONE *

 Output completed
 Batch command complete.
 :      PTI INTERACTIVE POWER SYSTEM SIMULATOR--PSS(R)E     THU, SEP 10 2026  11:23
 SUITE_S_30BUS_PQBRAK_HIGH
 STRESS: DISABLE PQ LOAD RELIEF BY RAISING PQBRAK

                                 X--VOLTAGE--X     X--SCHEDULED--X  X--VIOLATION--X
 X------ REGULATED  BUS -------X   P.U.    KV          VOLTAGE        P.U.     KV   X----------------------------- CONTROLLING  EQUIPMENT -----------------------------X
      1     [SLACK_500   500.00] 1.02000 510.0         1.02000                      LOCAL  GENERATION      1     [SLACK_500   500.00]

      5     [REG_GEN_500 500.00] 1.01480 507.4         1.02000     -0.00520   -2.60 REMOTE GENERATION      2     [GEN_A_500   500.00]
                                                       1.02000     -0.00520   -2.60 REMOTE GENERATION      3     [GEN_B_500   500.00]

     10     [GEN_345     345.00] 1.01500 350.2         1.01500                      LOCAL  GENERATION     10     [GEN_345     345.00]

     13     [REG_Q_230   230.00] 1.01500 233.4     1.00000 1.02000                  REMOTE SWICH SHNT     14     [SHUNT_A_230 230.00]
                                                   1.00000 1.02000                  REMOTE SWICH SHNT     15     [SHUNT_B_230 230.00]
                                                       1.01500                      REMOTE SHUNT ELEM     16     [STATCON_230 230.00] FACTS DEVICE "STATCON30"

     19     [XF_A_LV_115 115.00] 1.01432 116.6     0.99000 1.02000                  XFRMER CKT 1  BUS     18     [XF_A_HV_230 230.00] TO     19     [XF_A_LV_115 115.00]

     21     [GEN_AUX_13  13.800] 1.02500  14.1         1.02500                      LOCAL  GENERATION     21     [GEN_AUX_13  13.800]

     24     [LOAD_B_132  132.00] 1.01280 133.7     0.99000 1.02000                  XFRMER CKT 1  BUS     22     [XF_B_HV_230 230.00] TO     23     [XF_B_LV_132 132.00]

     25     [GEN_B_132   132.00] 1.02000 134.6         1.02000                      LOCAL  GENERATION     25     [GEN_B_132   132.00]

     29     [PQB_MOD_230 230.00] 1.01044 232.4         1.01000      0.00044    0.10 REMOTE SWICH SHNT     28     [CSHUNT_230  230.00]

     30     [END_GEN_230 230.00] 1.02000 234.6         1.02000                      LOCAL  GENERATION     30     [END_GEN_230 230.00]

 Output completed
 Batch command complete.
 :      PTI INTERACTIVE POWER SYSTEM SIMULATOR--PSS(R)E     THU, SEP 10 2026  11:23
 SUITE_S_30BUS_PQBRAK_HIGH
 STRESS: DISABLE PQ LOAD RELIEF BY RAISING PQBRAK

 OUT-OF-SERVICE BRANCHES:

 X----------- FROM BUS -----------X  X------------ TO BUS ------------X
   BUS#-SCT X-- NAME --X BASKV AREA    BUS#-SCT X-- NAME --X BASKV AREA  CKT

                                  ** NONE **


 OUT-OF-SERVICE THREE-WINDING TRANSFORMERS:

                                          X-------- WINDING 1 BUS ---------X X-------- WINDING 2 BUS ---------X X-------- WINDING 3 BUS ---------X
 X---------- TRANSFORMER NAME ----------X   BUS#-SCT X-- NAME --X BASKV AREA   BUS#-SCT X-- NAME --X BASKV AREA   BUS#-SCT X-- NAME --X BASKV AREA CKT

                                  ** NONE **


 ISOLATED BUSES:

 X-------------- BUS --------------X  X-------------- BUS --------------X  X-------------- BUS --------------X
   BUS#-SCT X-- NAME --X BASKV  AREA    BUS#-SCT X-- NAME --X BASKV  AREA    BUS#-SCT X-- NAME --X BASKV  AREA

                                  ** NONE **


 OUT-OF-SERVICE PLANTS:

 X-------------- BUS --------------X  X-------------- BUS --------------X  X-------------- BUS --------------X
   BUS#-SCT X-- NAME --X BASKV  AREA    BUS#-SCT X-- NAME --X BASKV  AREA    BUS#-SCT X-- NAME --X BASKV  AREA

                                  ** NONE **


 OUT-OF-SERVICE MACHINES AT IN-SERVICE PLANTS:

 X--------------- BUS ---------------X  X--------------- BUS ---------------X  X--------------- BUS ---------------X
   BUS#-SCT X-- NAME --X BASKV ID AREA    BUS#-SCT X-- NAME --X BASKV ID AREA    BUS#-SCT X-- NAME --X BASKV ID AREA

                                  ** NONE **


 OUT-OF-SERVICE INDUCTION MACHINES AT IN-SERVICE BUSES:

 X--------------- BUS ---------------X  X--------------- BUS ---------------X  X--------------- BUS ---------------X
   BUS#-SCT X-- NAME --X BASKV ID AREA    BUS#-SCT X-- NAME --X BASKV ID AREA    BUS#-SCT X-- NAME --X BASKV ID AREA

                                  ** NONE **


 OUT-OF-SERVICE LOADS AT IN-SERVICE BUSES:

 X--------------- BUS ---------------X  X--------------- BUS ---------------X  X--------------- BUS ---------------X
   BUS#-SCT X-- NAME --X BASKV ID AREA    BUS#-SCT X-- NAME --X BASKV ID AREA    BUS#-SCT X-- NAME --X BASKV ID AREA

                                  ** NONE **


 OUT-OF-SERVICE FIXED SHUNTS AT IN-SERVICE BUSES:

 X--------------- BUS ---------------X  X--------------- BUS ---------------X  X--------------- BUS ---------------X
   BUS#-SCT X-- NAME --X BASKV ID AREA    BUS#-SCT X-- NAME --X BASKV ID AREA    BUS#-SCT X-- NAME --X BASKV ID AREA

                                  ** NONE **


 BLOCKED TWO-TERMINAL DC LINES:

 X-2TERM DC-X  X-------- RECTIFIER --------X  X-------- INVERTER ---------X
 X-- NAME --X    BUS#-SCT X-- NAME --X BASKV    BUS#-SCT X-- NAME --X BASKV

                                  ** NONE **


 BLOCKED MULTI-TERMINAL DC LINES:

 X-MTERM DC-X  X-------- CONVERTER --------X  X-------- CONVERTER --------X  X-------- CONVERTER --------X
 X-- NAME --X    BUS#-SCT X-- NAME --X BASKV    BUS#-SCT X-- NAME --X BASKV    BUS#-SCT X-- NAME --X BASKV

                                  ** NONE **


 BLOCKED VSC DC LINES:

 X--VSC DC--X  X------ CONVERTER BUS ------X  X------ CONVERTER BUS ------X
 X-- NAME --X    BUS#-SCT X-- NAME --X BASKV    BUS#-SCT X-- NAME --X BASKV

                                  ** NONE **


 OUT-OF-SERVICE CONVERTERS AT IN-SERVICE VSC DC LINES:

 X--VSC DC--X  X------ CONVERTER BUS ------X  X------ CONVERTER BUS ------X
 X-- NAME --X    BUS#-SCT X-- NAME --X BASKV    BUS#-SCT X-- NAME --X BASKV

                                  ** NONE **


 BLOCKED FACTS CONTROL DEVICES:

 X--DEVICE--X  X------- SENDING BUS -------X  X------ TERMINAL BUS -------X
 X-- NAME --X    BUS#-SCT X-- NAME --X BASKV    BUS#-SCT X-- NAME --X BASKV

                                  ** NONE **


 OUT-OF-SERVICE GNE DEVICES:

 X--DEVICE--X  X-------- FROM BUS ---------X  X--------- TO BUS ----------X
 X-- NAME --X    BUS#-SCT X-- NAME --X BASKV    BUS#-SCT X-- NAME --X BASKV

                                  ** NONE **

 Output completed
 Batch command complete.
 :      PTI INTERACTIVE POWER SYSTEM SIMULATOR--PSS(R)E     THU, SEP 10 2026  11:23
 SUITE_S_30BUS_PQBRAK_HIGH                                                 SHUNT
 STRESS: DISABLE PQ LOAD RELIEF BY RAISING PQBRAK                        SUMMARY

                                                 N O M I N A L
   BUS#-SCT X-- NAME --X BASKV CODE ID STAT       MW      MVAR  VOLTAGE  TYPE    MODE ADJM     BMIN      BMAX
     14     SHUNT_A_230 230.00   1       1                 0.0  1.01530  SWITCHED  1    0       0.0      15.0
     15     SHUNT_B_230 230.00   1       1                 0.0  1.01530  SWITCHED  1    0       0.0      15.0
     17     LOAD_230    230.00   1  1    1       0.0       8.0  1.01769  FIXED
     28     CSHUNT_230  230.00   1       1               -10.0  1.00610  SWITCHED  2    0     -10.0      30.0

 Output completed
 Batch command complete.
 :      PTI INTERACTIVE POWER SYSTEM SIMULATOR--PSS(R)E     THU, SEP 10 2026  11:23
 SUITE_S_30BUS_PQBRAK_HIGH                                        SYSTEM SUMMARY
 STRESS: DISABLE PQ LOAD RELIEF BY RAISING PQBRAK

 ---------------------BUSES----------------------        -----GENERATION----- ----SHUNTS----- -IND MACHS- FACTS   GNE
  TOTAL  PQ<>0.  PQ=0.  PE/E   PE/Q  SWING  OTHER  LOADS PLANTS MACHNS   WIND  FIXED SWITCHED GENS MOTORS  DEVS  DEVS
     30      9     14      4      2      1      0      9      7      7      0      1      3      0      0     1     0
 ------------------AC BRANCHES------------------- 3WIND MULTI-SECTION ---DC LINES--                    AREA X------- SWING BUSES -------X
  TOTAL    RXB     RX    RXT   RX=0.    IN    OUT XFORM  LINES SECTNS 2TRM MTRM VSC AREAS ZONES OWNRS TRANS      1     SLACK_500   500.00
     33     24      3      5      1     33      0     0      0      0    1    0   0     1     5     1     0
      ----GENERATION---- INDUCTION                                       GNE
 TOTAL   SYNCHR  INDUCTN   MOTORS   PQLOAD   I LOAD   Y LOAD   SHUNTS  DEVICES CHARGING   LOSSES    SWING
 MW       284.0      0.0      0.0    280.0      0.0      0.0      0.0      0.0      0.0      3.9     29.0
 MVAR     190.7      0.0      0.0    108.0      0.0      0.0    -17.7      0.0     41.5    142.0   -400.0

 TOTAL MISMATCH =    0.19 MVA X--------- AT BUS ----------X   THRSHZ  PQBRAK BLOWUP  SBASE MXTPSS
  MAX. MISMATCH =    0.08 MVA      6     DC_RECT_500 500.00  0.000100  1.000   5.00 100.00   25
   HIGH VOLTAGE = 1.07213 PU       2     GEN_A_500   500.00   ADJTHR  ACCTAP TAPLIM SWVBND MXSWIM
   LOW  VOLTAGE = 0.98820 PU       6     DC_RECT_500 500.00   0.0050  1.0000 0.0500  100.0   10

 X------ SOLV AND MSLV ------X  X----------------- NEWTON ------------------X  X----- TYSL -----X
  ACCP  ACCQ  ACCM   TOL  ITER  ACCN  TOLN  VCTOLQ  VCTOLV ITER  DVLIM NDVFCT  ACCTY    TOL  ITER
 1.600 1.600 1.000 0.00010 100  1.00 0.1000 0.1000 0.000010  40 0.9900 0.9900  1.000 0.000010  20
     PTI INTERACTIVE POWER SYSTEM SIMULATOR--PSS(R)E     THU, SEP 10 2026  11:23
 SUITE_S_30BUS_PQBRAK_HIGH                                               WORST
 STRESS: DISABLE PQ LOAD RELIEF BY RAISING PQBRAK                     MISMATCHES
   BUS#-SCT X-- NAME --X BASKV       MW       MVAR       MVA
      6     DC_RECT_500 500.00     -0.00     -0.08      0.08
     16     STATCON_230 230.00      0.00      0.06      0.06
     13     REG_Q_230   230.00     -0.00     -0.06      0.06
     PTI INTERACTIVE POWER SYSTEM SIMULATOR--PSS(R)E     THU, SEP 10 2026  11:23
 SUITE_S_30BUS_PQBRAK_HIGH                                            RATING SET
 STRESS: DISABLE PQ LOAD RELIEF BY RAISING PQBRAK                    UTILIZATION
 RATING SET  -NAME-  X---------DESCRIPTION----------X  # NON-ZERO RATINGS
      1      RATE1   RATING SET 1                                33
      2      RATE2   RATING SET 2                                33
      3      RATE3   RATING SET 3                                33
      4      RATE4   RATING SET 4                                 1
      5      RATE5   RATING SET 5                                 1
      6      RATE6   RATING SET 6                                 1
      7      RATE7   RATING SET 7                                 1
      8      RATE8   RATING SET 8                                 1
      9      RATE9   RATING SET 9                                 1
     10      RATE10  RATING SET 10                                1
     11      RATE11  RATING SET 11                                1
     12      RATE12  RATING SET 12                                1

 Output completed
 Batch command complete.
 :      PTI INTERACTIVE POWER SYSTEM SIMULATOR--PSS(R)E     THU, SEP 10 2026  11:23
 SUITE_S_30BUS_PQBRAK_HIGH                                              BUS DATA
 STRESS: DISABLE PQ LOAD RELIEF BY RAISING PQBRAK
                                           S H U N T S                                 X--- NORMAL --X  X- EMERGENCY -X
   BUS#-SCT X-- NAME --X BASKV CODE LOADS FIXED SWITCHED  VOLT   ANGLE AREA ZONE OWNER   VMAX    VMIN     VMAX    VMIN
      1     SLACK_500   500.00   3    0     0      0    1.02000    0.0    1   10    1  1.10000 0.90000  1.10000 0.90000
      2     GEN_A_500   500.00  -2    0     0      0    1.07213   -0.4    1   10    1  1.10000 0.90000  1.10000 0.90000
      3     GEN_B_500   500.00  -2    0     0      0    1.06462   -0.4    1   10    1  1.10000 0.90000  1.10000 0.90000
      4     HUB_500     500.00   1    0     0      0    1.04875   -1.5    1   10    1  1.10000 0.90000  1.10000 0.90000
      5     REG_GEN_500 500.00   1    1     0      0    1.01480   -3.5    1   10    1  1.10000 0.90000  1.10000 0.90000
      6     DC_RECT_500 500.00   1    0     0      0    0.98820   -4.6    1   20    1  1.10000 0.90000  1.10000 0.90000
      7     DC_INV_345  345.00   1    0     0      0    1.00467   -0.3    1   20    1  1.10000 0.90000  1.10000 0.90000
      8     HUB_345     345.00   1    0     0      0    1.01002   -0.9    1   20    1  1.10000 0.90000  1.10000 0.90000
      9     INV_LOAD_345345.00   1    1     0      0    1.00418   -1.1    1   20    1  1.10000 0.90000  1.10000 0.90000
     10     GEN_345     345.00   2    0     0      0    1.01500    0.0    1   20    1  1.10000 0.90000  1.10000 0.90000
     11     HUB_230     230.00   1    0     0      0    1.02223   -3.5    1   30    1  1.10000 0.90000  1.10000 0.90000
     12     TIE_230     230.00   1    1     0      0    1.01254   -6.5    1   30    1  1.10000 0.90000  1.10000 0.90000
     13     REG_Q_230   230.00   1    1     0      0    1.01500   -7.7    1   30    1  1.10000 0.90000  1.10000 0.90000
     14     SHUNT_A_230 230.00   1    0     0      1    1.01530   -7.7    1   30    1  1.10000 0.90000  1.10000 0.90000
     15     SHUNT_B_230 230.00   1    0     0      1    1.01530   -7.7    1   30    1  1.10000 0.90000  1.10000 0.90000
     16     STATCON_230 230.00   1    0     0      0    1.02079   -8.2    1   30    1  1.10000 0.90000  1.10000 0.90000
     17     LOAD_230    230.00   1    1     1      0    1.01769   -8.7    1   30    1  1.10000 0.90000  1.10000 0.90000
     18     XF_A_HV_230 230.00   1    0     0      0    1.01324   -6.7    1   40    1  1.10000 0.90000  1.10000 0.90000
     19     XF_A_LV_115 115.00   1    0     0      0    1.01432   -6.9    1   40    1  1.10000 0.90000  1.10000 0.90000
     20     LOAD_A_115  115.00   1    1     0      0    1.00523   -7.9    1   40    1  1.10000 0.90000  1.10000 0.90000
     21     GEN_AUX_13  13.800   2    0     0      0    1.02500   -6.1    1   40    1  1.10000 0.90000  1.10000 0.90000
     22     XF_B_HV_230 230.00   1    0     0      0    1.01471   -7.7    1   40    1  1.10000 0.90000  1.10000 0.90000
     23     XF_B_LV_132 132.00   1    0     0      0    1.01363   -7.7    1   40    1  1.10000 0.90000  1.10000 0.90000
     24     LOAD_B_132  132.00   1    1     0      0    1.01280   -7.7    1   40    1  1.10000 0.90000  1.10000 0.90000
     25     GEN_B_132   132.00   2    0     0      0    1.02000   -6.9    1   40    1  1.10000 0.90000  1.10000 0.90000
     26     SWD_FROM_230230.00   1    0     0      0    1.00725   -7.4    1   50    1  1.10000 0.90000  1.10000 0.90000
     27     SWD_LOAD_230230.00   1    1     0      0    1.00725   -7.4    1   50    1  1.10000 0.90000  1.10000 0.90000
     28     CSHUNT_230  230.00   1    0     0      1    1.00610   -7.9    1   50    1  1.10000 0.90000  1.10000 0.90000
     29     PQB_MOD_230 230.00   1    1     0      0    1.01044   -8.3    1   50    1  1.10000 0.90000  1.10000 0.90000
     30     END_GEN_230 230.00   2    0     0      0    1.02000   -8.0    1   50    1  1.10000 0.90000  1.10000 0.90000

 Output completed
 Batch command complete.
 :      PTI INTERACTIVE POWER SYSTEM SIMULATOR--PSS(R)E     THU, SEP 10 2026  11:23
 SUITE_S_30BUS_PQBRAK_HIGH                                             SWITCHED
 STRESS: DISABLE PQ LOAD RELIEF BY RAISING PQBRAK                     SHUNT DATA
                                   S ADJ                                                                       X-------- REGULATED BUS ---------X X--FACTS/--X
   BUS#-SCT X-- NAME --X BASKV MOD T METH VHI    VLO     SHUNT  X-------X X-------X X-------X X-------X  PCT Q   BUS#-SCT X-- NAME --X BASKV NODE X-VSC NAME-X
     14     SHUNT_A_230 230.00  1  1  0 1.0200 1.0000     0.00  3:   5.00                                 50.0     13     REG_Q_230   230.00    0
     15     SHUNT_B_230 230.00  1  1  0 1.0200 1.0000     0.00  3:   5.00                                 50.0     13     REG_Q_230   230.00    0
     28     CSHUNT_230  230.00  2  1  0 1.0100 1.0100   -10.00  1: -10.00 1:  30.00                      100.0     29     PQB_MOD_230 230.00    0

 Output completed
 Batch command complete.
 :      PTI INTERACTIVE POWER SYSTEM SIMULATOR--PSS(R)E     THU, SEP 10 2026  11:23
 SUITE_S_30BUS_PQBRAK_HIGH                                            GENERATING
 STRESS: DISABLE PQ LOAD RELIEF BY RAISING PQBRAK                     PLANT DATA
                                                                                       X-------- REGULATED BUS ---------X
   BUS#-SCT X-- NAME --X BASKV COD MCNS PGEN   QGEN   QMAX   QMIN VSCHED  VACT.  PCT Q   BUS#-SCT X-- NAME --X BASKV NODE
      1     SLACK_500   500.00  3   1   29.0 -400.0  600.0 -600.0 1.0200 1.0200  100.0      1     SLACK_500   500.00    0
      2     GEN_A_500   500.00 -2   1   70.0  300.0  300.0 -100.0 1.0200 1.0148   60.0      5     REG_GEN_500 500.00    0
      3     GEN_B_500   500.00 -2   1   60.0  240.0  240.0  -80.0 1.0200 1.0148   40.0      5     REG_GEN_500 500.00    0
     10     GEN_345     345.00  2   1   45.0    8.6   90.0  -40.0 1.0150 1.0150  100.0     10     GEN_345     345.00    0
     21     GEN_AUX_13  13.800  2   1   20.0   12.3   35.0  -15.0 1.0250 1.0250  100.0     21     GEN_AUX_13  13.800    0
     25     GEN_B_132   132.00  2   1   30.0   11.3   60.0  -30.0 1.0200 1.0200  100.0     25     GEN_B_132   132.00    0
     30     END_GEN_230 230.00  2   1   30.0   18.5   50.0  -25.0 1.0200 1.0200  100.0     30     END_GEN_230 230.00    0

 Output completed
 Batch command complete.
 :      PTI INTERACTIVE POWER SYSTEM SIMULATOR--PSS(R)E     THU, SEP 10 2026  11:23
 SUITE_S_30BUS_PQBRAK_HIGH                                             GENERATOR
 STRESS: DISABLE PQ LOAD RELIEF BY RAISING PQBRAK                      UNIT DATA
   BUS#-SCT X-- NAME --X BASKV CD ID ST  PGEN   QGEN   QMAX   QMIN   PMAX   PMIN  OWN FRACT  OWN FRACT  MBASE  Z S O R C E    X T R A N    GENTAP WMOD  WPF
      1     SLACK_500   500.00  3 1  1   29.0 -400.0  600.0 -600.0  500.0 -100.0    1 1.000             100.0 0.0000 1.0000
      2     GEN_A_500   500.00 -2 1  1   70.0  300.0  300.0 -100.0  180.0    0.0    1 1.000             100.0 0.0000 1.0000
      3     GEN_B_500   500.00 -2 1  1   60.0  240.0  240.0  -80.0  160.0    0.0    1 1.000             100.0 0.0000 1.0000
     10     GEN_345     345.00  2 1  1   45.0    8.6   90.0  -40.0  120.0    0.0    1 1.000             100.0 0.0000 1.0000
     21     GEN_AUX_13  13.800  2 1  1   20.0   12.3   35.0  -15.0   50.0    0.0    1 1.000             100.0 0.0000 1.0000
     25     GEN_B_132   132.00  2 1  1   30.0   11.3   60.0  -30.0   80.0    0.0    1 1.000             100.0 0.0000 1.0000
     30     END_GEN_230 230.00  2 1  1   30.0   18.5   50.0  -25.0   80.0    0.0    1 1.000             100.0 0.0000 1.0000

 Output completed
 Batch command complete.
 :      PTI INTERACTIVE POWER SYSTEM SIMULATOR--PSS(R)E     THU, SEP 10 2026  11:23
 SUITE_S_30BUS_PQBRAK_HIGH                                           BRANCH DATA
 STRESS: DISABLE PQ LOAD RELIEF BY RAISING PQBRAK
 X-------- FROM BUS ---------X  X--------- TO BUS ----------X                                Z S
   BUS#-SCT X-- NAME --X BASKV    BUS#-SCT X-- NAME --X BASKV CKT   R (PU)   X (PU)   B (PU) I T  RATE1  RATE2  RATE3  RATE4  RATE5  RATE6  RATE7  RATE8  RATE9 RATE10 RATE11 RATE12 LENGTH OWN1 FRAC1 OWN2 FRAC2 OWN3 FRAC3 OWN4 FRAC4
      1     SLACK_500   500.00*      2     GEN_A_500   500.00  1   0.00200  0.02500  0.03000   1  600.0  600.0  600.0    0.0    0.0    0.0    0.0    0.0    0.0    0.0    0.0    0.0   50.0    1 1.000
      1     SLACK_500   500.00*      3     GEN_B_500   500.00  1   0.00200  0.02500  0.03000   1  600.0  600.0  600.0    0.0    0.0    0.0    0.0    0.0    0.0    0.0    0.0    0.0   50.0    1 1.000
      2     GEN_A_500   500.00*      4     HUB_500     500.00  1   0.00200  0.03000  0.03000   1  550.0  550.0  550.0    0.0    0.0    0.0    0.0    0.0    0.0    0.0    0.0    0.0   40.0    1 1.000
      3     GEN_B_500   500.00*      4     HUB_500     500.00  1   0.00200  0.03000  0.03000   1  550.0  550.0  550.0    0.0    0.0    0.0    0.0    0.0    0.0    0.0    0.0    0.0   40.0    1 1.000
      4     HUB_500     500.00*      5     REG_GEN_500 500.00  1   0.00250  0.03500  0.02500   1  500.0  500.0  500.0    0.0    0.0    0.0    0.0    0.0    0.0    0.0    0.0    0.0   35.0    1 1.000
      5     REG_GEN_500 500.00*      6     DC_RECT_500 500.00  1   0.00250  0.03500  0.02500   1  500.0  500.0  500.0    0.0    0.0    0.0    0.0    0.0    0.0    0.0    0.0    0.0   35.0    1 1.000
      7     DC_INV_345  345.00*      8     HUB_345     345.00  1   0.00300  0.04000  0.02000   1  400.0  400.0  400.0    0.0    0.0    0.0    0.0    0.0    0.0    0.0    0.0    0.0   30.0    1 1.000
      7     DC_INV_345  345.00*      9     INV_LOAD_345345.00  1   0.00400  0.05000  0.01500   1  300.0  300.0  300.0    0.0    0.0    0.0    0.0    0.0    0.0    0.0    0.0    0.0   20.0    1 1.000
      8     HUB_345     345.00*      9     INV_LOAD_345345.00  1   0.00300  0.04000  0.02000   1  300.0  300.0  300.0    0.0    0.0    0.0    0.0    0.0    0.0    0.0    0.0    0.0   20.0    1 1.000
      8     HUB_345     345.00*     10     GEN_345     345.00  1   0.00300  0.04000  0.02000   1  300.0  300.0  300.0    0.0    0.0    0.0    0.0    0.0    0.0    0.0    0.0    0.0   20.0    1 1.000
     11     HUB_230     230.00*     12     TIE_230     230.00  1   0.00500  0.05000  0.01500   1  300.0  300.0  300.0    0.0    0.0    0.0    0.0    0.0    0.0    0.0    0.0    0.0   20.0    1 1.000
     12     TIE_230     230.00*     13     REG_Q_230   230.00  1   0.00500  0.05000  0.01500   1  300.0  300.0  300.0    0.0    0.0    0.0    0.0    0.0    0.0    0.0    0.0    0.0   20.0    1 1.000
     12     TIE_230     230.00*     18     XF_A_HV_230 230.00  1   0.00600  0.05000  0.01000   1  250.0  250.0  250.0    0.0    0.0    0.0    0.0    0.0    0.0    0.0    0.0    0.0   15.0    1 1.000
     12     TIE_230     230.00*     26     SWD_FROM_230230.00  1   0.00600  0.05000  0.01000   1  250.0  250.0  250.0    0.0    0.0    0.0    0.0    0.0    0.0    0.0    0.0    0.0   15.0    1 1.000
     13     REG_Q_230   230.00*     14     SHUNT_A_230 230.00  1   0.00600  0.06000  0.01000   1  250.0  250.0  250.0    0.0    0.0    0.0    0.0    0.0    0.0    0.0    0.0    0.0   15.0    1 1.000
     13     REG_Q_230   230.00*     15     SHUNT_B_230 230.00  1   0.00600  0.06000  0.01000   1  250.0  250.0  250.0    0.0    0.0    0.0    0.0    0.0    0.0    0.0    0.0    0.0   15.0    1 1.000
     13     REG_Q_230   230.00*     16     STATCON_230 230.00  1   0.00400  0.04000  0.01000   1  250.0  250.0  250.0    0.0    0.0    0.0    0.0    0.0    0.0    0.0    0.0    0.0   10.0    1 1.000
     13     REG_Q_230   230.00*     22     XF_B_HV_230 230.00  1   0.00600  0.05000  0.01000   1  250.0  250.0  250.0    0.0    0.0    0.0    0.0    0.0    0.0    0.0    0.0    0.0   15.0    1 1.000
     16     STATCON_230 230.00*     17     LOAD_230    230.00  1   0.00600  0.06000  0.01000   1  250.0  250.0  250.0    0.0    0.0    0.0    0.0    0.0    0.0    0.0    0.0    0.0   15.0    1 1.000
     17     LOAD_230    230.00*     30     END_GEN_230 230.00  1   0.00800  0.07000  0.01000   1  180.0  180.0  180.0    0.0    0.0    0.0    0.0    0.0    0.0    0.0    0.0    0.0   20.0    1 1.000
     19     XF_A_LV_115 115.00*     20     LOAD_A_115  115.00  1   0.00800  0.07000  0.00000   1  120.0  120.0  120.0    0.0    0.0    0.0    0.0    0.0    0.0    0.0    0.0    0.0    5.0    1 1.000
     23     XF_B_LV_132 132.00*     24     LOAD_B_132  132.00  1   0.00800  0.07000  0.00000   1  150.0  150.0  150.0    0.0    0.0    0.0    0.0    0.0    0.0    0.0    0.0    0.0    5.0    1 1.000
     24     LOAD_B_132  132.00*     25     GEN_B_132   132.00  1   0.00600  0.05000  0.00000   1  150.0  150.0  150.0    0.0    0.0    0.0    0.0    0.0    0.0    0.0    0.0    0.0    5.0    1 1.000
     26     SWD_FROM_230230.00*     27     SWD_LOAD_230230.00  1   0.00800  0.07000  0.01000   1  150.0  150.0  150.0    0.0    0.0    0.0    0.0    0.0    0.0    0.0    0.0    0.0   10.0    1 1.000
     26     SWD_FROM_230230.00      27     SWD_LOAD_230230.00* @1  0.00000  0.00010  0.00000 Z 1  150.0  150.0  150.0  150.0  150.0  150.0  150.0  150.0  150.0  150.0  150.0  150.0    0.0    1 1.000
     27     SWD_LOAD_230230.00*     28     CSHUNT_230  230.00  1   0.00700  0.06000  0.01000   1  150.0  150.0  150.0    0.0    0.0    0.0    0.0    0.0    0.0    0.0    0.0    0.0   10.0    1 1.000
     28     CSHUNT_230  230.00*     29     PQB_MOD_230 230.00  1   0.00700  0.06000  0.01000   1  150.0  150.0  150.0    0.0    0.0    0.0    0.0    0.0    0.0    0.0    0.0    0.0   10.0    1 1.000
     29     PQB_MOD_230 230.00*     30     END_GEN_230 230.00  1   0.00600  0.05000  0.01000   1  180.0  180.0  180.0    0.0    0.0    0.0    0.0    0.0    0.0    0.0    0.0    0.0   10.0    1 1.000

 Output completed
 Batch command complete.
 :      PTI INTERACTIVE POWER SYSTEM SIMULATOR--PSS(R)E     THU, SEP 10 2026  11:23
 SUITE_S_30BUS_PQBRAK_HIGH                                           BRANCH DATA
 STRESS: DISABLE PQ LOAD RELIEF BY RAISING PQBRAK
 X-------- FROM BUS ---------X  X--------- TO BUS ----------X                                Z S
   BUS#-SCT X-- NAME --X BASKV    BUS#-SCT X-- NAME --X BASKV CKT   R (PU)   X (PU)   B (PU) I T  RATE1  RATE2  RATE3  RATE4  RATE5  RATE6  RATE7  RATE8  RATE9 RATE10 RATE11 RATE12 LENGTH OWN1 FRAC1 OWN2 FRAC2 OWN3 FRAC3 OWN4 FRAC4
      1     SLACK_500   500.00*      2     GEN_A_500   500.00  1   0.00200  0.02500  0.03000   1  600.0  600.0  600.0    0.0    0.0    0.0    0.0    0.0    0.0    0.0    0.0    0.0   50.0    1 1.000
      1     SLACK_500   500.00*      3     GEN_B_500   500.00  1   0.00200  0.02500  0.03000   1  600.0  600.0  600.0    0.0    0.0    0.0    0.0    0.0    0.0    0.0    0.0    0.0   50.0    1 1.000
      2     GEN_A_500   500.00       1     SLACK_500   500.00* 1   0.00200  0.02500  0.03000   1  600.0  600.0  600.0    0.0    0.0    0.0    0.0    0.0    0.0    0.0    0.0    0.0   50.0    1 1.000
      2     GEN_A_500   500.00*      4     HUB_500     500.00  1   0.00200  0.03000  0.03000   1  550.0  550.0  550.0    0.0    0.0    0.0    0.0    0.0    0.0    0.0    0.0    0.0   40.0    1 1.000
      3     GEN_B_500   500.00       1     SLACK_500   500.00* 1   0.00200  0.02500  0.03000   1  600.0  600.0  600.0    0.0    0.0    0.0    0.0    0.0    0.0    0.0    0.0    0.0   50.0    1 1.000
      3     GEN_B_500   500.00*      4     HUB_500     500.00  1   0.00200  0.03000  0.03000   1  550.0  550.0  550.0    0.0    0.0    0.0    0.0    0.0    0.0    0.0    0.0    0.0   40.0    1 1.000
      4     HUB_500     500.00       2     GEN_A_500   500.00* 1   0.00200  0.03000  0.03000   1  550.0  550.0  550.0    0.0    0.0    0.0    0.0    0.0    0.0    0.0    0.0    0.0   40.0    1 1.000
      4     HUB_500     500.00       3     GEN_B_500   500.00* 1   0.00200  0.03000  0.03000   1  550.0  550.0  550.0    0.0    0.0    0.0    0.0    0.0    0.0    0.0    0.0    0.0   40.0    1 1.000
      4     HUB_500     500.00*      5     REG_GEN_500 500.00  1   0.00250  0.03500  0.02500   1  500.0  500.0  500.0    0.0    0.0    0.0    0.0    0.0    0.0    0.0    0.0    0.0   35.0    1 1.000
      5     REG_GEN_500 500.00       4     HUB_500     500.00* 1   0.00250  0.03500  0.02500   1  500.0  500.0  500.0    0.0    0.0    0.0    0.0    0.0    0.0    0.0    0.0    0.0   35.0    1 1.000
      5     REG_GEN_500 500.00*      6     DC_RECT_500 500.00  1   0.00250  0.03500  0.02500   1  500.0  500.0  500.0    0.0    0.0    0.0    0.0    0.0    0.0    0.0    0.0    0.0   35.0    1 1.000
      6     DC_RECT_500 500.00       5     REG_GEN_500 500.00* 1   0.00250  0.03500  0.02500   1  500.0  500.0  500.0    0.0    0.0    0.0    0.0    0.0    0.0    0.0    0.0    0.0   35.0    1 1.000
      7     DC_INV_345  345.00*      8     HUB_345     345.00  1   0.00300  0.04000  0.02000   1  400.0  400.0  400.0    0.0    0.0    0.0    0.0    0.0    0.0    0.0    0.0    0.0   30.0    1 1.000
      7     DC_INV_345  345.00*      9     INV_LOAD_345345.00  1   0.00400  0.05000  0.01500   1  300.0  300.0  300.0    0.0    0.0    0.0    0.0    0.0    0.0    0.0    0.0    0.0   20.0    1 1.000
      8     HUB_345     345.00       7     DC_INV_345  345.00* 1   0.00300  0.04000  0.02000   1  400.0  400.0  400.0    0.0    0.0    0.0    0.0    0.0    0.0    0.0    0.0    0.0   30.0    1 1.000
      8     HUB_345     345.00*      9     INV_LOAD_345345.00  1   0.00300  0.04000  0.02000   1  300.0  300.0  300.0    0.0    0.0    0.0    0.0    0.0    0.0    0.0    0.0    0.0   20.0    1 1.000
      8     HUB_345     345.00*     10     GEN_345     345.00  1   0.00300  0.04000  0.02000   1  300.0  300.0  300.0    0.0    0.0    0.0    0.0    0.0    0.0    0.0    0.0    0.0   20.0    1 1.000
      9     INV_LOAD_345345.00       7     DC_INV_345  345.00* 1   0.00400  0.05000  0.01500   1  300.0  300.0  300.0    0.0    0.0    0.0    0.0    0.0    0.0    0.0    0.0    0.0   20.0    1 1.000
      9     INV_LOAD_345345.00       8     HUB_345     345.00* 1   0.00300  0.04000  0.02000   1  300.0  300.0  300.0    0.0    0.0    0.0    0.0    0.0    0.0    0.0    0.0    0.0   20.0    1 1.000
     10     GEN_345     345.00       8     HUB_345     345.00* 1   0.00300  0.04000  0.02000   1  300.0  300.0  300.0    0.0    0.0    0.0    0.0    0.0    0.0    0.0    0.0    0.0   20.0    1 1.000
     11     HUB_230     230.00*     12     TIE_230     230.00  1   0.00500  0.05000  0.01500   1  300.0  300.0  300.0    0.0    0.0    0.0    0.0    0.0    0.0    0.0    0.0    0.0   20.0    1 1.000
     12     TIE_230     230.00      11     HUB_230     230.00* 1   0.00500  0.05000  0.01500   1  300.0  300.0  300.0    0.0    0.0    0.0    0.0    0.0    0.0    0.0    0.0    0.0   20.0    1 1.000
     12     TIE_230     230.00*     13     REG_Q_230   230.00  1   0.00500  0.05000  0.01500   1  300.0  300.0  300.0    0.0    0.0    0.0    0.0    0.0    0.0    0.0    0.0    0.0   20.0    1 1.000
     12     TIE_230     230.00*     18     XF_A_HV_230 230.00  1   0.00600  0.05000  0.01000   1  250.0  250.0  250.0    0.0    0.0    0.0    0.0    0.0    0.0    0.0    0.0    0.0   15.0    1 1.000
     12     TIE_230     230.00*     26     SWD_FROM_230230.00  1   0.00600  0.05000  0.01000   1  250.0  250.0  250.0    0.0    0.0    0.0    0.0    0.0    0.0    0.0    0.0    0.0   15.0    1 1.000
     13     REG_Q_230   230.00      12     TIE_230     230.00* 1   0.00500  0.05000  0.01500   1  300.0  300.0  300.0    0.0    0.0    0.0    0.0    0.0    0.0    0.0    0.0    0.0   20.0    1 1.000
     13     REG_Q_230   230.00*     14     SHUNT_A_230 230.00  1   0.00600  0.06000  0.01000   1  250.0  250.0  250.0    0.0    0.0    0.0    0.0    0.0    0.0    0.0    0.0    0.0   15.0    1 1.000
     13     REG_Q_230   230.00*     15     SHUNT_B_230 230.00  1   0.00600  0.06000  0.01000   1  250.0  250.0  250.0    0.0    0.0    0.0    0.0    0.0    0.0    0.0    0.0    0.0   15.0    1 1.000
     13     REG_Q_230   230.00*     16     STATCON_230 230.00  1   0.00400  0.04000  0.01000   1  250.0  250.0  250.0    0.0    0.0    0.0    0.0    0.0    0.0    0.0    0.0    0.0   10.0    1 1.000
     13     REG_Q_230   230.00*     22     XF_B_HV_230 230.00  1   0.00600  0.05000  0.01000   1  250.0  250.0  250.0    0.0    0.0    0.0    0.0    0.0    0.0    0.0    0.0    0.0   15.0    1 1.000
     14     SHUNT_A_230 230.00      13     REG_Q_230   230.00* 1   0.00600  0.06000  0.01000   1  250.0  250.0  250.0    0.0    0.0    0.0    0.0    0.0    0.0    0.0    0.0    0.0   15.0    1 1.000
     15     SHUNT_B_230 230.00      13     REG_Q_230   230.00* 1   0.00600  0.06000  0.01000   1  250.0  250.0  250.0    0.0    0.0    0.0    0.0    0.0    0.0    0.0    0.0    0.0   15.0    1 1.000
     16     STATCON_230 230.00      13     REG_Q_230   230.00* 1   0.00400  0.04000  0.01000   1  250.0  250.0  250.0    0.0    0.0    0.0    0.0    0.0    0.0    0.0    0.0    0.0   10.0    1 1.000
     16     STATCON_230 230.00*     17     LOAD_230    230.00  1   0.00600  0.06000  0.01000   1  250.0  250.0  250.0    0.0    0.0    0.0    0.0    0.0    0.0    0.0    0.0    0.0   15.0    1 1.000
     17     LOAD_230    230.00      16     STATCON_230 230.00* 1   0.00600  0.06000  0.01000   1  250.0  250.0  250.0    0.0    0.0    0.0    0.0    0.0    0.0    0.0    0.0    0.0   15.0    1 1.000
     17     LOAD_230    230.00*     30     END_GEN_230 230.00  1   0.00800  0.07000  0.01000   1  180.0  180.0  180.0    0.0    0.0    0.0    0.0    0.0    0.0    0.0    0.0    0.0   20.0    1 1.000
     18     XF_A_HV_230 230.00      12     TIE_230     230.00* 1   0.00600  0.05000  0.01000   1  250.0  250.0  250.0    0.0    0.0    0.0    0.0    0.0    0.0    0.0    0.0    0.0   15.0    1 1.000
     19     XF_A_LV_115 115.00*     20     LOAD_A_115  115.00  1   0.00800  0.07000  0.00000   1  120.0  120.0  120.0    0.0    0.0    0.0    0.0    0.0    0.0    0.0    0.0    0.0    5.0    1 1.000
     20     LOAD_A_115  115.00      19     XF_A_LV_115 115.00* 1   0.00800  0.07000  0.00000   1  120.0  120.0  120.0    0.0    0.0    0.0    0.0    0.0    0.0    0.0    0.0    0.0    5.0    1 1.000
     22     XF_B_HV_230 230.00      13     REG_Q_230   230.00* 1   0.00600  0.05000  0.01000   1  250.0  250.0  250.0    0.0    0.0    0.0    0.0    0.0    0.0    0.0    0.0    0.0   15.0    1 1.000
     23     XF_B_LV_132 132.00*     24     LOAD_B_132  132.00  1   0.00800  0.07000  0.00000   1  150.0  150.0  150.0    0.0    0.0    0.0    0.0    0.0    0.0    0.0    0.0    0.0    5.0    1 1.000
     24     LOAD_B_132  132.00      23     XF_B_LV_132 132.00* 1   0.00800  0.07000  0.00000   1  150.0  150.0  150.0    0.0    0.0    0.0    0.0    0.0    0.0    0.0    0.0    0.0    5.0    1 1.000
     24     LOAD_B_132  132.00*     25     GEN_B_132   132.00  1   0.00600  0.05000  0.00000   1  150.0  150.0  150.0    0.0    0.0    0.0    0.0    0.0    0.0    0.0    0.0    0.0    5.0    1 1.000
     25     GEN_B_132   132.00      24     LOAD_B_132  132.00* 1   0.00600  0.05000  0.00000   1  150.0  150.0  150.0    0.0    0.0    0.0    0.0    0.0    0.0    0.0    0.0    0.0    5.0    1 1.000
     26     SWD_FROM_230230.00      12     TIE_230     230.00* 1   0.00600  0.05000  0.01000   1  250.0  250.0  250.0    0.0    0.0    0.0    0.0    0.0    0.0    0.0    0.0    0.0   15.0    1 1.000
     26     SWD_FROM_230230.00*     27     SWD_LOAD_230230.00  1   0.00800  0.07000  0.01000   1  150.0  150.0  150.0    0.0    0.0    0.0    0.0    0.0    0.0    0.0    0.0    0.0   10.0    1 1.000
     26     SWD_FROM_230230.00      27     SWD_LOAD_230230.00* @1  0.00000  0.00010  0.00000 Z 1  150.0  150.0  150.0  150.0  150.0  150.0  150.0  150.0  150.0  150.0  150.0  150.0    0.0    1 1.000
     27     SWD_LOAD_230230.00      26     SWD_FROM_230230.00* 1   0.00800  0.07000  0.01000   1  150.0  150.0  150.0    0.0    0.0    0.0    0.0    0.0    0.0    0.0    0.0    0.0   10.0    1 1.000
     27     SWD_LOAD_230230.00*     26     SWD_FROM_230230.00  @1  0.00000  0.00010  0.00000 Z 1  150.0  150.0  150.0  150.0  150.0  150.0  150.0  150.0  150.0  150.0  150.0  150.0    0.0    1 1.000
     27     SWD_LOAD_230230.00*     28     CSHUNT_230  230.00  1   0.00700  0.06000  0.01000   1  150.0  150.0  150.0    0.0    0.0    0.0    0.0    0.0    0.0    0.0    0.0    0.0   10.0    1 1.000
     28     CSHUNT_230  230.00      27     SWD_LOAD_230230.00* 1   0.00700  0.06000  0.01000   1  150.0  150.0  150.0    0.0    0.0    0.0    0.0    0.0    0.0    0.0    0.0    0.0   10.0    1 1.000
     28     CSHUNT_230  230.00*     29     PQB_MOD_230 230.00  1   0.00700  0.06000  0.01000   1  150.0  150.0  150.0    0.0    0.0    0.0    0.0    0.0    0.0    0.0    0.0    0.0   10.0    1 1.000
     29     PQB_MOD_230 230.00      28     CSHUNT_230  230.00* 1   0.00700  0.06000  0.01000   1  150.0  150.0  150.0    0.0    0.0    0.0    0.0    0.0    0.0    0.0    0.0    0.0   10.0    1 1.000
     29     PQB_MOD_230 230.00*     30     END_GEN_230 230.00  1   0.00600  0.05000  0.01000   1  180.0  180.0  180.0    0.0    0.0    0.0    0.0    0.0    0.0    0.0    0.0    0.0   10.0    1 1.000
     30     END_GEN_230 230.00      17     LOAD_230    230.00* 1   0.00800  0.07000  0.01000   1  180.0  180.0  180.0    0.0    0.0    0.0    0.0    0.0    0.0    0.0    0.0    0.0   20.0    1 1.000
     30     END_GEN_230 230.00      29     PQB_MOD_230 230.00* 1   0.00600  0.05000  0.01000   1  180.0  180.0  180.0    0.0    0.0    0.0    0.0    0.0    0.0    0.0    0.0    0.0   10.0    1 1.000

 Output completed
 Batch command complete.
 :      PTI INTERACTIVE POWER SYSTEM SIMULATOR--PSS(R)E     THU, SEP 10 2026  11:23
 SUITE_S_30BUS_PQBRAK_HIGH                                          TWO-TERMINAL
 STRESS: DISABLE PQ LOAD RELIEF BY RAISING PQBRAK                   DC LINE DATA
 X-- NAME --X MDC   RDC    RCOMP   DELTI SETVAL VSCHED DCVMIN VCMODE DCAMPS  VCOMP METER CCC_ITMAX CCC_ACC
 DC30          1   5.000   5.000  0.1000   60.0  400.0    0.0  360.0   43.7 1371.4  RECT   100    1.00000

      BUS#-SCT X-- NAME --X BASKV  ALF/GAM    MIN     MAX     PAC     QAC     VDC NB  EBASE RC-OHMS XC-OHMS XCCC-OHMS  TR
 R:      6     DC_RECT_500 500.00   50.01   12.50   17.50    60.0    71.6  1371.4  4  500.0  0.000   5.000   0.000  1.00000
 I:      7     DC_INV_345  345.00   17.00   17.00   17.00   -60.0    18.5  1371.2  4  345.0  0.000   5.000   0.000  1.00000

                                    X-------- MEASURING BUS ---------X X----- WINDING 1 SIDE ------X X----- WINDING 2 SIDE ------X
      TAP    TAPMIN  TAPMAX  TAPSTP   BUS#-SCT X-- NAME --X BASKV NODE   BUS#-SCT X-- NAME --X BASKV   BUS#-SCT X-- NAME --X BASKV CKT  RATIO
 R: 1.25000 0.92500 1.25000 0.01250      0                           0
 I: 1.30500 0.96600 1.30500 0.01250      0                           0

 Output completed
 Batch command complete.
 :      PTI INTERACTIVE POWER SYSTEM SIMULATOR--PSS(R)E     THU, SEP 10 2026  11:23
 SUITE_S_30BUS_PQBRAK_HIGH                                             LOAD DATA
 STRESS: DISABLE PQ LOAD RELIEF BY RAISING PQBRAK
   BUS#-SCT X-- NAME --X BASKV ID CD ST   PSI     MVA-LOAD      CUR-LOAD      Y - LOAD  AREA ZONE OWNER SCALE INTRPT     DGEN-MVA  DGEN-FLAG
      5     REG_GEN_500 500.00 1   1 1  1.000   50.0   18.0    0.0    0.0    0.0    0.0    1   10    1   YES     NO     0.0    0.0     OFF
      9     INV_LOAD_345345.00 1   1 1  1.000   40.0   14.0    0.0    0.0    0.0    0.0    1   20    1   YES     NO     0.0    0.0     OFF
     12     TIE_230     230.00 1   1 1  1.000   30.0   12.0    0.0    0.0    0.0    0.0    1   30    1   YES     NO     0.0    0.0     OFF
     13     REG_Q_230   230.00 1   1 1  1.000   25.0   10.0    0.0    0.0    0.0    0.0    1   30    1   YES     NO     0.0    0.0     OFF
     17     LOAD_230    230.00 1   1 1  1.000   35.0   14.0    0.0    0.0    0.0    0.0    1   30    1   YES     NO     0.0    0.0     OFF
     20     LOAD_A_115  115.00 1   1 1  1.000   25.0   10.0    0.0    0.0    0.0    0.0    1   40    1   YES     NO     0.0    0.0     OFF
     24     LOAD_B_132  132.00 1   1 1  1.000   30.0   12.0    0.0    0.0    0.0    0.0    1   40    1   YES     NO     0.0    0.0     OFF
     27     SWD_LOAD_230230.00 1   1 1  1.000   20.0    8.0    0.0    0.0    0.0    0.0    1   50    1   YES     NO     0.0    0.0     OFF
     29     PQB_MOD_230 230.00 1   1 1  1.000   25.0   10.0    0.0    0.0    0.0    0.0    1   50    1   YES     NO     0.0    0.0     OFF

 Output completed
 Batch command complete.
 :      PTI INTERACTIVE POWER SYSTEM SIMULATOR--PSS(R)E     THU, SEP 10 2026  11:23
 SUITE_S_30BUS_PQBRAK_HIGH                                         FACTS SENDING
 STRESS: DISABLE PQ LOAD RELIEF BY RAISING PQBRAK                     END DATA
 X- DEVICE -X X------- SENDING BUS -------X X------ TERMINAL BUS -------X                                         X-------- REGULATED BUS ---------X X- MASTER -X
 X-- NAME --X   BUS#-SCT X-- NAME --X BASKV   BUS#-SCT X-- NAME --X BASKV MODE  V SET SHNTMX  PCT Q  BRDGMX OWNER   BUS#-SCT X-- NAME --X BASKV NODE X-- NAME --X
 STATCON30        16     STATCON_230 230.00                                 1  1.0150   60.0  100.0     0.0     1     13     REG_Q_230   230.00    0

 Output completed
 Batch command complete.
 :      PTI INTERACTIVE POWER SYSTEM SIMULATOR--PSS(R)E     THU, SEP 10 2026  11:23
 SUITE_S_30BUS_PQBRAK_HIGH                                        FACTS TERMINAL
 STRESS: DISABLE PQ LOAD RELIEF BY RAISING PQBRAK                    END DATA
 X- DEVICE -X X------- SENDING BUS -------X X------ TERMINAL BUS -------X
 X-- NAME --X   BUS#-SCT X-- NAME --X BASKV   BUS#-SCT X-- NAME --X BASKV MODE  PDES   QDES  VTMAX  VTMIN  VSMAX ISMAX  LINE X VSREF   SET1     SET2
 STATCON30        16     STATCON_230 230.00                                 1    0.0    0.0 1.1000 0.9000 1.0000   0.0 0.05000   0

 Output completed
 Batch command complete.
 :      PTI INTERACTIVE POWER SYSTEM SIMULATOR--PSS(R)E     THU, SEP 10 2026  11:23
 SUITE_S_30BUS_PQBRAK_HIGH                                               FIXED
 STRESS: DISABLE PQ LOAD RELIEF BY RAISING PQBRAK                     SHUNT DATA
   BUS#-SCT X-- NAME --X BASKV ID CODE STAT       S H U N T
     17     LOAD_230    230.00 1    1    1      0.0      8.0

 Output completed
 Batch command complete.
 :      PTI INTERACTIVE POWER SYSTEM SIMULATOR--PSS(R)E     THU, SEP 10 2026  11:23
 SUITE_S_30BUS_PQBRAK_HIGH                                           AREA TOTALS
 STRESS: DISABLE PQ LOAD RELIEF BY RAISING PQBRAK                     IN MW/MVAR
                 FROM ---ASSIGNED TO THE AREA---              TO                               -NET INTERCHANGE-
                GENE- FROM IND   TO IND       TO   TO BUS  GNE BUS  TO LINE     FROM     TO     TO TIE  TO TIES  DESIRED
 X-- AREA --X  RATION GENERATN   MOTORS     LOAD    SHUNT  DEVICES    SHUNT CHARGING   LOSSES    LINES  + LOADS  NET INT

    1           284.0      0.0      0.0    280.0      0.0      0.0      0.0      0.0      3.9      0.0      0.0      0.0
 AREA1          190.7      0.0      0.0    108.0    -17.4      0.0     -0.4     41.5    142.0      0.0      0.0

 COLUMN         284.0      0.0      0.0    280.0      0.0      0.0      0.0      0.0      3.9      0.0      0.0      0.0
 TOTALS         190.7      0.0      0.0    108.0    -17.4      0.0     -0.4     41.5    142.0      0.0      0.0

 Output completed
 Batch command complete.
 :      PTI INTERACTIVE POWER SYSTEM SIMULATOR--PSS(R)E     THU, SEP 10 2026  11:23
 SUITE_S_30BUS_PQBRAK_HIGH                                           ZONE TOTALS
 STRESS: DISABLE PQ LOAD RELIEF BY RAISING PQBRAK                     IN MW/MVAR
                 FROM ---ASSIGNED TO THE ZONE---              TO                               -NET INTERCHANGE-
                GENE- FROM IND   TO IND       TO   TO BUS  GNE BUS  TO LINE     FROM     TO     TO TIE  TO TIES
 X-- ZONE --X  RATION GENERATN   MOTORS     LOAD    SHUNT  DEVICES    SHUNT CHARGING   LOSSES    LINES  + LOADS

   10           159.0      0.0      0.0     50.0      0.0      0.0      0.0      0.0      2.5    106.5    106.5
 Z10_500        140.0      0.0      0.0     18.0     -0.0      0.0     -0.1     15.9     34.0    104.0    104.0

   20            45.0      0.0      0.0     40.0      0.0      0.0      0.0      0.0      0.5      4.5      4.5
 Z20_345_DC       8.6      0.0      0.0     14.0     -0.0      0.0     -0.1     10.1     98.1    -93.2    -93.2

   30             0.0      0.0      0.0     90.0      0.0      0.0      0.0      0.0      0.7    -90.7    -90.7
 Z30_Q_CTRL       0.0      0.0      0.0     36.0    -27.5      0.0     -0.0      7.2      7.3     -8.5     -8.5

   40            50.0      0.0      0.0     55.0      0.0      0.0      0.0      0.0      0.2     -5.2     -5.2
 Z40_XFMR        23.6      0.0      0.0     22.0     -0.0      0.0     -0.3      2.1      1.5      2.5      2.5

   50            30.0      0.0      0.0     45.0      0.0      0.0      0.0      0.0      0.1    -15.1    -15.1
 Z50_SWDEV       18.5      0.0      0.0     18.0     10.1      0.0     -0.0      6.1      1.2     -4.8     -4.8

 COLUMN         284.0      0.0      0.0    280.0      0.0      0.0      0.0      0.0      3.9      0.0      0.0
 TOTALS         190.7      0.0      0.0    108.0    -17.4      0.0     -0.4     41.5    142.0      0.0      0.0

 Output completed
 Batch command complete.
 : 
 Output completed
 Batch command complete.
 : 
 Case saved in file C:\Users\Santiago\Documents\PROYECTO FINAL DE CARRERA - MATPOWER\outputs\reanudacion_20260910\psse_suite\suite_s_30bus_pqbrak_high.sav on THU, SEP 10 2026  11:23
 Batch command complete.
 : 